// clang-format off
const unsigned char aftershock_structure_vert_spv[] = {
0x03, 0x02, 0x23, 0x07, 0x00, 0x03, 0x01, 0x00, 0x0B, 0x00, 
0x08, 0x00, 0x31, 0x09, 0x00, 0x00, 0x00, 0x00, 0x00, 0x00, 
0x11, 0x00, 0x02, 0x00, 0x01, 0x00, 0x00, 0x00, 0x0B, 0x00, 
0x06, 0x00, 0x01, 0x00, 0x00, 0x00, 0x47, 0x4C, 0x53, 0x4C, 
0x2E, 0x73, 0x74, 0x64, 0x2E, 0x34, 0x35, 0x30, 0x00, 0x00, 
0x00, 0x00, 0x0E, 0x00, 0x03, 0x00, 0x00, 0x00, 0x00, 0x00, 
0x01, 0x00, 0x00, 0x00, 0x0F, 0x00, 0x19, 0x00, 0x00, 0x00, 
0x00, 0x00, 0x04, 0x00, 0x00, 0x00, 0x6D, 0x61, 0x69, 0x6E, 
0x00, 0x00, 0x00, 0x00, 0x3B, 0x03, 0x00, 0x00, 0x3F, 0x03, 
0x00, 0x00, 0x4D, 0x03, 0x00, 0x00, 0x5D, 0x03, 0x00, 0x00, 
0x7D, 0x03, 0x00, 0x00, 0xE4, 0x06, 0x00, 0x00, 0xEB, 0x06, 
0x00, 0x00, 0x08, 0x07, 0x00, 0x00, 0x3F, 0x07, 0x00, 0x00, 
0x51, 0x07, 0x00, 0x00, 0xD6, 0x07, 0x00, 0x00, 0xDA, 0x07, 
0x00, 0x00, 0xDD, 0x07, 0x00, 0x00, 0xE7, 0x07, 0x00, 0x00, 
0xEC, 0x07, 0x00, 0x00, 0xFA, 0x07, 0x00, 0x00, 0xFD, 0x07, 
0x00, 0x00, 0xFF, 0x07, 0x00, 0x00, 0x02, 0x08, 0x00, 0x00, 
0x0E, 0x08, 0x00, 0x00, 0x03, 0x00, 0x03, 0x00, 0x02, 0x00, 
0x00, 0x00, 0xCC, 0x01, 0x00, 0x00, 0x04, 0x00, 0x0A, 0x00, 
0x47, 0x4C, 0x5F, 0x47, 0x4F, 0x4F, 0x47, 0x4C, 0x45, 0x5F, 
0x63, 0x70, 0x70, 0x5F, 0x73, 0x74, 0x79, 0x6C, 0x65, 0x5F, 
0x6C, 0x69, 0x6E, 0x65, 0x5F, 0x64, 0x69, 0x72, 0x65, 0x63, 
0x74, 0x69, 0x76, 0x65, 0x00, 0x00, 0x04, 0x00, 0x08, 0x00, 
0x47, 0x4C, 0x5F, 0x47, 0x4F, 0x4F, 0x47, 0x4C, 0x45, 0x5F, 
0x69, 0x6E, 0x63, 0x6C, 0x75, 0x64, 0x65, 0x5F, 0x64, 0x69, 
0x72, 0x65, 0x63, 0x74, 0x69, 0x76, 0x65, 0x00, 0x05, 0x00, 
0x04, 0x00, 0x04, 0x00, 0x00, 0x00, 0x6D, 0x61, 0x69, 0x6E, 
0x00, 0x00, 0x00, 0x00, 0x05, 0x00, 0x06, 0x00, 0x0A, 0x00, 
0x00, 0x00, 0x73, 0x68, 0x61, 0x70, 0x65, 0x48, 0x61, 0x73, 
0x68, 0x28, 0x75, 0x31, 0x3B, 0x00, 0x00, 0x00, 0x05, 0x00, 
0x03, 0x00, 0x09, 0x00, 0x00, 0x00, 0x78, 0x00, 0x00, 0x00, 
0x05, 0x00, 0x06, 0x00, 0x0F, 0x00, 0x00, 0x00, 0x72, 0x61, 
0x6E, 0x64, 0x6F, 0x6D, 0x53, 0x68, 0x61, 0x70, 0x65, 0x28, 
0x75, 0x31, 0x3B, 0x00, 0x05, 0x00, 0x03, 0x00, 0x0E, 0x00, 
0x00, 0x00, 0x78, 0x00, 0x00, 0x00, 0x05, 0x00, 0x06, 0x00, 
0x16, 0x00, 0x00, 0x00, 0x6F, 0x63, 0x74, 0x50, 0x6F, 0x69, 
0x6E, 0x74, 0x28, 0x69, 0x31, 0x3B, 0x00, 0x00, 0x00, 0x00, 
0x05, 0x00, 0x03, 0x00, 0x15, 0x00, 0x00, 0x00, 0x69, 0x00, 
0x00, 0x00, 0x05, 0x00, 0x06, 0x00, 0x1A, 0x00, 0x00, 0x00, 
0x73, 0x68, 0x61, 0x70, 0x65, 0x43, 0x6F, 0x75, 0x6E, 0x74, 
0x28, 0x69, 0x31, 0x3B, 0x00, 0x00, 0x05, 0x00, 0x04, 0x00, 
0x19, 0x00, 0x00, 0x00, 0x6D, 0x6F, 0x64, 0x65, 0x00, 0x00, 
0x00, 0x00, 0x05, 0x00, 0x0B, 0x00, 0x26, 0x00, 0x00, 0x00, 
0x73, 0x68, 0x61, 0x70, 0x65, 0x56, 0x65, 0x72, 0x74, 0x65, 
0x78, 0x28, 0x69, 0x31, 0x3B, 0x69, 0x31, 0x3B, 0x75, 0x31, 
0x3B, 0x76, 0x66, 0x33, 0x3B, 0x76, 0x66, 0x33, 0x3B, 0x76, 
0x66, 0x32, 0x3B, 0x00, 0x00, 0x00, 0x05, 0x00, 0x04, 0x00, 
0x20, 0x00, 0x00, 0x00, 0x6D, 0x6F, 0x64, 0x65, 0x00, 0x00, 
0x00, 0x00, 0x05, 0x00, 0x04, 0x00, 0x21, 0x00, 0x00, 0x00, 
0x76, 0x65, 0x72, 0x74, 0x65, 0x78, 0x00, 0x00, 0x05, 0x00, 
0x04, 0x00, 0x22, 0x00, 0x00, 0x00, 0x73, 0x65, 0x65, 0x64, 
0x00, 0x00, 0x00, 0x00, 0x05, 0x00, 0x03, 0x00, 0x23, 0x00, 
0x00, 0x00, 0x70, 0x00, 0x00, 0x00, 0x05, 0x00, 0x03, 0x00, 
0x24, 0x00, 0x00, 0x00, 0x6E, 0x00, 0x00, 0x00, 0x05, 0x00, 
0x04, 0x00, 0x25, 0x00, 0x00, 0x00, 0x64, 0x69, 0x73, 0x63, 
0x00, 0x00, 0x00, 0x00, 0x05, 0x00, 0x07, 0x00, 0x2B, 0x00, 
0x00, 0x00, 0x73, 0x68, 0x61, 0x70, 0x65, 0x52, 0x6F, 0x74, 
0x61, 0x74, 0x69, 0x6F, 0x6E, 0x28, 0x75, 0x31, 0x3B, 0x00, 
0x00, 0x00, 0x05, 0x00, 0x04, 0x00, 0x2A, 0x00, 0x00, 0x00, 
0x73, 0x65, 0x65, 0x64, 0x00, 0x00, 0x00, 0x00, 0x05, 0x00, 
0x04, 0x00, 0x43, 0x00, 0x00, 0x00, 0x70, 0x61, 0x72, 0x61, 
0x6D, 0x00, 0x00, 0x00, 0x05, 0x00, 0x04, 0x00, 0xA6, 0x00, 
0x00, 0x00, 0x70, 0x61, 0x72, 0x61, 0x6D, 0x00, 0x00, 0x00, 
0x05, 0x00, 0x03, 0x00, 0xAD, 0x00, 0x00, 0x00, 0x74, 0x72, 
0x69, 0x00, 0x05, 0x00, 0x03, 0x00, 0xB0, 0x00, 0x00, 0x00, 
0x6B, 0x00, 0x00, 0x00, 0x05, 0x00, 0x03, 0x00, 0xB8, 0x00, 
0x00, 0x00, 0x61, 0x00, 0x00, 0x00, 0x05, 0x00, 0x03, 0x00, 
0xDD, 0x00, 0x00, 0x00, 0x69, 0x64, 0x73, 0x00, 0x05, 0x00, 
0x03, 0x00, 0xE9, 0x00, 0x00, 0x00, 0x6A, 0x00, 0x00, 0x00, 
0x05, 0x00, 0x03, 0x00, 0xF3, 0x00, 0x00, 0x00, 0x71, 0x00, 
0x00, 0x00, 0x05, 0x00, 0x04, 0x00, 0xF6, 0x00, 0x00, 0x00, 
0x70, 0x61, 0x72, 0x61, 0x6D, 0x00, 0x00, 0x00, 0x05, 0x00, 
0x04, 0x00, 0x06, 0x01, 0x00, 0x00, 0x70, 0x61, 0x72, 0x61, 
0x6D, 0x00, 0x00, 0x00, 0x05, 0x00, 0x03, 0x00, 0x14, 0x01, 
0x00, 0x00, 0x6A, 0x00, 0x00, 0x00, 0x05, 0x00, 0x04, 0x00, 
0x43, 0x01, 0x00, 0x00, 0x66, 0x61, 0x63, 0x65, 0x00, 0x00, 
0x00, 0x00, 0x05, 0x00, 0x04, 0x00, 0x46, 0x01, 0x00, 0x00, 
0x61, 0x78, 0x69, 0x73, 0x00, 0x00, 0x00, 0x00, 0x05, 0x00, 
0x03, 0x00, 0x49, 0x01, 0x00, 0x00, 0x75, 0x00, 0x00, 0x00, 
0x05, 0x00, 0x03, 0x00, 0x4D, 0x01, 0x00, 0x00, 0x76, 0x00, 
0x00, 0x00, 0x05, 0x00, 0x04, 0x00, 0x54, 0x01, 0x00, 0x00, 
0x63, 0x6F, 0x72, 0x6E, 0x65, 0x72, 0x73, 0x00, 0x05, 0x00, 
0x03, 0x00, 0x56, 0x01, 0x00, 0x00, 0x63, 0x00, 0x00, 0x00, 
0x05, 0x00, 0x04, 0x00, 0x7D, 0x01, 0x00, 0x00, 0x66, 0x61, 
0x63, 0x65, 0x00, 0x00, 0x00, 0x00, 0x05, 0x00, 0x03, 0x00, 
0x80, 0x01, 0x00, 0x00, 0x73, 0x65, 0x67, 0x00, 0x05, 0x00, 
0x04, 0x00, 0x83, 0x01, 0x00, 0x00, 0x69, 0x6E, 0x64, 0x69, 
0x63, 0x65, 0x73, 0x00, 0x05, 0x00, 0x03, 0x00, 0x88, 0x01, 
0x00, 0x00, 0x61, 0x00, 0x00, 0x00, 0x05, 0x00, 0x03, 0x00, 
0x92, 0x01, 0x00, 0x00, 0x72, 0x00, 0x00, 0x00, 0x05, 0x00, 
0x04, 0x00, 0x9F, 0x01, 0x00, 0x00, 0x70, 0x61, 0x72, 0x61, 
0x6D, 0x00, 0x00, 0x00, 0x05, 0x00, 0x04, 0x00, 0xBF, 0x01, 
0x00, 0x00, 0x65, 0x64, 0x67, 0x65, 0x00, 0x00, 0x00, 0x00, 
0x05, 0x00, 0x03, 0x00, 0xC4, 0x01, 0x00, 0x00, 0x63, 0x00, 
0x00, 0x00, 0x05, 0x00, 0x03, 0x00, 0xCC, 0x01, 0x00, 0x00, 
0x65, 0x00, 0x00, 0x00, 0x05, 0x00, 0x03, 0x00, 0xD6, 0x01, 
0x00, 0x00, 0x61, 0x00, 0x00, 0x00, 0x05, 0x00, 0x03, 0x00, 
0xDB, 0x01, 0x00, 0x00, 0x72, 0x00, 0x00, 0x00, 0x05, 0x00, 
0x04, 0x00, 0xE1, 0x01, 0x00, 0x00, 0x70, 0x61, 0x72, 0x61, 
0x6D, 0x00, 0x00, 0x00, 0x05, 0x00, 0x04, 0x00, 0xFC, 0x01, 
0x00, 0x00, 0x72, 0x69, 0x62, 0x62, 0x6F, 0x6E, 0x00, 0x00, 
0x05, 0x00, 0x04, 0x00, 0x00, 0x02, 0x00, 0x00, 0x73, 0x65, 
0x67, 0x6D, 0x65, 0x6E, 0x74, 0x00, 0x05, 0x00, 0x04, 0x00, 
0x04, 0x02, 0x00, 0x00, 0x69, 0x6E, 0x64, 0x69, 0x63, 0x65, 
0x73, 0x00, 0x05, 0x00, 0x03, 0x00, 0x05, 0x02, 0x00, 0x00, 
0x63, 0x00, 0x00, 0x00, 0x05, 0x00, 0x03, 0x00, 0x0A, 0x02, 
0x00, 0x00, 0x74, 0x00, 0x00, 0x00, 0x05, 0x00, 0x04, 0x00, 
0x12, 0x02, 0x00, 0x00, 0x73, 0x69, 0x64, 0x65, 0x00, 0x00, 
0x00, 0x00, 0x05, 0x00, 0x04, 0x00, 0x19, 0x02, 0x00, 0x00, 
0x70, 0x68, 0x61, 0x73, 0x65, 0x00, 0x00, 0x00, 0x05, 0x00, 
0x04, 0x00, 0x1A, 0x02, 0x00, 0x00, 0x70, 0x61, 0x72, 0x61, 
0x6D, 0x00, 0x00, 0x00, 0x05, 0x00, 0x04, 0x00, 0x5B, 0x02, 
0x00, 0x00, 0x63, 0x65, 0x6C, 0x6C, 0x00, 0x00, 0x00, 0x00, 
0x05, 0x00, 0x04, 0x00, 0x5E, 0x02, 0x00, 0x00, 0x72, 0x69, 
0x6E, 0x67, 0x00, 0x00, 0x00, 0x00, 0x05, 0x00, 0x04, 0x00, 
0x62, 0x02, 0x00, 0x00, 0x73, 0x65, 0x67, 0x6D, 0x65, 0x6E, 
0x74, 0x00, 0x05, 0x00, 0x03, 0x00, 0x65, 0x02, 0x00, 0x00, 
0x69, 0x64, 0x73, 0x00, 0x05, 0x00, 0x03, 0x00, 0x66, 0x02, 
0x00, 0x00, 0x63, 0x00, 0x00, 0x00, 0x05, 0x00, 0x03, 0x00, 
0x6B, 0x02, 0x00, 0x00, 0x61, 0x00, 0x00, 0x00, 0x05, 0x00, 
0x03, 0x00, 0x77, 0x02, 0x00, 0x00, 0x62, 0x00, 0x00, 0x00, 
0x05, 0x00, 0x04, 0x00, 0xB3, 0x02, 0x00, 0x00, 0x6C, 0x6F, 
0x62, 0x65, 0x00, 0x00, 0x00, 0x00, 0x05, 0x00, 0x04, 0x00, 
0xB8, 0x02, 0x00, 0x00, 0x70, 0x61, 0x72, 0x61, 0x6D, 0x00, 
0x00, 0x00, 0x05, 0x00, 0x04, 0x00, 0xCE, 0x02, 0x00, 0x00, 
0x61, 0x78, 0x69, 0x73, 0x00, 0x00, 0x00, 0x00, 0x05, 0x00, 
0x04, 0x00, 0xD1, 0x02, 0x00, 0x00, 0x70, 0x61, 0x72, 0x61, 
0x6D, 0x00, 0x00, 0x00, 0x05, 0x00, 0x04, 0x00, 0xD6, 0x02, 
0x00, 0x00, 0x70, 0x61, 0x72, 0x61, 0x6D, 0x00, 0x00, 0x00, 
0x05, 0x00, 0x04, 0x00, 0xDB, 0x02, 0x00, 0x00, 0x70, 0x61, 
0x72, 0x61, 0x6D, 0x00, 0x00, 0x00, 0x05, 0x00, 0x03, 0x00, 
0xE1, 0x02, 0x00, 0x00, 0x61, 0x00, 0x00, 0x00, 0x05, 0x00, 
0x04, 0x00, 0xE5, 0x02, 0x00, 0x00, 0x70, 0x61, 0x72, 0x61, 
0x6D, 0x00, 0x00, 0x00, 0x05, 0x00, 0x03, 0x00, 0xE8, 0x02, 
0x00, 0x00, 0x63, 0x00, 0x00, 0x00, 0x05, 0x00, 0x03, 0x00, 
0xEB, 0x02, 0x00, 0x00, 0x73, 0x00, 0x00, 0x00, 0x05, 0x00, 
0x03, 0x00, 0xEE, 0x02, 0x00, 0x00, 0x74, 0x00, 0x00, 0x00, 
0x05, 0x00, 0x05, 0x00, 0x3B, 0x03, 0x00, 0x00, 0x6F, 0x75, 
0x74, 0x5F, 0x61, 0x63, 0x63, 0x65, 0x6E, 0x74, 0x00, 0x00, 
0x05, 0x00, 0x04, 0x00, 0x3D, 0x03, 0x00, 0x00, 0x6D, 0x6F, 
0x64, 0x65, 0x00, 0x00, 0x00, 0x00, 0x05, 0x00, 0x05, 0x00, 
0x3F, 0x03, 0x00, 0x00, 0x6E, 0x6F, 0x72, 0x6D, 0x61, 0x6C, 
0x5F, 0x6D, 0x6F, 0x64, 0x65, 0x00, 0x05, 0x00, 0x04, 0x00, 
0x45, 0x03, 0x00, 0x00, 0x6C, 0x61, 0x79, 0x65, 0x72, 0x00, 
0x00, 0x00, 0x05, 0x00, 0x05, 0x00, 0x4B, 0x03, 0x00, 0x00, 
0x73, 0x61, 0x6D, 0x70, 0x6C, 0x65, 0x70, 0x6F, 0x73, 0x00, 
0x00, 0x00, 0x05, 0x00, 0x04, 0x00, 0x4D, 0x03, 0x00, 0x00, 
0x70, 0x61, 0x63, 0x6B, 0x65, 0x64, 0x00, 0x00, 0x05, 0x00, 
0x04, 0x00, 0x56, 0x03, 0x00, 0x00, 0x73, 0x65, 0x65, 0x64, 
0x00, 0x00, 0x00, 0x00, 0x05, 0x00, 0x03, 0x00, 0x5D, 0x03, 
0x00, 0x00, 0x74, 0x65, 0x78, 0x00, 0x05, 0x00, 0x04, 0x00, 
0x66, 0x03, 0x00, 0x00, 0x70, 0x61, 0x72, 0x61, 0x6D, 0x00, 
0x00, 0x00, 0x05, 0x00, 0x05, 0x00, 0x6E, 0x03, 0x00, 0x00, 
0x62, 0x6F, 0x75, 0x6E, 0x64, 0x61, 0x72, 0x79, 0x00, 0x00, 
0x00, 0x00, 0x05, 0x00, 0x05, 0x00, 0x75, 0x03, 0x00, 0x00, 
0x66, 0x69, 0x64, 0x65, 0x6C, 0x69, 0x74, 0x79, 0x00, 0x00, 
0x00, 0x00, 0x05, 0x00, 0x04, 0x00, 0x7C, 0x03, 0x00, 0x00, 
0x73, 0x74, 0x65, 0x70, 0x00, 0x00, 0x00, 0x00, 0x05, 0x00, 
0x04, 0x00, 0x7D, 0x03, 0x00, 0x00, 0x6F, 0x72, 0x69, 0x67, 
0x69, 0x6E, 0x00, 0x00, 0x05, 0x00, 0x04, 0x00, 0x89, 0x03, 
0x00, 0x00, 0x70, 0x61, 0x72, 0x61, 0x6D, 0x00, 0x00, 0x00, 
0x05, 0x00, 0x04, 0x00, 0x8E, 0x03, 0x00, 0x00, 0x70, 0x61, 
0x72, 0x61, 0x6D, 0x00, 0x00, 0x00, 0x05, 0x00, 0x04, 0x00, 
0xA1, 0x03, 0x00, 0x00, 0x63, 0x65, 0x6C, 0x6C, 0x00, 0x00, 
0x00, 0x00, 0x05, 0x00, 0x04, 0x00, 0xAE, 0x03, 0x00, 0x00, 
0x73, 0x68, 0x69, 0x66, 0x74, 0x00, 0x00, 0x00, 0x05, 0x00, 
0x04, 0x00, 0xBA, 0x03, 0x00, 0x00, 0x70, 0x61, 0x72, 0x61, 
0x6D, 0x00, 0x00, 0x00, 0x05, 0x00, 0x04, 0x00, 0xBC, 0x03, 
0x00, 0x00, 0x69, 0x6E, 0x64, 0x65, 0x78, 0x00, 0x00, 0x00, 
0x05, 0x00, 0x05, 0x00, 0xD7, 0x06, 0x00, 0x00, 0x69, 0x6E, 
0x64, 0x65, 0x78, 0x61, 0x62, 0x6C, 0x65, 0x00, 0x00, 0x00, 
0x05, 0x00, 0x04, 0x00, 0xDD, 0x06, 0x00, 0x00, 0x6E, 0x6F, 
0x72, 0x6D, 0x61, 0x6C, 0x00, 0x00, 0x05, 0x00, 0x04, 0x00, 
0xE1, 0x06, 0x00, 0x00, 0x63, 0x65, 0x6E, 0x74, 0x65, 0x72, 
0x00, 0x00, 0x05, 0x00, 0x04, 0x00, 0xE4, 0x06, 0x00, 0x00, 
0x73, 0x61, 0x78, 0x69, 0x73, 0x00, 0x00, 0x00, 0x05, 0x00, 
0x04, 0x00, 0xEB, 0x06, 0x00, 0x00, 0x74, 0x61, 0x78, 0x69, 
0x73, 0x00, 0x00, 0x00, 0x05, 0x00, 0x04, 0x00, 0xFB, 0x06, 
0x00, 0x00, 0x70, 0x61, 0x72, 0x61, 0x6D, 0x00, 0x00, 0x00, 
0x05, 0x00, 0x05, 0x00, 0x06, 0x07, 0x00, 0x00, 0x64, 0x69, 
0x73, 0x74, 0x61, 0x6E, 0x63, 0x65, 0x00, 0x00, 0x00, 0x00, 
0x05, 0x00, 0x04, 0x00, 0x08, 0x07, 0x00, 0x00, 0x77, 0x61, 
0x76, 0x65, 0x00, 0x00, 0x00, 0x00, 0x05, 0x00, 0x04, 0x00, 
0x0D, 0x07, 0x00, 0x00, 0x72, 0x69, 0x6E, 0x67, 0x00, 0x00, 
0x00, 0x00, 0x05, 0x00, 0x03, 0x00, 0x29, 0x07, 0x00, 0x00, 
0x72, 0x69, 0x6D, 0x00, 0x05, 0x00, 0x04, 0x00, 0x3F, 0x07, 
0x00, 0x00, 0x61, 0x63, 0x63, 0x65, 0x6E, 0x74, 0x00, 0x00, 
0x05, 0x00, 0x04, 0x00, 0x4E, 0x07, 0x00, 0x00, 0x63, 0x6F, 
0x72, 0x6E, 0x65, 0x72, 0x73, 0x00, 0x05, 0x00, 0x03, 0x00, 
0x4F, 0x07, 0x00, 0x00, 0x63, 0x00, 0x00, 0x00, 0x05, 0x00, 
0x06, 0x00, 0x51, 0x07, 0x00, 0x00, 0x67, 0x6C, 0x5F, 0x56, 
0x65, 0x72, 0x74, 0x65, 0x78, 0x49, 0x6E, 0x64, 0x65, 0x78, 
0x00, 0x00, 0x05, 0x00, 0x04, 0x00, 0x56, 0x07, 0x00, 0x00, 
0x63, 0x6F, 0x72, 0x6E, 0x65, 0x72, 0x00, 0x00, 0x05, 0x00, 
0x04, 0x00, 0x63, 0x07, 0x00, 0x00, 0x72, 0x61, 0x64, 0x69, 
0x75, 0x73, 0x00, 0x00, 0x05, 0x00, 0x04, 0x00, 0x6E, 0x07, 
0x00, 0x00, 0x70, 0x61, 0x72, 0x61, 0x6D, 0x00, 0x00, 0x00, 
0x05, 0x00, 0x04, 0x00, 0x7F, 0x07, 0x00, 0x00, 0x63, 0x6C, 
0x69, 0x70, 0x00, 0x00, 0x00, 0x00, 0x05, 0x00, 0x05, 0x00, 
0x81, 0x07, 0x00, 0x00, 0x50, 0x75, 0x73, 0x68, 0x43, 0x6F, 
0x6E, 0x73, 0x74, 0x73, 0x00, 0x00, 0x06, 0x00, 0x04, 0x00, 
0x81, 0x07, 0x00, 0x00, 0x00, 0x00, 0x00, 0x00, 0x6D, 0x76, 
0x70, 0x00, 0x06, 0x00, 0x06, 0x00, 0x81, 0x07, 0x00, 0x00, 
0x01, 0x00, 0x00, 0x00, 0x66, 0x6F, 0x67, 0x5F, 0x63, 0x6F, 
0x6C, 0x6F, 0x72, 0x00, 0x00, 0x00, 0x06, 0x00, 0x06, 0x00, 
0x81, 0x07, 0x00, 0x00, 0x02, 0x00, 0x00, 0x00, 0x66, 0x6F, 
0x67, 0x5F, 0x64, 0x65, 0x6E, 0x73, 0x69, 0x74, 0x79, 0x00, 
0x06, 0x00, 0x05, 0x00, 0x81, 0x07, 0x00, 0x00, 0x03, 0x00, 
0x00, 0x00, 0x61, 0x6C, 0x70, 0x68, 0x61, 0x00, 0x00, 0x00, 
0x06, 0x00, 0x07, 0x00, 0x81, 0x07, 0x00, 0x00, 0x04, 0x00, 
0x00, 0x00, 0x69, 0x6E, 0x73, 0x74, 0x61, 0x6E, 0x63, 0x65, 
0x5F, 0x62, 0x61, 0x73, 0x65, 0x00, 0x00, 0x00, 0x05, 0x00, 
0x03, 0x00, 0x83, 0x07, 0x00, 0x00, 0x70, 0x63, 0x00, 0x00, 
0x05, 0x00, 0x04, 0x00, 0x98, 0x07, 0x00, 0x00, 0x70, 0x61, 
0x72, 0x61, 0x6D, 0x00, 0x00, 0x00, 0x05, 0x00, 0x05, 0x00, 
0xAA, 0x07, 0x00, 0x00, 0x70, 0x72, 0x6F, 0x6A, 0x65, 0x63, 
0x74, 0x69, 0x6F, 0x6E, 0x00, 0x00, 0x05, 0x00, 0x06, 0x00, 
0xD4, 0x07, 0x00, 0x00, 0x67, 0x6C, 0x5F, 0x50, 0x65, 0x72, 
0x56, 0x65, 0x72, 0x74, 0x65, 0x78, 0x00, 0x00, 0x00, 0x00, 
0x06, 0x00, 0x06, 0x00, 0xD4, 0x07, 0x00, 0x00, 0x00, 0x00, 
0x00, 0x00, 0x67, 0x6C, 0x5F, 0x50, 0x6F, 0x73, 0x69, 0x74, 
0x69, 0x6F, 0x6E, 0x00, 0x06, 0x00, 0x07, 0x00, 0xD4, 0x07, 
0x00, 0x00, 0x01, 0x00, 0x00, 0x00, 0x67, 0x6C, 0x5F, 0x50, 
0x6F, 0x69, 0x6E, 0x74, 0x53, 0x69, 0x7A, 0x65, 0x00, 0x00, 
0x00, 0x00, 0x06, 0x00, 0x07, 0x00, 0xD4, 0x07, 0x00, 0x00, 
0x02, 0x00, 0x00, 0x00, 0x67, 0x6C, 0x5F, 0x43, 0x6C, 0x69, 
0x70, 0x44, 0x69, 0x73, 0x74, 0x61, 0x6E, 0x63, 0x65, 0x00, 
0x06, 0x00, 0x07, 0x00, 0xD4, 0x07, 0x00, 0x00, 0x03, 0x00, 
0x00, 0x00, 0x67, 0x6C, 0x5F, 0x43, 0x75, 0x6C, 0x6C, 0x44, 
0x69, 0x73, 0x74, 0x61, 0x6E, 0x63, 0x65, 0x00, 0x05, 0x00, 
0x03, 0x00, 0xD6, 0x07, 0x00, 0x00, 0x00, 0x00, 0x00, 0x00, 
0x05, 0x00, 0x07, 0x00, 0xDA, 0x07, 0x00, 0x00, 0x6F, 0x75, 
0x74, 0x5F, 0x66, 0x6F, 0x67, 0x5F, 0x66, 0x72, 0x61, 0x67, 
0x5F, 0x63, 0x6F, 0x6F, 0x72, 0x64, 0x00, 0x00, 0x05, 0x00, 
0x06, 0x00, 0xDD, 0x07, 0x00, 0x00, 0x6F, 0x75, 0x74, 0x5F, 
0x74, 0x65, 0x78, 0x63, 0x6F, 0x6F, 0x72, 0x64, 0x73, 0x00, 
0x00, 0x00, 0x05, 0x00, 0x06, 0x00, 0xE7, 0x07, 0x00, 0x00, 
0x73, 0x75, 0x72, 0x66, 0x61, 0x63, 0x65, 0x5F, 0x70, 0x61, 
0x72, 0x61, 0x6D, 0x73, 0x00, 0x00, 0x05, 0x00, 0x05, 0x00, 
0xEC, 0x07, 0x00, 0x00, 0x6C, 0x69, 0x67, 0x68, 0x74, 0x6D, 
0x61, 0x70, 0x00, 0x00, 0x00, 0x00, 0x05, 0x00, 0x05, 0x00, 
0xFA, 0x07, 0x00, 0x00, 0x6F, 0x75, 0x74, 0x5F, 0x63, 0x6F, 
0x72, 0x6E, 0x65, 0x72, 0x00, 0x00, 0x05, 0x00, 0x05, 0x00, 
0xFD, 0x07, 0x00, 0x00, 0x6F, 0x75, 0x74, 0x5F, 0x73, 0x74, 
0x79, 0x6C, 0x65, 0x00, 0x00, 0x00, 0x05, 0x00, 0x06, 0x00, 
0xFF, 0x07, 0x00, 0x00, 0x6F, 0x75, 0x74, 0x5F, 0x6D, 0x61, 
0x74, 0x65, 0x72, 0x69, 0x61, 0x6C, 0x00, 0x00, 0x00, 0x00, 
0x05, 0x00, 0x05, 0x00, 0x02, 0x08, 0x00, 0x00, 0x6F, 0x75, 
0x74, 0x5F, 0x67, 0x72, 0x61, 0x69, 0x6E, 0x00, 0x00, 0x00, 
0x05, 0x00, 0x04, 0x00, 0x08, 0x08, 0x00, 0x00, 0x70, 0x61, 
0x72, 0x61, 0x6D, 0x00, 0x00, 0x00, 0x05, 0x00, 0x05, 0x00, 
0x0E, 0x08, 0x00, 0x00, 0x6F, 0x75, 0x74, 0x5F, 0x73, 0x68, 
0x61, 0x70, 0x65, 0x00, 0x00, 0x00, 0x05, 0x00, 0x04, 0x00, 
0x22, 0x08, 0x00, 0x00, 0x70, 0x61, 0x72, 0x61, 0x6D, 0x00, 
0x00, 0x00, 0x05, 0x00, 0x04, 0x00, 0x2E, 0x08, 0x00, 0x00, 
0x61, 0x63, 0x74, 0x75, 0x61, 0x6C, 0x00, 0x00, 0x05, 0x00, 
0x04, 0x00, 0x37, 0x08, 0x00, 0x00, 0x63, 0x68, 0x6F, 0x69, 
0x63, 0x65, 0x73, 0x00, 0x05, 0x00, 0x04, 0x00, 0x39, 0x08, 
0x00, 0x00, 0x70, 0x61, 0x72, 0x61, 0x6D, 0x00, 0x00, 0x00, 
0x05, 0x00, 0x03, 0x00, 0x40, 0x08, 0x00, 0x00, 0x70, 0x00, 
0x00, 0x00, 0x05, 0x00, 0x03, 0x00, 0x41, 0x08, 0x00, 0x00, 
0x6E, 0x00, 0x00, 0x00, 0x05, 0x00, 0x04, 0x00, 0x42, 0x08, 
0x00, 0x00, 0x64, 0x69, 0x73, 0x63, 0x00, 0x00, 0x00, 0x00, 
0x05, 0x00, 0x04, 0x00, 0x43, 0x08, 0x00, 0x00, 0x70, 0x61, 
0x72, 0x61, 0x6D, 0x00, 0x00, 0x00, 0x05, 0x00, 0x04, 0x00, 
0x45, 0x08, 0x00, 0x00, 0x70, 0x61, 0x72, 0x61, 0x6D, 0x00, 
0x00, 0x00, 0x05, 0x00, 0x04, 0x00, 0x47, 0x08, 0x00, 0x00, 
0x70, 0x61, 0x72, 0x61, 0x6D, 0x00, 0x00, 0x00, 0x05, 0x00, 
0x04, 0x00, 0x49, 0x08, 0x00, 0x00, 0x70, 0x61, 0x72, 0x61, 
0x6D, 0x00, 0x00, 0x00, 0x05, 0x00, 0x04, 0x00, 0x4A, 0x08, 
0x00, 0x00, 0x70, 0x61, 0x72, 0x61, 0x6D, 0x00, 0x00, 0x00, 
0x05, 0x00, 0x04, 0x00, 0x4B, 0x08, 0x00, 0x00, 0x70, 0x61, 
0x72, 0x61, 0x6D, 0x00, 0x00, 0x00, 0x05, 0x00, 0x04, 0x00, 
0x50, 0x08, 0x00, 0x00, 0x6E, 0x6F, 0x72, 0x6D, 0x61, 0x6C, 
0x00, 0x00, 0x05, 0x00, 0x03, 0x00, 0x54, 0x08, 0x00, 0x00, 
0x73, 0x00, 0x00, 0x00, 0x05, 0x00, 0x03, 0x00, 0x58, 0x08, 
0x00, 0x00, 0x74, 0x00, 0x00, 0x00, 0x05, 0x00, 0x04, 0x00, 
0x5E, 0x08, 0x00, 0x00, 0x62, 0x61, 0x73, 0x69, 0x73, 0x00, 
0x00, 0x00, 0x05, 0x00, 0x05, 0x00, 0x6F, 0x08, 0x00, 0x00, 
0x72, 0x6F, 0x74, 0x61, 0x74, 0x69, 0x6F, 0x6E, 0x00, 0x00, 
0x00, 0x00, 0x05, 0x00, 0x04, 0x00, 0x70, 0x08, 0x00, 0x00, 
0x70, 0x61, 0x72, 0x61, 0x6D, 0x00, 0x00, 0x00, 0x05, 0x00, 
0x03, 0x00, 0x7D, 0x08, 0x00, 0x00, 0x61, 0x00, 0x00, 0x00, 
0x05, 0x00, 0x04, 0x00, 0x81, 0x08, 0x00, 0x00, 0x70, 0x61, 
0x72, 0x61, 0x6D, 0x00, 0x00, 0x00, 0x05, 0x00, 0x04, 0x00, 
0x98, 0x08, 0x00, 0x00, 0x72, 0x61, 0x64, 0x69, 0x75, 0x73, 
0x00, 0x00, 0x05, 0x00, 0x04, 0x00, 0xA7, 0x08, 0x00, 0x00, 
0x70, 0x61, 0x72, 0x61, 0x6D, 0x00, 0x00, 0x00, 0x05, 0x00, 
0x04, 0x00, 0xBF, 0x08, 0x00, 0x00, 0x63, 0x65, 0x6E, 0x74, 
0x65, 0x72, 0x00, 0x00, 0x05, 0x00, 0x04, 0x00, 0xD7, 0x08, 
0x00, 0x00, 0x70, 0x61, 0x72, 0x61, 0x6D, 0x00, 0x00, 0x00, 
0x05, 0x00, 0x04, 0x00, 0xDE, 0x08, 0x00, 0x00, 0x63, 0x6C, 
0x69, 0x70, 0x00, 0x00, 0x00, 0x00, 0x05, 0x00, 0x04, 0x00, 
0x1F, 0x09, 0x00, 0x00, 0x70, 0x61, 0x72, 0x61, 0x6D, 0x00, 
0x00, 0x00, 0x47, 0x00, 0x04, 0x00, 0x3B, 0x03, 0x00, 0x00, 
0x1E, 0x00, 0x00, 0x00, 0x07, 0x00, 0x00, 0x00, 0x47, 0x00, 
0x04, 0x00, 0x3F, 0x03, 0x00, 0x00, 0x1E, 0x00, 0x00, 0x00, 
0x07, 0x00, 0x00, 0x00, 0x47, 0x00, 0x04, 0x00, 0x4D, 0x03, 
0x00, 0x00, 0x1E, 0x00, 0x00, 0x00, 0x00, 0x00, 0x00, 0x00, 
0x47, 0x00, 0x04, 0x00, 0x5D, 0x03, 0x00, 0x00, 0x1E, 0x00, 
0x00, 0x00, 0x04, 0x00, 0x00, 0x00, 0x47, 0x00, 0x04, 0x00, 
0x7D, 0x03, 0x00, 0x00, 0x1E, 0x00, 0x00, 0x00, 0x01, 0x00, 
0x00, 0x00, 0x47, 0x00, 0x04, 0x00, 0xE4, 0x06, 0x00, 0x00, 
0x1E, 0x00, 0x00, 0x00, 0x02, 0x00, 0x00, 0x00, 0x47, 0x00, 
0x04, 0x00, 0xEB, 0x06, 0x00, 0x00, 0x1E, 0x00, 0x00, 0x00, 
0x03, 0x00, 0x00, 0x00, 0x47, 0x00, 0x04, 0x00, 0x08, 0x07, 
0x00, 0x00, 0x1E, 0x00, 0x00, 0x00, 0x08, 0x00, 0x00, 0x00, 
0x47, 0x00, 0x04, 0x00, 0x3F, 0x07, 0x00, 0x00, 0x1E, 0x00, 
0x00, 0x00, 0x09, 0x00, 0x00, 0x00, 0x47, 0x00, 0x04, 0x00, 
0x51, 0x07, 0x00, 0x00, 0x0B, 0x00, 0x00, 0x00, 0x2A, 0x00, 
0x00, 0x00, 0x47, 0x00, 0x03, 0x00, 0x81, 0x07, 0x00, 0x00, 
0x02, 0x00, 0x00, 0x00, 0x48, 0x00, 0x04, 0x00, 0x81, 0x07, 
0x00, 0x00, 0x00, 0x00, 0x00, 0x00, 0x05, 0x00, 0x00, 0x00, 
0x48, 0x00, 0x05, 0x00, 0x81, 0x07, 0x00, 0x00, 0x00, 0x00, 
0x00, 0x00, 0x07, 0x00, 0x00, 0x00, 0x10, 0x00, 0x00, 0x00, 
0x48, 0x00, 0x05, 0x00, 0x81, 0x07, 0x00, 0x00, 0x00, 0x00, 
0x00, 0x00, 0x23, 0x00, 0x00, 0x00, 0x00, 0x00, 0x00, 0x00, 
0x48, 0x00, 0x05, 0x00, 0x81, 0x07, 0x00, 0x00, 0x01, 0x00, 
0x00, 0x00, 0x23, 0x00, 0x00, 0x00, 0x40, 0x00, 0x00, 0x00, 
0x48, 0x00, 0x05, 0x00, 0x81, 0x07, 0x00, 0x00, 0x02, 0x00, 
0x00, 0x00, 0x23, 0x00, 0x00, 0x00, 0x4C, 0x00, 0x00, 0x00, 
0x48, 0x00, 0x05, 0x00, 0x81, 0x07, 0x00, 0x00, 0x03, 0x00, 
0x00, 0x00, 0x23, 0x00, 0x00, 0x00, 0x50, 0x00, 0x00, 0x00, 
0x48, 0x00, 0x05, 0x00, 0x81, 0x07, 0x00, 0x00, 0x04, 0x00, 
0x00, 0x00, 0x23, 0x00, 0x00, 0x00, 0x54, 0x00, 0x00, 0x00, 
0x47, 0x00, 0x03, 0x00, 0xD4, 0x07, 0x00, 0x00, 0x02, 0x00, 
0x00, 0x00, 0x48, 0x00, 0x05, 0x00, 0xD4, 0x07, 0x00, 0x00, 
0x00, 0x00, 0x00, 0x00, 0x0B, 0x00, 0x00, 0x00, 0x00, 0x00, 
0x00, 0x00, 0x48, 0x00, 0x05, 0x00, 0xD4, 0x07, 0x00, 0x00, 
0x01, 0x00, 0x00, 0x00, 0x0B, 0x00, 0x00, 0x00, 0x01, 0x00, 
0x00, 0x00, 0x48, 0x00, 0x05, 0x00, 0xD4, 0x07, 0x00, 0x00, 
0x02, 0x00, 0x00, 0x00, 0x0B, 0x00, 0x00, 0x00, 0x03, 0x00, 
0x00, 0x00, 0x48, 0x00, 0x05, 0x00, 0xD4, 0x07, 0x00, 0x00, 
0x03, 0x00, 0x00, 0x00, 0x0B, 0x00, 0x00, 0x00, 0x04, 0x00, 
0x00, 0x00, 0x47, 0x00, 0x04, 0x00, 0xDA, 0x07, 0x00, 0x00, 
0x1E, 0x00, 0x00, 0x00, 0x01, 0x00, 0x00, 0x00, 0x47, 0x00, 
0x04, 0x00, 0xDD, 0x07, 0x00, 0x00, 0x1E, 0x00, 0x00, 0x00, 
0x00, 0x00, 0x00, 0x00, 0x47, 0x00, 0x04, 0x00, 0xE7, 0x07, 
0x00, 0x00, 0x1E, 0x00, 0x00, 0x00, 0x06, 0x00, 0x00, 0x00, 
0x47, 0x00, 0x04, 0x00, 0xEC, 0x07, 0x00, 0x00, 0x1E, 0x00, 
0x00, 0x00, 0x05, 0x00, 0x00, 0x00, 0x47, 0x00, 0x04, 0x00, 
0xFA, 0x07, 0x00, 0x00, 0x1E, 0x00, 0x00, 0x00, 0x02, 0x00, 
0x00, 0x00, 0x47, 0x00, 0x03, 0x00, 0xFD, 0x07, 0x00, 0x00, 
0x0E, 0x00, 0x00, 0x00, 0x47, 0x00, 0x04, 0x00, 0xFD, 0x07, 
0x00, 0x00, 0x1E, 0x00, 0x00, 0x00, 0x03, 0x00, 0x00, 0x00, 
0x47, 0x00, 0x03, 0x00, 0xFF, 0x07, 0x00, 0x00, 0x0E, 0x00, 
0x00, 0x00, 0x47, 0x00, 0x04, 0x00, 0xFF, 0x07, 0x00, 0x00, 
0x1E, 0x00, 0x00, 0x00, 0x04, 0x00, 0x00, 0x00, 0x47, 0x00, 
0x03, 0x00, 0x02, 0x08, 0x00, 0x00, 0x0E, 0x00, 0x00, 0x00, 
0x47, 0x00, 0x04, 0x00, 0x02, 0x08, 0x00, 0x00, 0x1E, 0x00, 
0x00, 0x00, 0x05, 0x00, 0x00, 0x00, 0x47, 0x00, 0x04, 0x00, 
0x0E, 0x08, 0x00, 0x00, 0x1E, 0x00, 0x00, 0x00, 0x06, 0x00, 
0x00, 0x00, 0x13, 0x00, 0x02, 0x00, 0x02, 0x00, 0x00, 0x00, 
0x21, 0x00, 0x03, 0x00, 0x03, 0x00, 0x00, 0x00, 0x02, 0x00, 
0x00, 0x00, 0x15, 0x00, 0x04, 0x00, 0x06, 0x00, 0x00, 0x00, 
0x20, 0x00, 0x00, 0x00, 0x00, 0x00, 0x00, 0x00, 0x20, 0x00, 
0x04, 0x00, 0x07, 0x00, 0x00, 0x00, 0x07, 0x00, 0x00, 0x00, 
0x06, 0x00, 0x00, 0x00, 0x21, 0x00, 0x04, 0x00, 0x08, 0x00, 
0x00, 0x00, 0x06, 0x00, 0x00, 0x00, 0x07, 0x00, 0x00, 0x00, 
0x16, 0x00, 0x03, 0x00, 0x0C, 0x00, 0x00, 0x00, 0x20, 0x00, 
0x00, 0x00, 0x21, 0x00, 0x04, 0x00, 0x0D, 0x00, 0x00, 0x00, 
0x0C, 0x00, 0x00, 0x00, 0x07, 0x00, 0x00, 0x00, 0x15, 0x00, 
0x04, 0x00, 0x11, 0x00, 0x00, 0x00, 0x20, 0x00, 0x00, 0x00, 
0x01, 0x00, 0x00, 0x00, 0x20, 0x00, 0x04, 0x00, 0x12, 0x00, 
0x00, 0x00, 0x07, 0x00, 0x00, 0x00, 0x11, 0x00, 0x00, 0x00, 
0x17, 0x00, 0x04, 0x00, 0x13, 0x00, 0x00, 0x00, 0x0C, 0x00, 
0x00, 0x00, 0x03, 0x00, 0x00, 0x00, 0x21, 0x00, 0x04, 0x00, 
0x14, 0x00, 0x00, 0x00, 0x13, 0x00, 0x00, 0x00, 0x12, 0x00, 
0x00, 0x00, 0x21, 0x00, 0x04, 0x00, 0x18, 0x00, 0x00, 0x00, 
0x11, 0x00, 0x00, 0x00, 0x12, 0x00, 0x00, 0x00, 0x20, 0x00, 
0x04, 0x00, 0x1C, 0x00, 0x00, 0x00, 0x07, 0x00, 0x00, 0x00, 
0x13, 0x00, 0x00, 0x00, 0x17, 0x00, 0x04, 0x00, 0x1D, 0x00, 
0x00, 0x00, 0x0C, 0x00, 0x00, 0x00, 0x02, 0x00, 0x00, 0x00, 
0x20, 0x00, 0x04, 0x00, 0x1E, 0x00, 0x00, 0x00, 0x07, 0x00, 
0x00, 0x00, 0x1D, 0x00, 0x00, 0x00, 0x21, 0x00, 0x09, 0x00, 
0x1F, 0x00, 0x00, 0x00, 0x02, 0x00, 0x00, 0x00, 0x12, 0x00, 
0x00, 0x00, 0x12, 0x00, 0x00, 0x00, 0x07, 0x00, 0x00, 0x00, 
0x1C, 0x00, 0x00, 0x00, 0x1C, 0x00, 0x00, 0x00, 0x1E, 0x00, 
0x00, 0x00, 0x18, 0x00, 0x04, 0x00, 0x28, 0x00, 0x00, 0x00, 
0x13, 0x00, 0x00, 0x00, 0x03, 0x00, 0x00, 0x00, 0x21, 0x00, 
0x04, 0x00, 0x29, 0x00, 0x00, 0x00, 0x28, 0x00, 0x00, 0x00, 
0x07, 0x00, 0x00, 0x00, 0x2B, 0x00, 0x04, 0x00, 0x11, 0x00, 
0x00, 0x00, 0x2E, 0x00, 0x00, 0x00, 0x10, 0x00, 0x00, 0x00, 
0x2B, 0x00, 0x04, 0x00, 0x06, 0x00, 0x00, 0x00, 0x32, 0x00, 
0x00, 0x00, 0x2D, 0x35, 0xEB, 0x7F, 0x2B, 0x00, 0x04, 0x00, 
0x11, 0x00, 0x00, 0x00, 0x36, 0x00, 0x00, 0x00, 0x0F, 0x00, 
0x00, 0x00, 0x2B, 0x00, 0x04, 0x00, 0x06, 0x00, 0x00, 0x00, 
0x3A, 0x00, 0x00, 0x00, 0x8B, 0xA6, 0x6C, 0x84, 0x2B, 0x00, 
0x04, 0x00, 0x06, 0x00, 0x00, 0x00, 0x46, 0x00, 0x00, 0x00, 
0xFF, 0xFF, 0xFF, 0x00, 0x2B, 0x00, 0x04, 0x00, 0x0C, 0x00, 
0x00, 0x00, 0x49, 0x00, 0x00, 0x00, 0x00, 0x00, 0x80, 0x4B, 
0x2B, 0x00, 0x04, 0x00, 0x11, 0x00, 0x00, 0x00, 0x4E, 0x00, 
0x00, 0x00, 0x00, 0x00, 0x00, 0x00, 0x14, 0x00, 0x02, 0x00, 
0x4F, 0x00, 0x00, 0x00, 0x2B, 0x00, 0x04, 0x00, 0x0C, 0x00, 
0x00, 0x00, 0x54, 0x00, 0x00, 0x00, 0x00, 0x00, 0x00, 0x00, 
0x2B, 0x00, 0x04, 0x00, 0x0C, 0x00, 0x00, 0x00, 0x55, 0x00, 
0x00, 0x00, 0x00, 0x00, 0x80, 0x3F, 0x2C, 0x00, 0x06, 0x00, 
0x13, 0x00, 0x00, 0x00, 0x56, 0x00, 0x00, 0x00, 0x54, 0x00, 
0x00, 0x00, 0x54, 0x00, 0x00, 0x00, 0x55, 0x00, 0x00, 0x00, 
0x2B, 0x00, 0x04, 0x00, 0x11, 0x00, 0x00, 0x00, 0x59, 0x00, 
0x00, 0x00, 0x01, 0x00, 0x00, 0x00, 0x2B, 0x00, 0x04, 0x00, 
0x0C, 0x00, 0x00, 0x00, 0x5E, 0x00, 0x00, 0x00, 0x00, 0x00, 
0x80, 0xBF, 0x2C, 0x00, 0x06, 0x00, 0x13, 0x00, 0x00, 0x00, 
0x5F, 0x00, 0x00, 0x00, 0x54, 0x00, 0x00, 0x00, 0x54, 0x00, 
0x00, 0x00, 0x5E, 0x00, 0x00, 0x00, 0x2B, 0x00, 0x04, 0x00, 
0x11, 0x00, 0x00, 0x00, 0x62, 0x00, 0x00, 0x00, 0x02, 0x00, 
0x00, 0x00, 0x2B, 0x00, 0x04, 0x00, 0x0C, 0x00, 0x00, 0x00, 
0x65, 0x00, 0x00, 0x00, 0xDB, 0x0F, 0xC9, 0x40, 0x2B, 0x00, 
0x04, 0x00, 0x0C, 0x00, 0x00, 0x00, 0x67, 0x00, 0x00, 0x00, 
0x00, 0x00, 0x80, 0x40, 0x2B, 0x00, 0x04, 0x00, 0x11, 0x00, 
0x00, 0x00, 0x7A, 0x00, 0x00, 0x00, 0x18, 0x00, 0x00, 0x00, 
0x2B, 0x00, 0x04, 0x00, 0x11, 0x00, 0x00, 0x00, 0x7D, 0x00, 
0x00, 0x00, 0x03, 0x00, 0x00, 0x00, 0x2B, 0x00, 0x04, 0x00, 
0x11, 0x00, 0x00, 0x00, 0x80, 0x00, 0x00, 0x00, 0x06, 0x00, 
0x00, 0x00, 0x2B, 0x00, 0x04, 0x00, 0x11, 0x00, 0x00, 0x00, 
0x88, 0x00, 0x00, 0x00, 0x04, 0x00, 0x00, 0x00, 0x2B, 0x00, 
0x04, 0x00, 0x11, 0x00, 0x00, 0x00, 0x8D, 0x00, 0x00, 0x00, 
0x24, 0x00, 0x00, 0x00, 0x2B, 0x00, 0x04, 0x00, 0x11, 0x00, 
0x00, 0x00, 0x90, 0x00, 0x00, 0x00, 0x05, 0x00, 0x00, 0x00, 
0x2B, 0x00, 0x04, 0x00, 0x11, 0x00, 0x00, 0x00, 0x95, 0x00, 
0x00, 0x00, 0x48, 0x00, 0x00, 0x00, 0x2B, 0x00, 0x04, 0x00, 
0x11, 0x00, 0x00, 0x00, 0x98, 0x00, 0x00, 0x00, 0x07, 0x00, 
0x00, 0x00, 0x2B, 0x00, 0x04, 0x00, 0x11, 0x00, 0x00, 0x00, 
0x9A, 0x00, 0x00, 0x00, 0x60, 0x00, 0x00, 0x00, 0x2B, 0x00, 
0x04, 0x00, 0x11, 0x00, 0x00, 0x00, 0x9B, 0x00, 0x00, 0x00, 
0xC0, 0x00, 0x00, 0x00, 0x2C, 0x00, 0x06, 0x00, 0x13, 0x00, 
0x00, 0x00, 0xA3, 0x00, 0x00, 0x00, 0x54, 0x00, 0x00, 0x00, 
0x54, 0x00, 0x00, 0x00, 0x54, 0x00, 0x00, 0x00, 0x2C, 0x00, 
0x05, 0x00, 0x1D, 0x00, 0x00, 0x00, 0xA4, 0x00, 0x00, 0x00, 
0x54, 0x00, 0x00, 0x00, 0x54, 0x00, 0x00, 0x00, 0x20, 0x00, 
0x04, 0x00, 0xB7, 0x00, 0x00, 0x00, 0x07, 0x00, 0x00, 0x00, 
0x0C, 0x00, 0x00, 0x00, 0x2B, 0x00, 0x04, 0x00, 0x0C, 0x00, 
0x00, 0x00, 0xC0, 0x00, 0x00, 0x00, 0x00, 0x00, 0x00, 0x41, 
0x2B, 0x00, 0x04, 0x00, 0x06, 0x00, 0x00, 0x00, 0xDA, 0x00, 
0x00, 0x00, 0x03, 0x00, 0x00, 0x00, 0x1C, 0x00, 0x04, 0x00, 
0xDB, 0x00, 0x00, 0x00, 0x11, 0x00, 0x00, 0x00, 0xDA, 0x00, 
0x00, 0x00, 0x20, 0x00, 0x04, 0x00, 0xDC, 0x00, 0x00, 0x00, 
0x07, 0x00, 0x00, 0x00, 0xDB, 0x00, 0x00, 0x00, 0x1C, 0x00, 
0x04, 0x00, 0xF1, 0x00, 0x00, 0x00, 0x13, 0x00, 0x00, 0x00, 
0xDA, 0x00, 0x00, 0x00, 0x20, 0x00, 0x04, 0x00, 0xF2, 0x00, 
0x00, 0x00, 0x07, 0x00, 0x00, 0x00, 0xF1, 0x00, 0x00, 0x00, 
0x2B, 0x00, 0x04, 0x00, 0x0C, 0x00, 0x00, 0x00, 0xFC, 0x00, 
0x00, 0x00, 0x66, 0x66, 0x26, 0x3F, 0x2B, 0x00, 0x04, 0x00, 
0x0C, 0x00, 0x00, 0x00, 0xFD, 0x00, 0x00, 0x00, 0x33, 0x33, 
0x33, 0x3F, 0x2B, 0x00, 0x04, 0x00, 0x06, 0x00, 0x00, 0x00, 
0x03, 0x01, 0x00, 0x00, 0xB3, 0x00, 0x00, 0x00, 0x2B, 0x00, 
0x04, 0x00, 0x0C, 0x00, 0x00, 0x00, 0x1D, 0x01, 0x00, 0x00, 
0x7B, 0x14, 0x2E, 0x3E, 0x2B, 0x00, 0x04, 0x00, 0x0C, 0x00, 
0x00, 0x00, 0x1E, 0x01, 0x00, 0x00, 0x1F, 0x85, 0x6B, 0x3E, 
0x2B, 0x00, 0x04, 0x00, 0x0C, 0x00, 0x00, 0x00, 0x1F, 0x01, 
0x00, 0x00, 0x33, 0x33, 0x33, 0x40, 0x2C, 0x00, 0x06, 0x00, 
0x13, 0x00, 0x00, 0x00, 0x20, 0x01, 0x00, 0x00, 0x1D, 0x01, 
0x00, 0x00, 0x1E, 0x01, 0x00, 0x00, 0x1F, 0x01, 0x00, 0x00, 
0x2B, 0x00, 0x04, 0x00, 0x06, 0x00, 0x00, 0x00, 0x51, 0x01, 
0x00, 0x00, 0x06, 0x00, 0x00, 0x00, 0x1C, 0x00, 0x04, 0x00, 
0x52, 0x01, 0x00, 0x00, 0x11, 0x00, 0x00, 0x00, 0x51, 0x01, 
0x00, 0x00, 0x20, 0x00, 0x04, 0x00, 0x53, 0x01, 0x00, 0x00, 
0x07, 0x00, 0x00, 0x00, 0x52, 0x01, 0x00, 0x00, 0x2C, 0x00, 
0x09, 0x00, 0x52, 0x01, 0x00, 0x00, 0x55, 0x01, 0x00, 0x00, 
0x4E, 0x00, 0x00, 0x00, 0x59, 0x00, 0x00, 0x00, 0x62, 0x00, 
0x00, 0x00, 0x4E, 0x00, 0x00, 0x00, 0x62, 0x00, 0x00, 0x00, 
0x7D, 0x00, 0x00, 0x00, 0x2B, 0x00, 0x04, 0x00, 0x0C, 0x00, 
0x00, 0x00, 0x5F, 0x01, 0x00, 0x00, 0xEC, 0x51, 0x38, 0xBF, 
0x2B, 0x00, 0x04, 0x00, 0x0C, 0x00, 0x00, 0x00, 0x60, 0x01, 
0x00, 0x00, 0xEC, 0x51, 0x38, 0x3F, 0x2B, 0x00, 0x04, 0x00, 
0x11, 0x00, 0x00, 0x00, 0x74, 0x01, 0x00, 0x00, 0xFF, 0xFF, 
0xFF, 0xFF, 0x2B, 0x00, 0x04, 0x00, 0x0C, 0x00, 0x00, 0x00, 
0x90, 0x01, 0x00, 0x00, 0x00, 0x00, 0xC0, 0x40, 0x2B, 0x00, 
0x04, 0x00, 0x0C, 0x00, 0x00, 0x00, 0x93, 0x01, 0x00, 0x00, 
0xCD, 0xCC, 0xCC, 0x3E, 0x2B, 0x00, 0x04, 0x00, 0x06, 0x00, 
0x00, 0x00, 0x9C, 0x01, 0x00, 0x00, 0x1F, 0x00, 0x00, 0x00, 
0x2B, 0x00, 0x04, 0x00, 0x0C, 0x00, 0x00, 0x00, 0xB3, 0x01, 
0x00, 0x00, 0x9A, 0x99, 0x99, 0x3D, 0x2B, 0x00, 0x04, 0x00, 
0x0C, 0x00, 0x00, 0x00, 0xB4, 0x01, 0x00, 0x00, 0x9A, 0x99, 
0x99, 0xBD, 0x2B, 0x00, 0x04, 0x00, 0x11, 0x00, 0x00, 0x00, 
0xC1, 0x01, 0x00, 0x00, 0x0C, 0x00, 0x00, 0x00, 0x2B, 0x00, 
0x04, 0x00, 0x11, 0x00, 0x00, 0x00, 0xFE, 0x01, 0x00, 0x00, 
0x30, 0x00, 0x00, 0x00, 0x2B, 0x00, 0x04, 0x00, 0x0C, 0x00, 
0x00, 0x00, 0x1F, 0x02, 0x00, 0x00, 0x00, 0x00, 0x00, 0x3F, 
0x2B, 0x00, 0x04, 0x00, 0x0C, 0x00, 0x00, 0x00, 0x27, 0x02, 
0x00, 0x00, 0x3D, 0x0A, 0xD7, 0x3E, 0x2B, 0x00, 0x04, 0x00, 
0x0C, 0x00, 0x00, 0x00, 0x2F, 0x02, 0x00, 0x00, 0x7B, 0x14, 
0xAE, 0x3E, 0x2B, 0x00, 0x04, 0x00, 0x0C, 0x00, 0x00, 0x00, 
0x37, 0x02, 0x00, 0x00, 0xB8, 0x1E, 0x05, 0x3E, 0x2B, 0x00, 
0x04, 0x00, 0x06, 0x00, 0x00, 0x00, 0x39, 0x02, 0x00, 0x00, 
0x01, 0x00, 0x00, 0x00, 0x2B, 0x00, 0x04, 0x00, 0x0C, 0x00, 
0x00, 0x00, 0x44, 0x02, 0x00, 0x00, 0xC3, 0xF5, 0x28, 0x3F, 
0x2B, 0x00, 0x04, 0x00, 0x06, 0x00, 0x00, 0x00, 0x4B, 0x02, 
0x00, 0x00, 0x02, 0x00, 0x00, 0x00, 0x2B, 0x00, 0x04, 0x00, 
0x0C, 0x00, 0x00, 0x00, 0x56, 0x02, 0x00, 0x00, 0xA4, 0x70, 
0xBD, 0x3E, 0x2B, 0x00, 0x04, 0x00, 0x11, 0x00, 0x00, 0x00, 
0x60, 0x02, 0x00, 0x00, 0x08, 0x00, 0x00, 0x00, 0x2B, 0x00, 
0x04, 0x00, 0x11, 0x00, 0x00, 0x00, 0x7F, 0x02, 0x00, 0x00, 
0x09, 0x00, 0x00, 0x00, 0x2B, 0x00, 0x04, 0x00, 0x0C, 0x00, 
0x00, 0x00, 0x81, 0x02, 0x00, 0x00, 0xDB, 0x0F, 0x49, 0x40, 
0x2B, 0x00, 0x04, 0x00, 0x0C, 0x00, 0x00, 0x00, 0x9B, 0x02, 
0x00, 0x00, 0xB8, 0x1E, 0x45, 0x3F, 0x2B, 0x00, 0x04, 0x00, 
0x0C, 0x00, 0x00, 0x00, 0xB4, 0x02, 0x00, 0x00, 0xAE, 0x47, 
0x61, 0x3E, 0x2B, 0x00, 0x04, 0x00, 0x0C, 0x00, 0x00, 0x00, 
0xB6, 0x02, 0x00, 0x00, 0x00, 0x00, 0x40, 0x40, 0x2B, 0x00, 
0x04, 0x00, 0x0C, 0x00, 0x00, 0x00, 0xC9, 0x02, 0x00, 0x00, 
0x00, 0x00, 0xA0, 0x3F, 0x2B, 0x00, 0x04, 0x00, 0x0C, 0x00, 
0x00, 0x00, 0xCA, 0x02, 0x00, 0x00, 0x14, 0xAE, 0x47, 0x3F, 
0x2C, 0x00, 0x06, 0x00, 0x13, 0x00, 0x00, 0x00, 0xCB, 0x02, 
0x00, 0x00, 0xC9, 0x02, 0x00, 0x00, 0x55, 0x00, 0x00, 0x00, 
0xCA, 0x02, 0x00, 0x00, 0x2B, 0x00, 0x04, 0x00, 0x06, 0x00, 
0x00, 0x00, 0xD4, 0x02, 0x00, 0x00, 0x09, 0x00, 0x00, 0x00, 
0x2B, 0x00, 0x04, 0x00, 0x06, 0x00, 0x00, 0x00, 0xD9, 0x02, 
0x00, 0x00, 0x13, 0x00, 0x00, 0x00, 0x2B, 0x00, 0x04, 0x00, 
0x06, 0x00, 0x00, 0x00, 0xE3, 0x02, 0x00, 0x00, 0x1B, 0x00, 
0x00, 0x00, 0x2B, 0x00, 0x04, 0x00, 0x06, 0x00, 0x00, 0x00, 
0xF2, 0x02, 0x00, 0x00, 0x00, 0x00, 0x00, 0x00, 0x2C, 0x00, 
0x06, 0x00, 0x13, 0x00, 0x00, 0x00, 0xF9, 0x02, 0x00, 0x00, 
0x55, 0x00, 0x00, 0x00, 0x54, 0x00, 0x00, 0x00, 0x54, 0x00, 
0x00, 0x00, 0x2C, 0x00, 0x06, 0x00, 0x13, 0x00, 0x00, 0x00, 
0x0C, 0x03, 0x00, 0x00, 0x54, 0x00, 0x00, 0x00, 0x55, 0x00, 
0x00, 0x00, 0x54, 0x00, 0x00, 0x00, 0x17, 0x00, 0x04, 0x00, 
0x39, 0x03, 0x00, 0x00, 0x0C, 0x00, 0x00, 0x00, 0x04, 0x00, 
0x00, 0x00, 0x20, 0x00, 0x04, 0x00, 0x3A, 0x03, 0x00, 0x00, 
0x03, 0x00, 0x00, 0x00, 0x39, 0x03, 0x00, 0x00, 0x3B, 0x00, 
0x04, 0x00, 0x3A, 0x03, 0x00, 0x00, 0x3B, 0x03, 0x00, 0x00, 
0x03, 0x00, 0x00, 0x00, 0x2C, 0x00, 0x07, 0x00, 0x39, 0x03, 
0x00, 0x00, 0x3C, 0x03, 0x00, 0x00, 0x54, 0x00, 0x00, 0x00, 
0x54, 0x00, 0x00, 0x00, 0x54, 0x00, 0x00, 0x00, 0x54, 0x00, 
0x00, 0x00, 0x20, 0x00, 0x04, 0x00, 0x3E, 0x03, 0x00, 0x00, 
0x01, 0x00, 0x00, 0x00, 0x39, 0x03, 0x00, 0x00, 0x3B, 0x00, 
0x04, 0x00, 0x3E, 0x03, 0x00, 0x00, 0x3F, 0x03, 0x00, 0x00, 
0x01, 0x00, 0x00, 0x00, 0x20, 0x00, 0x04, 0x00, 0x40, 0x03, 
0x00, 0x00, 0x01, 0x00, 0x00, 0x00, 0x0C, 0x00, 0x00, 0x00, 
0x20, 0x00, 0x04, 0x00, 0x4C, 0x03, 0x00, 0x00, 0x01, 0x00, 
0x00, 0x00, 0x06, 0x00, 0x00, 0x00, 0x3B, 0x00, 0x04, 0x00, 
0x4C, 0x03, 0x00, 0x00, 0x4D, 0x03, 0x00, 0x00, 0x01, 0x00, 
0x00, 0x00, 0x2B, 0x00, 0x04, 0x00, 0x06, 0x00, 0x00, 0x00, 
0x4F, 0x03, 0x00, 0x00, 0xFF, 0xFF, 0x00, 0x00, 0x2B, 0x00, 
0x04, 0x00, 0x06, 0x00, 0x00, 0x00, 0x5A, 0x03, 0x00, 0x00, 
0xB9, 0x79, 0x37, 0x9E, 0x3B, 0x00, 0x04, 0x00, 0x3E, 0x03, 
0x00, 0x00, 0x5D, 0x03, 0x00, 0x00, 0x01, 0x00, 0x00, 0x00, 
0x2B, 0x00, 0x04, 0x00, 0x11, 0x00, 0x00, 0x00, 0x69, 0x03, 
0x00, 0x00, 0x0B, 0x00, 0x00, 0x00, 0x20, 0x00, 0x04, 0x00, 
0x6D, 0x03, 0x00, 0x00, 0x07, 0x00, 0x00, 0x00, 0x4F, 0x00, 
0x00, 0x00, 0x2B, 0x00, 0x04, 0x00, 0x11, 0x00, 0x00, 0x00, 
0x72, 0x03, 0x00, 0x00, 0x00, 0x01, 0x00, 0x00, 0x2B, 0x00, 
0x04, 0x00, 0x11, 0x00, 0x00, 0x00, 0x79, 0x03, 0x00, 0x00, 
0x00, 0x02, 0x00, 0x00, 0x3B, 0x00, 0x04, 0x00, 0x3E, 0x03, 
0x00, 0x00, 0x7D, 0x03, 0x00, 0x00, 0x01, 0x00, 0x00, 0x00, 
0x2B, 0x00, 0x04, 0x00, 0x0C, 0x00, 0x00, 0x00, 0x80, 0x03, 
0x00, 0x00, 0xE1, 0x7A, 0x14, 0x3F, 0x2B, 0x00, 0x04, 0x00, 
0x06, 0x00, 0x00, 0x00, 0x87, 0x03, 0x00, 0x00, 0x51, 0x00, 
0x00, 0x00, 0x2B, 0x00, 0x04, 0x00, 0x06, 0x00, 0x00, 0x00, 
0x8C, 0x03, 0x00, 0x00, 0x5C, 0x00, 0x00, 0x00, 0x2B, 0x00, 
0x04, 0x00, 0x0C, 0x00, 0x00, 0x00, 0x95, 0x03, 0x00, 0x00, 
0xCD, 0xCC, 0x4C, 0x3F, 0x17, 0x00, 0x04, 0x00, 0x9F, 0x03, 
0x00, 0x00, 0x11, 0x00, 0x00, 0x00, 0x02, 0x00, 0x00, 0x00, 
0x20, 0x00, 0x04, 0x00, 0xA0, 0x03, 0x00, 0x00, 0x07, 0x00, 
0x00, 0x00, 0x9F, 0x03, 0x00, 0x00, 0x2B, 0x00, 0x04, 0x00, 
0x06, 0x00, 0x00, 0x00, 0xC1, 0x03, 0x00, 0x00, 0x0F, 0x00, 
0x00, 0x00, 0x2B, 0x00, 0x04, 0x00, 0x06, 0x00, 0x00, 0x00, 
0xC5, 0x03, 0x00, 0x00, 0x10, 0x00, 0x00, 0x00, 0x2B, 0x00, 
0x04, 0x00, 0x06, 0x00, 0x00, 0x00, 0xD2, 0x03, 0x00, 0x00, 
0x00, 0x01, 0x00, 0x00, 0x1C, 0x00, 0x04, 0x00, 0xD3, 0x03, 
0x00, 0x00, 0x1D, 0x00, 0x00, 0x00, 0xD2, 0x03, 0x00, 0x00, 
0x2B, 0x00, 0x04, 0x00, 0x0C, 0x00, 0x00, 0x00, 0xD4, 0x03, 
0x00, 0x00, 0x3C, 0x2B, 0x66, 0x3E, 0x2B, 0x00, 0x04, 0x00, 
0x0C, 0x00, 0x00, 0x00, 0xD5, 0x03, 0x00, 0x00, 0x51, 0xB4, 
0x20, 0x3F, 0x2C, 0x00, 0x05, 0x00, 0x1D, 0x00, 0x00, 0x00, 
0xD6, 0x03, 0x00, 0x00, 0xD4, 0x03, 0x00, 0x00, 0xD5, 0x03, 
0x00, 0x00, 0x2B, 0x00, 0x04, 0x00, 0x0C, 0x00, 0x00, 0x00, 
0xD7, 0x03, 0x00, 0x00, 0x2E, 0xBA, 0xCF, 0x3E, 0x2B, 0x00, 
0x04, 0x00, 0x0C, 0x00, 0x00, 0x00, 0xD8, 0x03, 0x00, 0x00, 
0x81, 0xF7, 0x32, 0x3F, 0x2C, 0x00, 0x05, 0x00, 0x1D, 0x00, 
0x00, 0x00, 0xD9, 0x03, 0x00, 0x00, 0xD7, 0x03, 0x00, 0x00, 
0xD8, 0x03, 0x00, 0x00, 0x2B, 0x00, 0x04, 0x00, 0x0C, 0x00, 
0x00, 0x00, 0xDA, 0x03, 0x00, 0x00, 0xAA, 0x56, 0xD8, 0x3E, 
0x2B, 0x00, 0x04, 0x00, 0x0C, 0x00, 0x00, 0x00, 0xDB, 0x03, 
0x00, 0x00, 0x61, 0x71, 0xEF, 0x3E, 0x2C, 0x00, 0x05, 0x00, 
0x1D, 0x00, 0x00, 0x00, 0xDC, 0x03, 0x00, 0x00, 0xDA, 0x03, 
0x00, 0x00, 0xDB, 0x03, 0x00, 0x00, 0x2B, 0x00, 0x04, 0x00, 
0x0C, 0x00, 0x00, 0x00, 0xDD, 0x03, 0x00, 0x00, 0xB4, 0x9B, 
0xDB, 0x3E, 0x2B, 0x00, 0x04, 0x00, 0x0C, 0x00, 0x00, 0x00, 
0xDE, 0x03, 0x00, 0x00, 0x9A, 0x00, 0xB9, 0x3E, 0x2C, 0x00, 
0x05, 0x00, 0x1D, 0x00, 0x00, 0x00, 0xDF, 0x03, 0x00, 0x00, 
0xDD, 0x03, 0x00, 0x00, 0xDE, 0x03, 0x00, 0x00, 0x2B, 0x00, 
0x04, 0x00, 0x0C, 0x00, 0x00, 0x00, 0xE0, 0x03, 0x00, 0x00, 
0x10, 0xD5, 0xEE, 0x3E, 0x2B, 0x00, 0x04, 0x00, 0x0C, 0x00, 
0x00, 0x00, 0xE1, 0x03, 0x00, 0x00, 0x62, 0xF2, 0xA3, 0x3E, 
0x2C, 0x00, 0x05, 0x00, 0x1D, 0x00, 0x00, 0x00, 0xE2, 0x03, 
0x00, 0x00, 0xE0, 0x03, 0x00, 0x00, 0xE1, 0x03, 0x00, 0x00, 
0x2B, 0x00, 0x04, 0x00, 0x0C, 0x00, 0x00, 0x00, 0xE3, 0x03, 
0x00, 0x00, 0xBC, 0x3B, 0x01, 0x3F, 0x2B, 0x00, 0x04, 0x00, 
0x0C, 0x00, 0x00, 0x00, 0xE4, 0x03, 0x00, 0x00, 0x39, 0x90, 
0x9F, 0x3E, 0x2C, 0x00, 0x05, 0x00, 0x1D, 0x00, 0x00, 0x00, 
0xE5, 0x03, 0x00, 0x00, 0xE3, 0x03, 0x00, 0x00, 0xE4, 0x03, 
0x00, 0x00, 0x2B, 0x00, 0x04, 0x00, 0x0C, 0x00, 0x00, 0x00, 
0xE6, 0x03, 0x00, 0x00, 0xB4, 0xF7, 0x87, 0x3E, 0x2B, 0x00, 
0x04, 0x00, 0x0C, 0x00, 0x00, 0x00, 0xE7, 0x03, 0x00, 0x00, 
0x4C, 0x05, 0x55, 0x3F, 0x2C, 0x00, 0x05, 0x00, 0x1D, 0x00, 
0x00, 0x00, 0xE8, 0x03, 0x00, 0x00, 0xE6, 0x03, 0x00, 0x00, 
0xE7, 0x03, 0x00, 0x00, 0x2B, 0x00, 0x04, 0x00, 0x0C, 0x00, 
0x00, 0x00, 0xE9, 0x03, 0x00, 0x00, 0x57, 0x57, 0x5A, 0x3E, 
0x2B, 0x00, 0x04, 0x00, 0x0C, 0x00, 0x00, 0x00, 0xEA, 0x03, 
0x00, 0x00, 0x1F, 0x4E, 0xF7, 0x3E, 0x2C, 0x00, 0x05, 0x00, 
0x1D, 0x00, 0x00, 0x00, 0xEB, 0x03, 0x00, 0x00, 0xE9, 0x03, 
0x00, 0x00, 0xEA, 0x03, 0x00, 0x00, 0x2B, 0x00, 0x04, 0x00, 
0x0C, 0x00, 0x00, 0x00, 0xEC, 0x03, 0x00, 0x00, 0x83, 0x50, 
0x36, 0x3E, 0x2B, 0x00, 0x04, 0x00, 0x0C, 0x00, 0x00, 0x00, 
0xED, 0x03, 0x00, 0x00, 0x4D, 0xE7, 0x21, 0x3F, 0x2C, 0x00, 
0x05, 0x00, 0x1D, 0x00, 0x00, 0x00, 0xEE, 0x03, 0x00, 0x00, 
0xEC, 0x03, 0x00, 0x00, 0xED, 0x03, 0x00, 0x00, 0x2B, 0x00, 
0x04, 0x00, 0x0C, 0x00, 0x00, 0x00, 0xEF, 0x03, 0x00, 0x00, 
0x0A, 0xC5, 0x11, 0x3E, 0x2B, 0x00, 0x04, 0x00, 0x0C, 0x00, 
0x00, 0x00, 0xF0, 0x03, 0x00, 0x00, 0x1A, 0x54, 0x22, 0x3F, 
0x2C, 0x00, 0x05, 0x00, 0x1D, 0x00, 0x00, 0x00, 0xF1, 0x03, 
0x00, 0x00, 0xEF, 0x03, 0x00, 0x00, 0xF0, 0x03, 0x00, 0x00, 
0x2B, 0x00, 0x04, 0x00, 0x0C, 0x00, 0x00, 0x00, 0xF2, 0x03, 
0x00, 0x00, 0x10, 0xB9, 0x27, 0x3E, 0x2B, 0x00, 0x04, 0x00, 
0x0C, 0x00, 0x00, 0x00, 0xF3, 0x03, 0x00, 0x00, 0x04, 0x56, 
0x20, 0x3F, 0x2C, 0x00, 0x05, 0x00, 0x1D, 0x00, 0x00, 0x00, 
0xF4, 0x03, 0x00, 0x00, 0xF2, 0x03, 0x00, 0x00, 0xF3, 0x03, 
0x00, 0x00, 0x2B, 0x00, 0x04, 0x00, 0x0C, 0x00, 0x00, 0x00, 
0xF5, 0x03, 0x00, 0x00, 0x45, 0xA0, 0x12, 0x3E, 0x2B, 0x00, 
0x04, 0x00, 0x0C, 0x00, 0x00, 0x00, 0xF6, 0x03, 0x00, 0x00, 
0x9F, 0xB4, 0x7B, 0x3E, 0x2C, 0x00, 0x05, 0x00, 0x1D, 0x00, 
0x00, 0x00, 0xF7, 0x03, 0x00, 0x00, 0xF5, 0x03, 0x00, 0x00, 
0xF6, 0x03, 0x00, 0x00, 0x2B, 0x00, 0x04, 0x00, 0x0C, 0x00, 
0x00, 0x00, 0xF8, 0x03, 0x00, 0x00, 0xD0, 0xC6, 0xD7, 0x3E, 
0x2B, 0x00, 0x04, 0x00, 0x0C, 0x00, 0x00, 0x00, 0xF9, 0x03, 
0x00, 0x00, 0xF0, 0xC4, 0x7F, 0x3E, 0x2C, 0x00, 0x05, 0x00, 
0x1D, 0x00, 0x00, 0x00, 0xFA, 0x03, 0x00, 0x00, 0xF8, 0x03, 
0x00, 0x00, 0xF9, 0x03, 0x00, 0x00, 0x2B, 0x00, 0x04, 0x00, 
0x0C, 0x00, 0x00, 0x00, 0xFB, 0x03, 0x00, 0x00, 0x5E, 0x00, 
0x00, 0x3F, 0x2B, 0x00, 0x04, 0x00, 0x0C, 0x00, 0x00, 0x00, 
0xFC, 0x03, 0x00, 0x00, 0x2A, 0xF7, 0x7C, 0x3E, 0x2C, 0x00, 
0x05, 0x00, 0x1D, 0x00, 0x00, 0x00, 0xFD, 0x03, 0x00, 0x00, 
0xFB, 0x03, 0x00, 0x00, 0xFC, 0x03, 0x00, 0x00, 0x2B, 0x00, 
0x04, 0x00, 0x0C, 0x00, 0x00, 0x00, 0xFE, 0x03, 0x00, 0x00, 
0x24, 0xEC, 0x78, 0x3E, 0x2B, 0x00, 0x04, 0x00, 0x0C, 0x00, 
0x00, 0x00, 0xFF, 0x03, 0x00, 0x00, 0xB8, 0x5E, 0x70, 0x3F, 
0x2C, 0x00, 0x05, 0x00, 0x1D, 0x00, 0x00, 0x00, 0x00, 0x04, 
0x00, 0x00, 0xFE, 0x03, 0x00, 0x00, 0xFF, 0x03, 0x00, 0x00, 
0x2B, 0x00, 0x04, 0x00, 0x0C, 0x00, 0x00, 0x00, 0x01, 0x04, 
0x00, 0x00, 0x6F, 0x45, 0x12, 0x3E, 0x2B, 0x00, 0x04, 0x00, 
0x0C, 0x00, 0x00, 0x00, 0x02, 0x04, 0x00, 0x00, 0x41, 0x63, 
0xE2, 0x3E, 0x2C, 0x00, 0x05, 0x00, 0x1D, 0x00, 0x00, 0x00, 
0x03, 0x04, 0x00, 0x00, 0x01, 0x04, 0x00, 0x00, 0x02, 0x04, 
0x00, 0x00, 0x2B, 0x00, 0x04, 0x00, 0x0C, 0x00, 0x00, 0x00, 
0x04, 0x04, 0x00, 0x00, 0xC8, 0x85, 0x01, 0x3F, 0x2B, 0x00, 
0x04, 0x00, 0x0C, 0x00, 0x00, 0x00, 0x05, 0x04, 0x00, 0x00, 
0x76, 0xAF, 0x14, 0x3F, 0x2C, 0x00, 0x05, 0x00, 0x1D, 0x00, 
0x00, 0x00, 0x06, 0x04, 0x00, 0x00, 0x04, 0x04, 0x00, 0x00, 
0x05, 0x04, 0x00, 0x00, 0x2B, 0x00, 0x04, 0x00, 0x0C, 0x00, 
0x00, 0x00, 0x07, 0x04, 0x00, 0x00, 0x6D, 0x4E, 0xEE, 0x3E, 
0x2B, 0x00, 0x04, 0x00, 0x0C, 0x00, 0x00, 0x00, 0x08, 0x04, 
0x00, 0x00, 0x46, 0xC1, 0x5A, 0x3F, 0x2C, 0x00, 0x05, 0x00, 
0x1D, 0x00, 0x00, 0x00, 0x09, 0x04, 0x00, 0x00, 0x07, 0x04, 
0x00, 0x00, 0x08, 0x04, 0x00, 0x00, 0x2B, 0x00, 0x04, 0x00, 
0x0C, 0x00, 0x00, 0x00, 0x0A, 0x04, 0x00, 0x00, 0xFD, 0xC1, 
0xC7, 0x3E, 0x2B, 0x00, 0x04, 0x00, 0x0C, 0x00, 0x00, 0x00, 
0x0B, 0x04, 0x00, 0x00, 0x12, 0xF4, 0xE8, 0x3E, 0x2C, 0x00, 
0x05, 0x00, 0x1D, 0x00, 0x00, 0x00, 0x0C, 0x04, 0x00, 0x00, 
0x0A, 0x04, 0x00, 0x00, 0x0B, 0x04, 0x00, 0x00, 0x2B, 0x00, 
0x04, 0x00, 0x0C, 0x00, 0x00, 0x00, 0x0D, 0x04, 0x00, 0x00, 
0x76, 0x82, 0xC2, 0x3E, 0x2B, 0x00, 0x04, 0x00, 0x0C, 0x00, 
0x00, 0x00, 0x0E, 0x04, 0x00, 0x00, 0x49, 0x20, 0xC3, 0x3E, 
0x2C, 0x00, 0x05, 0x00, 0x1D, 0x00, 0x00, 0x00, 0x0F, 0x04, 
0x00, 0x00, 0x0D, 0x04, 0x00, 0x00, 0x0E, 0x04, 0x00, 0x00, 
0x2B, 0x00, 0x04, 0x00, 0x0C, 0x00, 0x00, 0x00, 0x10, 0x04, 
0x00, 0x00, 0xDA, 0x67, 0x9B, 0x3E, 0x2B, 0x00, 0x04, 0x00, 
0x0C, 0x00, 0x00, 0x00, 0x11, 0x04, 0x00, 0x00, 0xD0, 0xAB, 
0x3B, 0x3F, 0x2C, 0x00, 0x05, 0x00, 0x1D, 0x00, 0x00, 0x00, 
0x12, 0x04, 0x00, 0x00, 0x10, 0x04, 0x00, 0x00, 0x11, 0x04, 
0x00, 0x00, 0x2B, 0x00, 0x04, 0x00, 0x0C, 0x00, 0x00, 0x00, 
0x13, 0x04, 0x00, 0x00, 0xCB, 0xB4, 0x4A, 0x3E, 0x2B, 0x00, 
0x04, 0x00, 0x0C, 0x00, 0x00, 0x00, 0x14, 0x04, 0x00, 0x00, 
0x7C, 0xBF, 0x6C, 0x3E, 0x2C, 0x00, 0x05, 0x00, 0x1D, 0x00, 
0x00, 0x00, 0x15, 0x04, 0x00, 0x00, 0x13, 0x04, 0x00, 0x00, 
0x14, 0x04, 0x00, 0x00, 0x2B, 0x00, 0x04, 0x00, 0x0C, 0x00, 
0x00, 0x00, 0x16, 0x04, 0x00, 0x00, 0x63, 0x03, 0x22, 0x3F, 
0x2B, 0x00, 0x04, 0x00, 0x0C, 0x00, 0x00, 0x00, 0x17, 0x04, 
0x00, 0x00, 0x4F, 0x51, 0x3A, 0x3F, 0x2C, 0x00, 0x05, 0x00, 
0x1D, 0x00, 0x00, 0x00, 0x18, 0x04, 0x00, 0x00, 0x16, 0x04, 
0x00, 0x00, 0x17, 0x04, 0x00, 0x00, 0x2B, 0x00, 0x04, 0x00, 
0x0C, 0x00, 0x00, 0x00, 0x19, 0x04, 0x00, 0x00, 0x7A, 0x83, 
0x17, 0x3F, 0x2B, 0x00, 0x04, 0x00, 0x0C, 0x00, 0x00, 0x00, 
0x1A, 0x04, 0x00, 0x00, 0xAD, 0x0F, 0xF4, 0x3E, 0x2C, 0x00, 
0x05, 0x00, 0x1D, 0x00, 0x00, 0x00, 0x1B, 0x04, 0x00, 0x00, 
0x19, 0x04, 0x00, 0x00, 0x1A, 0x04, 0x00, 0x00, 0x2B, 0x00, 
0x04, 0x00, 0x0C, 0x00, 0x00, 0x00, 0x1C, 0x04, 0x00, 0x00, 
0xC8, 0xDC, 0x11, 0x3F, 0x2B, 0x00, 0x04, 0x00, 0x0C, 0x00, 
0x00, 0x00, 0x1D, 0x04, 0x00, 0x00, 0xF7, 0x09, 0x39, 0x3F, 
0x2C, 0x00, 0x05, 0x00, 0x1D, 0x00, 0x00, 0x00, 0x1E, 0x04, 
0x00, 0x00, 0x1C, 0x04, 0x00, 0x00, 0x1D, 0x04, 0x00, 0x00, 
0x2B, 0x00, 0x04, 0x00, 0x0C, 0x00, 0x00, 0x00, 0x1F, 0x04, 
0x00, 0x00, 0x0D, 0xA5, 0x1A, 0x3F, 0x2B, 0x00, 0x04, 0x00, 
0x0C, 0x00, 0x00, 0x00, 0x20, 0x04, 0x00, 0x00, 0xDB, 0xF8, 
0x01, 0x3F, 0x2C, 0x00, 0x05, 0x00, 0x1D, 0x00, 0x00, 0x00, 
0x21, 0x04, 0x00, 0x00, 0x1F, 0x04, 0x00, 0x00, 0x20, 0x04, 
0x00, 0x00, 0x2B, 0x00, 0x04, 0x00, 0x0C, 0x00, 0x00, 0x00, 
0x22, 0x04, 0x00, 0x00, 0x30, 0xCB, 0x56, 0x3F, 0x2B, 0x00, 
0x04, 0x00, 0x0C, 0x00, 0x00, 0x00, 0x23, 0x04, 0x00, 0x00, 
0xAD, 0x9F, 0xCF, 0x3E, 0x2C, 0x00, 0x05, 0x00, 0x1D, 0x00, 
0x00, 0x00, 0x24, 0x04, 0x00, 0x00, 0x22, 0x04, 0x00, 0x00, 
0x23, 0x04, 0x00, 0x00, 0x2B, 0x00, 0x04, 0x00, 0x0C, 0x00, 
0x00, 0x00, 0x25, 0x04, 0x00, 0x00, 0x82, 0x52, 0x4F, 0x3F, 
0x2B, 0x00, 0x04, 0x00, 0x0C, 0x00, 0x00, 0x00, 0x26, 0x04, 
0x00, 0x00, 0x80, 0x7D, 0xC9, 0x3D, 0x2C, 0x00, 0x05, 0x00, 
0x1D, 0x00, 0x00, 0x00, 0x27, 0x04, 0x00, 0x00, 0x25, 0x04, 
0x00, 0x00, 0x26, 0x04, 0x00, 0x00, 0x2B, 0x00, 0x04, 0x00, 
0x0C, 0x00, 0x00, 0x00, 0x28, 0x04, 0x00, 0x00, 0xEB, 0xC4, 
0xEE, 0x3E, 0x2B, 0x00, 0x04, 0x00, 0x0C, 0x00, 0x00, 0x00, 
0x29, 0x04, 0x00, 0x00, 0x56, 0xCD, 0x64, 0x3F, 0x2C, 0x00, 
0x05, 0x00, 0x1D, 0x00, 0x00, 0x00, 0x2A, 0x04, 0x00, 0x00, 
0x28, 0x04, 0x00, 0x00, 0x29, 0x04, 0x00, 0x00, 0x2B, 0x00, 
0x04, 0x00, 0x0C, 0x00, 0x00, 0x00, 0x2B, 0x04, 0x00, 0x00, 
0xB3, 0x61, 0x90, 0x3E, 0x2B, 0x00, 0x04, 0x00, 0x0C, 0x00, 
0x00, 0x00, 0x2C, 0x04, 0x00, 0x00, 0xB2, 0xFA, 0x46, 0x3E, 
0x2C, 0x00, 0x05, 0x00, 0x1D, 0x00, 0x00, 0x00, 0x2D, 0x04, 
0x00, 0x00, 0x2B, 0x04, 0x00, 0x00, 0x2C, 0x04, 0x00, 0x00, 
0x2B, 0x00, 0x04, 0x00, 0x0C, 0x00, 0x00, 0x00, 0x2E, 0x04, 
0x00, 0x00, 0x36, 0xFE, 0xB1, 0x3E, 0x2B, 0x00, 0x04, 0x00, 
0x0C, 0x00, 0x00, 0x00, 0x2F, 0x04, 0x00, 0x00, 0xBE, 0xCD, 
0x62, 0x3F, 0x2C, 0x00, 0x05, 0x00, 0x1D, 0x00, 0x00, 0x00, 
0x30, 0x04, 0x00, 0x00, 0x2E, 0x04, 0x00, 0x00, 0x2F, 0x04, 
0x00, 0x00, 0x2B, 0x00, 0x04, 0x00, 0x0C, 0x00, 0x00, 0x00, 
0x31, 0x04, 0x00, 0x00, 0x57, 0x15, 0x48, 0x3E, 0x2B, 0x00, 
0x04, 0x00, 0x0C, 0x00, 0x00, 0x00, 0x32, 0x04, 0x00, 0x00, 
0xAD, 0x1B, 0xDE, 0x3E, 0x2C, 0x00, 0x05, 0x00, 0x1D, 0x00, 
0x00, 0x00, 0x33, 0x04, 0x00, 0x00, 0x31, 0x04, 0x00, 0x00, 
0x32, 0x04, 0x00, 0x00, 0x2B, 0x00, 0x04, 0x00, 0x0C, 0x00, 
0x00, 0x00, 0x34, 0x04, 0x00, 0x00, 0x35, 0xBE, 0xC1, 0x3E, 
0x2B, 0x00, 0x04, 0x00, 0x0C, 0x00, 0x00, 0x00, 0x35, 0x04, 
0x00, 0x00, 0x63, 0x9E, 0x6A, 0x3F, 0x2C, 0x00, 0x05, 0x00, 
0x1D, 0x00, 0x00, 0x00, 0x36, 0x04, 0x00, 0x00, 0x34, 0x04, 
0x00, 0x00, 0x35, 0x04, 0x00, 0x00, 0x2B, 0x00, 0x04, 0x00, 
0x0C, 0x00, 0x00, 0x00, 0x37, 0x04, 0x00, 0x00, 0xD0, 0x82, 
0xBB, 0x3E, 0x2B, 0x00, 0x04, 0x00, 0x0C, 0x00, 0x00, 0x00, 
0x38, 0x04, 0x00, 0x00, 0xF5, 0xDC, 0x55, 0x3F, 0x2C, 0x00, 
0x05, 0x00, 0x1D, 0x00, 0x00, 0x00, 0x39, 0x04, 0x00, 0x00, 
0x37, 0x04, 0x00, 0x00, 0x38, 0x04, 0x00, 0x00, 0x2B, 0x00, 
0x04, 0x00, 0x0C, 0x00, 0x00, 0x00, 0x3A, 0x04, 0x00, 0x00, 
0x07, 0xE6, 0x9D, 0x3E, 0x2B, 0x00, 0x04, 0x00, 0x0C, 0x00, 
0x00, 0x00, 0x3B, 0x04, 0x00, 0x00, 0xCB, 0x45, 0xF5, 0x3E, 
0x2C, 0x00, 0x05, 0x00, 0x1D, 0x00, 0x00, 0x00, 0x3C, 0x04, 
0x00, 0x00, 0x3A, 0x04, 0x00, 0x00, 0x3B, 0x04, 0x00, 0x00, 
0x2B, 0x00, 0x04, 0x00, 0x0C, 0x00, 0x00, 0x00, 0x3D, 0x04, 
0x00, 0x00, 0x86, 0x02, 0xBE, 0x3E, 0x2B, 0x00, 0x04, 0x00, 
0x0C, 0x00, 0x00, 0x00, 0x3E, 0x04, 0x00, 0x00, 0x64, 0xDA, 
0x00, 0x3F, 0x2C, 0x00, 0x05, 0x00, 0x1D, 0x00, 0x00, 0x00, 
0x3F, 0x04, 0x00, 0x00, 0x3D, 0x04, 0x00, 0x00, 0x3E, 0x04, 
0x00, 0x00, 0x2B, 0x00, 0x04, 0x00, 0x0C, 0x00, 0x00, 0x00, 
0x40, 0x04, 0x00, 0x00, 0x43, 0x9D, 0xC8, 0x3E, 0x2B, 0x00, 
0x04, 0x00, 0x0C, 0x00, 0x00, 0x00, 0x41, 0x04, 0x00, 0x00, 
0xD6, 0x9C, 0x43, 0x3F, 0x2C, 0x00, 0x05, 0x00, 0x1D, 0x00, 
0x00, 0x00, 0x42, 0x04, 0x00, 0x00, 0x40, 0x04, 0x00, 0x00, 
0x41, 0x04, 0x00, 0x00, 0x2B, 0x00, 0x04, 0x00, 0x0C, 0x00, 
0x00, 0x00, 0x43, 0x04, 0x00, 0x00, 0xDE, 0x62, 0x94, 0x3E, 
0x2B, 0x00, 0x04, 0x00, 0x0C, 0x00, 0x00, 0x00, 0x44, 0x04, 
0x00, 0x00, 0x3E, 0x3C, 0x7B, 0x3E, 0x2C, 0x00, 0x05, 0x00, 
0x1D, 0x00, 0x00, 0x00, 0x45, 0x04, 0x00, 0x00, 0x43, 0x04, 
0x00, 0x00, 0x44, 0x04, 0x00, 0x00, 0x2B, 0x00, 0x04, 0x00, 
0x0C, 0x00, 0x00, 0x00, 0x46, 0x04, 0x00, 0x00, 0x7E, 0xA4, 
0x65, 0x3E, 0x2B, 0x00, 0x04, 0x00, 0x0C, 0x00, 0x00, 0x00, 
0x47, 0x04, 0x00, 0x00, 0x85, 0xE8, 0x1B, 0x3F, 0x2C, 0x00, 
0x05, 0x00, 0x1D, 0x00, 0x00, 0x00, 0x48, 0x04, 0x00, 0x00, 
0x46, 0x04, 0x00, 0x00, 0x47, 0x04, 0x00, 0x00, 0x2B, 0x00, 
0x04, 0x00, 0x0C, 0x00, 0x00, 0x00, 0x49, 0x04, 0x00, 0x00, 
0xEC, 0xC7, 0x79, 0x3E, 0x2B, 0x00, 0x04, 0x00, 0x0C, 0x00, 
0x00, 0x00, 0x4A, 0x04, 0x00, 0x00, 0x2F, 0xB0, 0x1D, 0x3F, 
0x2C, 0x00, 0x05, 0x00, 0x1D, 0x00, 0x00, 0x00, 0x4B, 0x04, 
0x00, 0x00, 0x49, 0x04, 0x00, 0x00, 0x4A, 0x04, 0x00, 0x00, 
0x2B, 0x00, 0x04, 0x00, 0x0C, 0x00, 0x00, 0x00, 0x4C, 0x04, 
0x00, 0x00, 0x40, 0xCC, 0x7C, 0x3E, 0x2B, 0x00, 0x04, 0x00, 
0x0C, 0x00, 0x00, 0x00, 0x4D, 0x04, 0x00, 0x00, 0xCE, 0xD0, 
0x34, 0x3F, 0x2C, 0x00, 0x05, 0x00, 0x1D, 0x00, 0x00, 0x00, 
0x4E, 0x04, 0x00, 0x00, 0x4C, 0x04, 0x00, 0x00, 0x4D, 0x04, 
0x00, 0x00, 0x2B, 0x00, 0x04, 0x00, 0x0C, 0x00, 0x00, 0x00, 
0x4F, 0x04, 0x00, 0x00, 0x6C, 0x2C, 0x8F, 0x3E, 0x2B, 0x00, 
0x04, 0x00, 0x0C, 0x00, 0x00, 0x00, 0x50, 0x04, 0x00, 0x00, 
0x1E, 0xC9, 0xEC, 0x3E, 0x2C, 0x00, 0x05, 0x00, 0x1D, 0x00, 
0x00, 0x00, 0x51, 0x04, 0x00, 0x00, 0x4F, 0x04, 0x00, 0x00, 
0x50, 0x04, 0x00, 0x00, 0x2B, 0x00, 0x04, 0x00, 0x0C, 0x00, 
0x00, 0x00, 0x52, 0x04, 0x00, 0x00, 0xDA, 0x39, 0x85, 0x3E, 
0x2B, 0x00, 0x04, 0x00, 0x0C, 0x00, 0x00, 0x00, 0x53, 0x04, 
0x00, 0x00, 0x18, 0x6D, 0x5F, 0x3E, 0x2C, 0x00, 0x05, 0x00, 
0x1D, 0x00, 0x00, 0x00, 0x54, 0x04, 0x00, 0x00, 0x52, 0x04, 
0x00, 0x00, 0x53, 0x04, 0x00, 0x00, 0x2B, 0x00, 0x04, 0x00, 
0x0C, 0x00, 0x00, 0x00, 0x55, 0x04, 0x00, 0x00, 0x71, 0xA2, 
0xA7, 0x3E, 0x2B, 0x00, 0x04, 0x00, 0x0C, 0x00, 0x00, 0x00, 
0x56, 0x04, 0x00, 0x00, 0x51, 0xA3, 0x98, 0x3E, 0x2C, 0x00, 
0x05, 0x00, 0x1D, 0x00, 0x00, 0x00, 0x57, 0x04, 0x00, 0x00, 
0x55, 0x04, 0x00, 0x00, 0x56, 0x04, 0x00, 0x00, 0x2B, 0x00, 
0x04, 0x00, 0x0C, 0x00, 0x00, 0x00, 0x58, 0x04, 0x00, 0x00, 
0xC6, 0xE5, 0x5B, 0x3E, 0x2B, 0x00, 0x04, 0x00, 0x0C, 0x00, 
0x00, 0x00, 0x59, 0x04, 0x00, 0x00, 0x0D, 0xAF, 0x53, 0x3F, 
0x2C, 0x00, 0x05, 0x00, 0x1D, 0x00, 0x00, 0x00, 0x5A, 0x04, 
0x00, 0x00, 0x58, 0x04, 0x00, 0x00, 0x59, 0x04, 0x00, 0x00, 
0x2B, 0x00, 0x04, 0x00, 0x0C, 0x00, 0x00, 0x00, 0x5B, 0x04, 
0x00, 0x00, 0x96, 0xD1, 0xD0, 0x3E, 0x2B, 0x00, 0x04, 0x00, 
0x0C, 0x00, 0x00, 0x00, 0x5C, 0x04, 0x00, 0x00, 0x86, 0x98, 
0x31, 0x3E, 0x2C, 0x00, 0x05, 0x00, 0x1D, 0x00, 0x00, 0x00, 
0x5D, 0x04, 0x00, 0x00, 0x5B, 0x04, 0x00, 0x00, 0x5C, 0x04, 
0x00, 0x00, 0x2B, 0x00, 0x04, 0x00, 0x0C, 0x00, 0x00, 0x00, 
0x5E, 0x04, 0x00, 0x00, 0x61, 0xFF, 0x25, 0x3E, 0x2B, 0x00, 
0x04, 0x00, 0x0C, 0x00, 0x00, 0x00, 0x5F, 0x04, 0x00, 0x00, 
0x7B, 0xBC, 0x54, 0x3F, 0x2C, 0x00, 0x05, 0x00, 0x1D, 0x00, 
0x00, 0x00, 0x60, 0x04, 0x00, 0x00, 0x5E, 0x04, 0x00, 0x00, 
0x5F, 0x04, 0x00, 0x00, 0x2B, 0x00, 0x04, 0x00, 0x0C, 0x00, 
0x00, 0x00, 0x61, 0x04, 0x00, 0x00, 0xD3, 0x9C, 0x35, 0x3F, 
0x2B, 0x00, 0x04, 0x00, 0x0C, 0x00, 0x00, 0x00, 0x62, 0x04, 
0x00, 0x00, 0x0C, 0xAA, 0x6A, 0x3E, 0x2C, 0x00, 0x05, 0x00, 
0x1D, 0x00, 0x00, 0x00, 0x63, 0x04, 0x00, 0x00, 0x61, 0x04, 
0x00, 0x00, 0x62, 0x04, 0x00, 0x00, 0x2B, 0x00, 0x04, 0x00, 
0x0C, 0x00, 0x00, 0x00, 0x64, 0x04, 0x00, 0x00, 0xCB, 0xB8, 
0x50, 0x3F, 0x2B, 0x00, 0x04, 0x00, 0x0C, 0x00, 0x00, 0x00, 
0x65, 0x04, 0x00, 0x00, 0x84, 0x78, 0x51, 0x3F, 0x2C, 0x00, 
0x05, 0x00, 0x1D, 0x00, 0x00, 0x00, 0x66, 0x04, 0x00, 0x00, 
0x64, 0x04, 0x00, 0x00, 0x65, 0x04, 0x00, 0x00, 0x2B, 0x00, 
0x04, 0x00, 0x0C, 0x00, 0x00, 0x00, 0x67, 0x04, 0x00, 0x00, 
0xCB, 0x92, 0x58, 0x3F, 0x2B, 0x00, 0x04, 0x00, 0x0C, 0x00, 
0x00, 0x00, 0x68, 0x04, 0x00, 0x00, 0xCA, 0x42, 0x30, 0x3F, 
0x2C, 0x00, 0x05, 0x00, 0x1D, 0x00, 0x00, 0x00, 0x69, 0x04, 
0x00, 0x00, 0x67, 0x04, 0x00, 0x00, 0x68, 0x04, 0x00, 0x00, 
0x2B, 0x00, 0x04, 0x00, 0x0C, 0x00, 0x00, 0x00, 0x6A, 0x04, 
0x00, 0x00, 0xEC, 0x50, 0x49, 0x3F, 0x2B, 0x00, 0x04, 0x00, 
0x0C, 0x00, 0x00, 0x00, 0x6B, 0x04, 0x00, 0x00, 0x4C, 0x6B, 
0xDB, 0x3E, 0x2C, 0x00, 0x05, 0x00, 0x1D, 0x00, 0x00, 0x00, 
0x6C, 0x04, 0x00, 0x00, 0x6A, 0x04, 0x00, 0x00, 0x6B, 0x04, 
0x00, 0x00, 0x2B, 0x00, 0x04, 0x00, 0x0C, 0x00, 0x00, 0x00, 
0x6D, 0x04, 0x00, 0x00, 0xA9, 0x70, 0x49, 0x3F, 0x2B, 0x00, 
0x04, 0x00, 0x0C, 0x00, 0x00, 0x00, 0x6E, 0x04, 0x00, 0x00, 
0x69, 0xF3, 0x13, 0x3F, 0x2C, 0x00, 0x05, 0x00, 0x1D, 0x00, 
0x00, 0x00, 0x6F, 0x04, 0x00, 0x00, 0x6D, 0x04, 0x00, 0x00, 
0x6E, 0x04, 0x00, 0x00, 0x2B, 0x00, 0x04, 0x00, 0x0C, 0x00, 
0x00, 0x00, 0x70, 0x04, 0x00, 0x00, 0xCC, 0x7D, 0x4A, 0x3F, 
0x2B, 0x00, 0x04, 0x00, 0x0C, 0x00, 0x00, 0x00, 0x71, 0x04, 
0x00, 0x00, 0xBD, 0x19, 0x2D, 0x3F, 0x2C, 0x00, 0x05, 0x00, 
0x1D, 0x00, 0x00, 0x00, 0x72, 0x04, 0x00, 0x00, 0x70, 0x04, 
0x00, 0x00, 0x71, 0x04, 0x00, 0x00, 0x2B, 0x00, 0x04, 0x00, 
0x0C, 0x00, 0x00, 0x00, 0x73, 0x04, 0x00, 0x00, 0x9C, 0xEF, 
0x3D, 0x3F, 0x2B, 0x00, 0x04, 0x00, 0x0C, 0x00, 0x00, 0x00, 
0x74, 0x04, 0x00, 0x00, 0xCE, 0xA9, 0xF4, 0x3E, 0x2C, 0x00, 
0x05, 0x00, 0x1D, 0x00, 0x00, 0x00, 0x75, 0x04, 0x00, 0x00, 
0x73, 0x04, 0x00, 0x00, 0x74, 0x04, 0x00, 0x00, 0x2B, 0x00, 
0x04, 0x00, 0x0C, 0x00, 0x00, 0x00, 0x76, 0x04, 0x00, 0x00, 
0x10, 0x23, 0x3A, 0x3F, 0x2B, 0x00, 0x04, 0x00, 0x0C, 0x00, 
0x00, 0x00, 0x77, 0x04, 0x00, 0x00, 0x30, 0x84, 0xFC, 0x3E, 
0x2C, 0x00, 0x05, 0x00, 0x1D, 0x00, 0x00, 0x00, 0x78, 0x04, 
0x00, 0x00, 0x76, 0x04, 0x00, 0x00, 0x77, 0x04, 0x00, 0x00, 
0x2B, 0x00, 0x04, 0x00, 0x0C, 0x00, 0x00, 0x00, 0x79, 0x04, 
0x00, 0x00, 0x38, 0x0F, 0x1E, 0x3F, 0x2B, 0x00, 0x04, 0x00, 
0x0C, 0x00, 0x00, 0x00, 0x7A, 0x04, 0x00, 0x00, 0x78, 0x2A, 
0x4D, 0x3F, 0x2C, 0x00, 0x05, 0x00, 0x1D, 0x00, 0x00, 0x00, 
0x7B, 0x04, 0x00, 0x00, 0x79, 0x04, 0x00, 0x00, 0x7A, 0x04, 
0x00, 0x00, 0x2B, 0x00, 0x04, 0x00, 0x0C, 0x00, 0x00, 0x00, 
0x7C, 0x04, 0x00, 0x00, 0x02, 0xC6, 0x0B, 0x3F, 0x2B, 0x00, 
0x04, 0x00, 0x0C, 0x00, 0x00, 0x00, 0x7D, 0x04, 0x00, 0x00, 
0xFE, 0x2C, 0x2D, 0x3F, 0x2C, 0x00, 0x05, 0x00, 0x1D, 0x00, 
0x00, 0x00, 0x7E, 0x04, 0x00, 0x00, 0x7C, 0x04, 0x00, 0x00, 
0x7D, 0x04, 0x00, 0x00, 0x2B, 0x00, 0x04, 0x00, 0x0C, 0x00, 
0x00, 0x00, 0x7F, 0x04, 0x00, 0x00, 0x0F, 0x2B, 0x01, 0x3F, 
0x2B, 0x00, 0x04, 0x00, 0x0C, 0x00, 0x00, 0x00, 0x80, 0x04, 
0x00, 0x00, 0xEE, 0x2A, 0xDF, 0x3E, 0x2C, 0x00, 0x05, 0x00, 
0x1D, 0x00, 0x00, 0x00, 0x81, 0x04, 0x00, 0x00, 0x7F, 0x04, 
0x00, 0x00, 0x80, 0x04, 0x00, 0x00, 0x2B, 0x00, 0x04, 0x00, 
0x0C, 0x00, 0x00, 0x00, 0x82, 0x04, 0x00, 0x00, 0x39, 0x74, 
0xE0, 0x3E, 0x2B, 0x00, 0x04, 0x00, 0x0C, 0x00, 0x00, 0x00, 
0x83, 0x04, 0x00, 0x00, 0xC3, 0xDE, 0x2F, 0x3E, 0x2C, 0x00, 
0x05, 0x00, 0x1D, 0x00, 0x00, 0x00, 0x84, 0x04, 0x00, 0x00, 
0x82, 0x04, 0x00, 0x00, 0x83, 0x04, 0x00, 0x00, 0x2B, 0x00, 
0x04, 0x00, 0x0C, 0x00, 0x00, 0x00, 0x85, 0x04, 0x00, 0x00, 
0x9C, 0xB7, 0xD3, 0x3E, 0x2B, 0x00, 0x04, 0x00, 0x0C, 0x00, 
0x00, 0x00, 0x86, 0x04, 0x00, 0x00, 0x22, 0x72, 0xFE, 0x3E, 
0x2C, 0x00, 0x05, 0x00, 0x1D, 0x00, 0x00, 0x00, 0x87, 0x04, 
0x00, 0x00, 0x85, 0x04, 0x00, 0x00, 0x86, 0x04, 0x00, 0x00, 
0x2B, 0x00, 0x04, 0x00, 0x0C, 0x00, 0x00, 0x00, 0x88, 0x04, 
0x00, 0x00, 0xF2, 0xC7, 0xC5, 0x3E, 0x2B, 0x00, 0x04, 0x00, 
0x0C, 0x00, 0x00, 0x00, 0x89, 0x04, 0x00, 0x00, 0xF5, 0x61, 
0x46, 0x3F, 0x2C, 0x00, 0x05, 0x00, 0x1D, 0x00, 0x00, 0x00, 
0x8A, 0x04, 0x00, 0x00, 0x88, 0x04, 0x00, 0x00, 0x89, 0x04, 
0x00, 0x00, 0x2B, 0x00, 0x04, 0x00, 0x0C, 0x00, 0x00, 0x00, 
0x8B, 0x04, 0x00, 0x00, 0x06, 0xF2, 0x6C, 0x3E, 0x2B, 0x00, 
0x04, 0x00, 0x0C, 0x00, 0x00, 0x00, 0x8C, 0x04, 0x00, 0x00, 
0x74, 0xE4, 0x32, 0x3E, 0x2C, 0x00, 0x05, 0x00, 0x1D, 0x00, 
0x00, 0x00, 0x8D, 0x04, 0x00, 0x00, 0x8B, 0x04, 0x00, 0x00, 
0x8C, 0x04, 0x00, 0x00, 0x2B, 0x00, 0x04, 0x00, 0x0C, 0x00, 
0x00, 0x00, 0x8E, 0x04, 0x00, 0x00, 0x61, 0xB0, 0x0B, 0x3F, 
0x2B, 0x00, 0x04, 0x00, 0x0C, 0x00, 0x00, 0x00, 0x8F, 0x04, 
0x00, 0x00, 0xDC, 0x1D, 0x48, 0x3F, 0x2C, 0x00, 0x05, 0x00, 
0x1D, 0x00, 0x00, 0x00, 0x90, 0x04, 0x00, 0x00, 0x8E, 0x04, 
0x00, 0x00, 0x8F, 0x04, 0x00, 0x00, 0x2B, 0x00, 0x04, 0x00, 
0x0C, 0x00, 0x00, 0x00, 0x91, 0x04, 0x00, 0x00, 0x31, 0xD2, 
0x8F, 0x3E, 0x2B, 0x00, 0x04, 0x00, 0x0C, 0x00, 0x00, 0x00, 
0x92, 0x04, 0x00, 0x00, 0x51, 0x8C, 0xF7, 0x3D, 0x2C, 0x00, 
0x05, 0x00, 0x1D, 0x00, 0x00, 0x00, 0x93, 0x04, 0x00, 0x00, 
0x91, 0x04, 0x00, 0x00, 0x92, 0x04, 0x00, 0x00, 0x2B, 0x00, 
0x04, 0x00, 0x0C, 0x00, 0x00, 0x00, 0x94, 0x04, 0x00, 0x00, 
0xA1, 0xA8, 0x9E, 0x3E, 0x2B, 0x00, 0x04, 0x00, 0x0C, 0x00, 
0x00, 0x00, 0x95, 0x04, 0x00, 0x00, 0x78, 0xD5, 0x2A, 0x3F, 
0x2C, 0x00, 0x05, 0x00, 0x1D, 0x00, 0x00, 0x00, 0x96, 0x04, 
0x00, 0x00, 0x94, 0x04, 0x00, 0x00, 0x95, 0x04, 0x00, 0x00, 
0x2B, 0x00, 0x04, 0x00, 0x0C, 0x00, 0x00, 0x00, 0x97, 0x04, 
0x00, 0x00, 0xFF, 0x29, 0xBC, 0x3E, 0x2B, 0x00, 0x04, 0x00, 
0x0C, 0x00, 0x00, 0x00, 0x98, 0x04, 0x00, 0x00, 0x67, 0x57, 
0x21, 0x3F, 0x2C, 0x00, 0x05, 0x00, 0x1D, 0x00, 0x00, 0x00, 
0x99, 0x04, 0x00, 0x00, 0x97, 0x04, 0x00, 0x00, 0x98, 0x04, 
0x00, 0x00, 0x2B, 0x00, 0x04, 0x00, 0x0C, 0x00, 0x00, 0x00, 
0x9A, 0x04, 0x00, 0x00, 0xDA, 0x1D, 0xAA, 0x3E, 0x2B, 0x00, 
0x04, 0x00, 0x0C, 0x00, 0x00, 0x00, 0x9B, 0x04, 0x00, 0x00, 
0x6B, 0x7E, 0x00, 0x3F, 0x2C, 0x00, 0x05, 0x00, 0x1D, 0x00, 
0x00, 0x00, 0x9C, 0x04, 0x00, 0x00, 0x9A, 0x04, 0x00, 0x00, 
0x9B, 0x04, 0x00, 0x00, 0x2B, 0x00, 0x04, 0x00, 0x0C, 0x00, 
0x00, 0x00, 0x9D, 0x04, 0x00, 0x00, 0x0F, 0xFC, 0x96, 0x3E, 
0x2B, 0x00, 0x04, 0x00, 0x0C, 0x00, 0x00, 0x00, 0x9E, 0x04, 
0x00, 0x00, 0x7C, 0x8C, 0x45, 0x3F, 0x2C, 0x00, 0x05, 0x00, 
0x1D, 0x00, 0x00, 0x00, 0x9F, 0x04, 0x00, 0x00, 0x9D, 0x04, 
0x00, 0x00, 0x9E, 0x04, 0x00, 0x00, 0x2B, 0x00, 0x04, 0x00, 
0x0C, 0x00, 0x00, 0x00, 0xA0, 0x04, 0x00, 0x00, 0x85, 0x0A, 
0x76, 0x3E, 0x2B, 0x00, 0x04, 0x00, 0x0C, 0x00, 0x00, 0x00, 
0xA1, 0x04, 0x00, 0x00, 0x06, 0x2F, 0xFA, 0x3E, 0x2C, 0x00, 
0x05, 0x00, 0x1D, 0x00, 0x00, 0x00, 0xA2, 0x04, 0x00, 0x00, 
0xA0, 0x04, 0x00, 0x00, 0xA1, 0x04, 0x00, 0x00, 0x2B, 0x00, 
0x04, 0x00, 0x0C, 0x00, 0x00, 0x00, 0xA3, 0x04, 0x00, 0x00, 
0x9E, 0x30, 0x8B, 0x3E, 0x2B, 0x00, 0x04, 0x00, 0x0C, 0x00, 
0x00, 0x00, 0xA4, 0x04, 0x00, 0x00, 0xD4, 0x2D, 0x14, 0x3F, 
0x2C, 0x00, 0x05, 0x00, 0x1D, 0x00, 0x00, 0x00, 0xA5, 0x04, 
0x00, 0x00, 0xA3, 0x04, 0x00, 0x00, 0xA4, 0x04, 0x00, 0x00, 
0x2B, 0x00, 0x04, 0x00, 0x0C, 0x00, 0x00, 0x00, 0xA6, 0x04, 
0x00, 0x00, 0x15, 0xD8, 0x89, 0x3E, 0x2B, 0x00, 0x04, 0x00, 
0x0C, 0x00, 0x00, 0x00, 0xA7, 0x04, 0x00, 0x00, 0x63, 0xBB, 
0xAE, 0x3E, 0x2C, 0x00, 0x05, 0x00, 0x1D, 0x00, 0x00, 0x00, 
0xA8, 0x04, 0x00, 0x00, 0xA6, 0x04, 0x00, 0x00, 0xA7, 0x04, 
0x00, 0x00, 0x2B, 0x00, 0x04, 0x00, 0x0C, 0x00, 0x00, 0x00, 
0xA9, 0x04, 0x00, 0x00, 0x5C, 0x62, 0x5B, 0x3E, 0x2B, 0x00, 
0x04, 0x00, 0x0C, 0x00, 0x00, 0x00, 0xAA, 0x04, 0x00, 0x00, 
0x5C, 0x3D, 0x35, 0x3F, 0x2C, 0x00, 0x05, 0x00, 0x1D, 0x00, 
0x00, 0x00, 0xAB, 0x04, 0x00, 0x00, 0xA9, 0x04, 0x00, 0x00, 
0xAA, 0x04, 0x00, 0x00, 0x2B, 0x00, 0x04, 0x00, 0x0C, 0x00, 
0x00, 0x00, 0xAC, 0x04, 0x00, 0x00, 0xB2, 0xC3, 0x5B, 0x3E, 
0x2B, 0x00, 0x04, 0x00, 0x0C, 0x00, 0x00, 0x00, 0xAD, 0x04, 
0x00, 0x00, 0x94, 0xCB, 0x1B, 0x3F, 0x2C, 0x00, 0x05, 0x00, 
0x1D, 0x00, 0x00, 0x00, 0xAE, 0x04, 0x00, 0x00, 0xAC, 0x04, 
0x00, 0x00, 0xAD, 0x04, 0x00, 0x00, 0x2B, 0x00, 0x04, 0x00, 
0x0C, 0x00, 0x00, 0x00, 0xAF, 0x04, 0x00, 0x00, 0xDF, 0x86, 
0x5D, 0x3E, 0x2B, 0x00, 0x04, 0x00, 0x0C, 0x00, 0x00, 0x00, 
0xB0, 0x04, 0x00, 0x00, 0xB3, 0xC2, 0xB6, 0x3E, 0x2C, 0x00, 
0x05, 0x00, 0x1D, 0x00, 0x00, 0x00, 0xB1, 0x04, 0x00, 0x00, 
0xAF, 0x04, 0x00, 0x00, 0xB0, 0x04, 0x00, 0x00, 0x2B, 0x00, 
0x04, 0x00, 0x0C, 0x00, 0x00, 0x00, 0xB2, 0x04, 0x00, 0x00, 
0x64, 0xC8, 0xA2, 0x3E, 0x2B, 0x00, 0x04, 0x00, 0x0C, 0x00, 
0x00, 0x00, 0xB3, 0x04, 0x00, 0x00, 0xCD, 0x3F, 0x1A, 0x3E, 
0x2C, 0x00, 0x05, 0x00, 0x1D, 0x00, 0x00, 0x00, 0xB4, 0x04, 
0x00, 0x00, 0xB2, 0x04, 0x00, 0x00, 0xB3, 0x04, 0x00, 0x00, 
0x2B, 0x00, 0x04, 0x00, 0x0C, 0x00, 0x00, 0x00, 0xB5, 0x04, 
0x00, 0x00, 0xBF, 0x60, 0x77, 0x3E, 0x2B, 0x00, 0x04, 0x00, 
0x0C, 0x00, 0x00, 0x00, 0xB6, 0x04, 0x00, 0x00, 0x5A, 0x44, 
0x0D, 0x3F, 0x2C, 0x00, 0x05, 0x00, 0x1D, 0x00, 0x00, 0x00, 
0xB7, 0x04, 0x00, 0x00, 0xB5, 0x04, 0x00, 0x00, 0xB6, 0x04, 
0x00, 0x00, 0x2B, 0x00, 0x04, 0x00, 0x0C, 0x00, 0x00, 0x00, 
0xB8, 0x04, 0x00, 0x00, 0x93, 0xF6, 0x68, 0x3E, 0x2B, 0x00, 
0x04, 0x00, 0x0C, 0x00, 0x00, 0x00, 0xB9, 0x04, 0x00, 0x00, 
0x92, 0x85, 0x45, 0x3F, 0x2C, 0x00, 0x05, 0x00, 0x1D, 0x00, 
0x00, 0x00, 0xBA, 0x04, 0x00, 0x00, 0xB8, 0x04, 0x00, 0x00, 
0xB9, 0x04, 0x00, 0x00, 0x2B, 0x00, 0x04, 0x00, 0x0C, 0x00, 
0x00, 0x00, 0xBB, 0x04, 0x00, 0x00, 0xE0, 0xCD, 0x84, 0x3E, 
0x2B, 0x00, 0x04, 0x00, 0x0C, 0x00, 0x00, 0x00, 0xBC, 0x04, 
0x00, 0x00, 0x6B, 0xFC, 0x68, 0x3E, 0x2C, 0x00, 0x05, 0x00, 
0x1D, 0x00, 0x00, 0x00, 0xBD, 0x04, 0x00, 0x00, 0xBB, 0x04, 
0x00, 0x00, 0xBC, 0x04, 0x00, 0x00, 0x2B, 0x00, 0x04, 0x00, 
0x0C, 0x00, 0x00, 0x00, 0xBE, 0x04, 0x00, 0x00, 0x84, 0x83, 
0x25, 0x3E, 0x2B, 0x00, 0x04, 0x00, 0x0C, 0x00, 0x00, 0x00, 
0xBF, 0x04, 0x00, 0x00, 0x6E, 0x6F, 0x28, 0x3F, 0x2C, 0x00, 
0x05, 0x00, 0x1D, 0x00, 0x00, 0x00, 0xC0, 0x04, 0x00, 0x00, 
0xBE, 0x04, 0x00, 0x00, 0xBF, 0x04, 0x00, 0x00, 0x2B, 0x00, 
0x04, 0x00, 0x0C, 0x00, 0x00, 0x00, 0xC1, 0x04, 0x00, 0x00, 
0xD0, 0x03, 0xE5, 0x3E, 0x2B, 0x00, 0x04, 0x00, 0x0C, 0x00, 
0x00, 0x00, 0xC2, 0x04, 0x00, 0x00, 0x17, 0x8E, 0xB6, 0x3D, 
0x2C, 0x00, 0x05, 0x00, 0x1D, 0x00, 0x00, 0x00, 0xC3, 0x04, 
0x00, 0x00, 0xC1, 0x04, 0x00, 0x00, 0xC2, 0x04, 0x00, 0x00, 
0x2B, 0x00, 0x04, 0x00, 0x0C, 0x00, 0x00, 0x00, 0xC4, 0x04, 
0x00, 0x00, 0x91, 0xE8, 0x96, 0x3E, 0x2B, 0x00, 0x04, 0x00, 
0x0C, 0x00, 0x00, 0x00, 0xC5, 0x04, 0x00, 0x00, 0x45, 0x77, 
0x2A, 0x3F, 0x2C, 0x00, 0x05, 0x00, 0x1D, 0x00, 0x00, 0x00, 
0xC6, 0x04, 0x00, 0x00, 0xC4, 0x04, 0x00, 0x00, 0xC5, 0x04, 
0x00, 0x00, 0x2B, 0x00, 0x04, 0x00, 0x0C, 0x00, 0x00, 0x00, 
0xC7, 0x04, 0x00, 0x00, 0xF8, 0xC2, 0xD0, 0x3E, 0x2B, 0x00, 
0x04, 0x00, 0x0C, 0x00, 0x00, 0x00, 0xC8, 0x04, 0x00, 0x00, 
0xCE, 0x05, 0x1F, 0x3F, 0x2C, 0x00, 0x05, 0x00, 0x1D, 0x00, 
0x00, 0x00, 0xC9, 0x04, 0x00, 0x00, 0xC7, 0x04, 0x00, 0x00, 
0xC8, 0x04, 0x00, 0x00, 0x2B, 0x00, 0x04, 0x00, 0x0C, 0x00, 
0x00, 0x00, 0xCA, 0x04, 0x00, 0x00, 0x3A, 0xF1, 0xC0, 0x3E, 
0x2B, 0x00, 0x04, 0x00, 0x0C, 0x00, 0x00, 0x00, 0xCB, 0x04, 
0x00, 0x00, 0x8D, 0x9D, 0xE7, 0x3E, 0x2C, 0x00, 0x05, 0x00, 
0x1D, 0x00, 0x00, 0x00, 0xCC, 0x04, 0x00, 0x00, 0xCA, 0x04, 
0x00, 0x00, 0xCB, 0x04, 0x00, 0x00, 0x2B, 0x00, 0x04, 0x00, 
0x0C, 0x00, 0x00, 0x00, 0xCD, 0x04, 0x00, 0x00, 0x85, 0x2B, 
0x93, 0x3E, 0x2B, 0x00, 0x04, 0x00, 0x0C, 0x00, 0x00, 0x00, 
0xCE, 0x04, 0x00, 0x00, 0x25, 0xBD, 0x3C, 0x3F, 0x2C, 0x00, 
0x05, 0x00, 0x1D, 0x00, 0x00, 0x00, 0xCF, 0x04, 0x00, 0x00, 
0xCD, 0x04, 0x00, 0x00, 0xCE, 0x04, 0x00, 0x00, 0x2B, 0x00, 
0x04, 0x00, 0x0C, 0x00, 0x00, 0x00, 0xD0, 0x04, 0x00, 0x00, 
0xBF, 0x40, 0x5D, 0x3E, 0x2B, 0x00, 0x04, 0x00, 0x0C, 0x00, 
0x00, 0x00, 0xD1, 0x04, 0x00, 0x00, 0xEC, 0xE2, 0xED, 0x3E, 
0x2C, 0x00, 0x05, 0x00, 0x1D, 0x00, 0x00, 0x00, 0xD2, 0x04, 
0x00, 0x00, 0xD0, 0x04, 0x00, 0x00, 0xD1, 0x04, 0x00, 0x00, 
0x2B, 0x00, 0x04, 0x00, 0x0C, 0x00, 0x00, 0x00, 0xD3, 0x04, 
0x00, 0x00, 0x89, 0x11, 0x2D, 0x3E, 0x2B, 0x00, 0x04, 0x00, 
0x0C, 0x00, 0x00, 0x00, 0xD4, 0x04, 0x00, 0x00, 0x7A, 0x45, 
0x20, 0x3F, 0x2C, 0x00, 0x05, 0x00, 0x1D, 0x00, 0x00, 0x00, 
0xD5, 0x04, 0x00, 0x00, 0xD3, 0x04, 0x00, 0x00, 0xD4, 0x04, 
0x00, 0x00, 0x2B, 0x00, 0x04, 0x00, 0x0C, 0x00, 0x00, 0x00, 
0xD6, 0x04, 0x00, 0x00, 0xEA, 0x53, 0x28, 0x3E, 0x2B, 0x00, 
0x04, 0x00, 0x0C, 0x00, 0x00, 0x00, 0xD7, 0x04, 0x00, 0x00, 
0x9C, 0x13, 0xBC, 0x3E, 0x2C, 0x00, 0x05, 0x00, 0x1D, 0x00, 
0x00, 0x00, 0xD8, 0x04, 0x00, 0x00, 0xD6, 0x04, 0x00, 0x00, 
0xD7, 0x04, 0x00, 0x00, 0x2B, 0x00, 0x04, 0x00, 0x0C, 0x00, 
0x00, 0x00, 0xD9, 0x04, 0x00, 0x00, 0xB6, 0x06, 0xF0, 0x3D, 
0x2B, 0x00, 0x04, 0x00, 0x0C, 0x00, 0x00, 0x00, 0xDA, 0x04, 
0x00, 0x00, 0xF4, 0x66, 0x31, 0x3F, 0x2C, 0x00, 0x05, 0x00, 
0x1D, 0x00, 0x00, 0x00, 0xDB, 0x04, 0x00, 0x00, 0xD9, 0x04, 
0x00, 0x00, 0xDA, 0x04, 0x00, 0x00, 0x2B, 0x00, 0x04, 0x00, 
0x0C, 0x00, 0x00, 0x00, 0xDC, 0x04, 0x00, 0x00, 0xEC, 0x31, 
0xD5, 0x3E, 0x2B, 0x00, 0x04, 0x00, 0x0C, 0x00, 0x00, 0x00, 
0xDD, 0x04, 0x00, 0x00, 0x03, 0xC1, 0x17, 0x3F, 0x2C, 0x00, 
0x05, 0x00, 0x1D, 0x00, 0x00, 0x00, 0xDE, 0x04, 0x00, 0x00, 
0xDC, 0x04, 0x00, 0x00, 0xDD, 0x04, 0x00, 0x00, 0x2B, 0x00, 
0x04, 0x00, 0x0C, 0x00, 0x00, 0x00, 0xDF, 0x04, 0x00, 0x00, 
0x23, 0xD1, 0xBC, 0x3E, 0x2B, 0x00, 0x04, 0x00, 0x0C, 0x00, 
0x00, 0x00, 0xE0, 0x04, 0x00, 0x00, 0x93, 0x29, 0xAD, 0x3E, 
0x2C, 0x00, 0x05, 0x00, 0x1D, 0x00, 0x00, 0x00, 0xE1, 0x04, 
0x00, 0x00, 0xDF, 0x04, 0x00, 0x00, 0xE0, 0x04, 0x00, 0x00, 
0x2B, 0x00, 0x04, 0x00, 0x0C, 0x00, 0x00, 0x00, 0xE2, 0x04, 
0x00, 0x00, 0x26, 0x57, 0xC9, 0x3E, 0x2B, 0x00, 0x04, 0x00, 
0x0C, 0x00, 0x00, 0x00, 0xE3, 0x04, 0x00, 0x00, 0xB7, 0x81, 
0x3E, 0x3E, 0x2C, 0x00, 0x05, 0x00, 0x1D, 0x00, 0x00, 0x00, 
0xE4, 0x04, 0x00, 0x00, 0xE2, 0x04, 0x00, 0x00, 0xE3, 0x04, 
0x00, 0x00, 0x2B, 0x00, 0x04, 0x00, 0x0C, 0x00, 0x00, 0x00, 
0xE5, 0x04, 0x00, 0x00, 0xEA, 0x91, 0xA6, 0x3E, 0x2B, 0x00, 
0x04, 0x00, 0x0C, 0x00, 0x00, 0x00, 0xE6, 0x04, 0x00, 0x00, 
0x28, 0x0E, 0x0E, 0x3F, 0x2C, 0x00, 0x05, 0x00, 0x1D, 0x00, 
0x00, 0x00, 0xE7, 0x04, 0x00, 0x00, 0xE5, 0x04, 0x00, 0x00, 
0xE6, 0x04, 0x00, 0x00, 0x2B, 0x00, 0x04, 0x00, 0x0C, 0x00, 
0x00, 0x00, 0xE8, 0x04, 0x00, 0x00, 0x08, 0xA8, 0xAD, 0x3E, 
0x2B, 0x00, 0x04, 0x00, 0x0C, 0x00, 0x00, 0x00, 0xE9, 0x04, 
0x00, 0x00, 0x64, 0x35, 0x41, 0x3F, 0x2C, 0x00, 0x05, 0x00, 
0x1D, 0x00, 0x00, 0x00, 0xEA, 0x04, 0x00, 0x00, 0xE8, 0x04, 
0x00, 0x00, 0xE9, 0x04, 0x00, 0x00, 0x2B, 0x00, 0x04, 0x00, 
0x0C, 0x00, 0x00, 0x00, 0xEB, 0x04, 0x00, 0x00, 0x1B, 0xF1, 
0x85, 0x3E, 0x2B, 0x00, 0x04, 0x00, 0x0C, 0x00, 0x00, 0x00, 
0xEC, 0x04, 0x00, 0x00, 0x52, 0xAB, 0x95, 0x3E, 0x2C, 0x00, 
0x05, 0x00, 0x1D, 0x00, 0x00, 0x00, 0xED, 0x04, 0x00, 0x00, 
0xEB, 0x04, 0x00, 0x00, 0xEC, 0x04, 0x00, 0x00, 0x2B, 0x00, 
0x04, 0x00, 0x0C, 0x00, 0x00, 0x00, 0xEE, 0x04, 0x00, 0x00, 
0x91, 0x9F, 0x04, 0x3F, 0x2B, 0x00, 0x04, 0x00, 0x0C, 0x00, 
0x00, 0x00, 0xEF, 0x04, 0x00, 0x00, 0x3A, 0x6A, 0x1E, 0x3F, 
0x2C, 0x00, 0x05, 0x00, 0x1D, 0x00, 0x00, 0x00, 0xF0, 0x04, 
0x00, 0x00, 0xEE, 0x04, 0x00, 0x00, 0xEF, 0x04, 0x00, 0x00, 
0x2B, 0x00, 0x04, 0x00, 0x0C, 0x00, 0x00, 0x00, 0xF1, 0x04, 
0x00, 0x00, 0x5D, 0x7C, 0xD7, 0x3E, 0x2B, 0x00, 0x04, 0x00, 
0x0C, 0x00, 0x00, 0x00, 0xF2, 0x04, 0x00, 0x00, 0x10, 0x9C, 
0xC9, 0x3D, 0x2C, 0x00, 0x05, 0x00, 0x1D, 0x00, 0x00, 0x00, 
0xF3, 0x04, 0x00, 0x00, 0xF1, 0x04, 0x00, 0x00, 0xF2, 0x04, 
0x00, 0x00, 0x2B, 0x00, 0x04, 0x00, 0x0C, 0x00, 0x00, 0x00, 
0xF4, 0x04, 0x00, 0x00, 0x1F, 0x80, 0x98, 0x3E, 0x2B, 0x00, 
0x04, 0x00, 0x0C, 0x00, 0x00, 0x00, 0xF5, 0x04, 0x00, 0x00, 
0x74, 0xE4, 0x36, 0x3F, 0x2C, 0x00, 0x05, 0x00, 0x1D, 0x00, 
0x00, 0x00, 0xF6, 0x04, 0x00, 0x00, 0xF4, 0x04, 0x00, 0x00, 
0xF5, 0x04, 0x00, 0x00, 0x2B, 0x00, 0x04, 0x00, 0x0C, 0x00, 
0x00, 0x00, 0xF7, 0x04, 0x00, 0x00, 0x0D, 0xCC, 0x9D, 0x3E, 
0x2B, 0x00, 0x04, 0x00, 0x0C, 0x00, 0x00, 0x00, 0xF8, 0x04, 
0x00, 0x00, 0x8D, 0xE6, 0x16, 0x3F, 0x2C, 0x00, 0x05, 0x00, 
0x1D, 0x00, 0x00, 0x00, 0xF9, 0x04, 0x00, 0x00, 0xF7, 0x04, 
0x00, 0x00, 0xF8, 0x04, 0x00, 0x00, 0x2B, 0x00, 0x04, 0x00, 
0x0C, 0x00, 0x00, 0x00, 0xFA, 0x04, 0x00, 0x00, 0xD9, 0xF1, 
0xA2, 0x3E, 0x2B, 0x00, 0x04, 0x00, 0x0C, 0x00, 0x00, 0x00, 
0xFB, 0x04, 0x00, 0x00, 0x04, 0x07, 0xEF, 0x3E, 0x2C, 0x00, 
0x05, 0x00, 0x1D, 0x00, 0x00, 0x00, 0xFC, 0x04, 0x00, 0x00, 
0xFA, 0x04, 0x00, 0x00, 0xFB, 0x04, 0x00, 0x00, 0x2B, 0x00, 
0x04, 0x00, 0x0C, 0x00, 0x00, 0x00, 0xFD, 0x04, 0x00, 0x00, 
0xEF, 0xDC, 0xBC, 0x3E, 0x2B, 0x00, 0x04, 0x00, 0x0C, 0x00, 
0x00, 0x00, 0xFE, 0x04, 0x00, 0x00, 0xA0, 0xD1, 0x38, 0x3F, 
0x2C, 0x00, 0x05, 0x00, 0x1D, 0x00, 0x00, 0x00, 0xFF, 0x04, 
0x00, 0x00, 0xFD, 0x04, 0x00, 0x00, 0xFE, 0x04, 0x00, 0x00, 
0x2B, 0x00, 0x04, 0x00, 0x0C, 0x00, 0x00, 0x00, 0x00, 0x05, 
0x00, 0x00, 0x7A, 0x5F, 0x09, 0x3F, 0x2B, 0x00, 0x04, 0x00, 
0x0C, 0x00, 0x00, 0x00, 0x01, 0x05, 0x00, 0x00, 0xC5, 0x68, 
0xCB, 0x3E, 0x2C, 0x00, 0x05, 0x00, 0x1D, 0x00, 0x00, 0x00, 
0x02, 0x05, 0x00, 0x00, 0x00, 0x05, 0x00, 0x00, 0x01, 0x05, 
0x00, 0x00, 0x2B, 0x00, 0x04, 0x00, 0x0C, 0x00, 0x00, 0x00, 
0x03, 0x05, 0x00, 0x00, 0xD4, 0xAE, 0x43, 0x3F, 0x2B, 0x00, 
0x04, 0x00, 0x0C, 0x00, 0x00, 0x00, 0x04, 0x05, 0x00, 0x00, 
0x5F, 0xC4, 0xE0, 0x3E, 0x2C, 0x00, 0x05, 0x00, 0x1D, 0x00, 
0x00, 0x00, 0x05, 0x05, 0x00, 0x00, 0x03, 0x05, 0x00, 0x00, 
0x04, 0x05, 0x00, 0x00, 0x2B, 0x00, 0x04, 0x00, 0x0C, 0x00, 
0x00, 0x00, 0x06, 0x05, 0x00, 0x00, 0x98, 0xC9, 0x31, 0x3F, 
0x2B, 0x00, 0x04, 0x00, 0x0C, 0x00, 0x00, 0x00, 0x07, 0x05, 
0x00, 0x00, 0xB4, 0x94, 0x22, 0x3F, 0x2C, 0x00, 0x05, 0x00, 
0x1D, 0x00, 0x00, 0x00, 0x08, 0x05, 0x00, 0x00, 0x06, 0x05, 
0x00, 0x00, 0x07, 0x05, 0x00, 0x00, 0x2B, 0x00, 0x04, 0x00, 
0x0C, 0x00, 0x00, 0x00, 0x09, 0x05, 0x00, 0x00, 0xCD, 0xF2, 
0x4F, 0x3F, 0x2B, 0x00, 0x04, 0x00, 0x0C, 0x00, 0x00, 0x00, 
0x0A, 0x05, 0x00, 0x00, 0x59, 0x7B, 0xBD, 0x3E, 0x2C, 0x00, 
0x05, 0x00, 0x1D, 0x00, 0x00, 0x00, 0x0B, 0x05, 0x00, 0x00, 
0x09, 0x05, 0x00, 0x00, 0x0A, 0x05, 0x00, 0x00, 0x2B, 0x00, 
0x04, 0x00, 0x0C, 0x00, 0x00, 0x00, 0x0C, 0x05, 0x00, 0x00, 
0x06, 0x14, 0x4D, 0x3F, 0x2B, 0x00, 0x04, 0x00, 0x0C, 0x00, 
0x00, 0x00, 0x0D, 0x05, 0x00, 0x00, 0x2C, 0xF6, 0xFE, 0x3E, 
0x2C, 0x00, 0x05, 0x00, 0x1D, 0x00, 0x00, 0x00, 0x0E, 0x05, 
0x00, 0x00, 0x0C, 0x05, 0x00, 0x00, 0x0D, 0x05, 0x00, 0x00, 
0x2B, 0x00, 0x04, 0x00, 0x0C, 0x00, 0x00, 0x00, 0x0F, 0x05, 
0x00, 0x00, 0x77, 0xEE, 0x3C, 0x3F, 0x2B, 0x00, 0x04, 0x00, 
0x0C, 0x00, 0x00, 0x00, 0x10, 0x05, 0x00, 0x00, 0xB6, 0x27, 
0x75, 0x3E, 0x2C, 0x00, 0x05, 0x00, 0x1D, 0x00, 0x00, 0x00, 
0x11, 0x05, 0x00, 0x00, 0x0F, 0x05, 0x00, 0x00, 0x10, 0x05, 
0x00, 0x00, 0x2B, 0x00, 0x04, 0x00, 0x0C, 0x00, 0x00, 0x00, 
0x12, 0x05, 0x00, 0x00, 0x40, 0x12, 0x2E, 0x3F, 0x2B, 0x00, 
0x04, 0x00, 0x0C, 0x00, 0x00, 0x00, 0x13, 0x05, 0x00, 0x00, 
0xB7, 0x01, 0x0B, 0x3F, 0x2C, 0x00, 0x05, 0x00, 0x1D, 0x00, 
0x00, 0x00, 0x14, 0x05, 0x00, 0x00, 0x12, 0x05, 0x00, 0x00, 
0x13, 0x05, 0x00, 0x00, 0x2B, 0x00, 0x04, 0x00, 0x0C, 0x00, 
0x00, 0x00, 0x15, 0x05, 0x00, 0x00, 0x2B, 0x16, 0x2D, 0x3F, 
0x2B, 0x00, 0x04, 0x00, 0x0C, 0x00, 0x00, 0x00, 0x16, 0x05, 
0x00, 0x00, 0x7B, 0xB3, 0x03, 0x3F, 0x2C, 0x00, 0x05, 0x00, 
0x1D, 0x00, 0x00, 0x00, 0x17, 0x05, 0x00, 0x00, 0x15, 0x05, 
0x00, 0x00, 0x16, 0x05, 0x00, 0x00, 0x2B, 0x00, 0x04, 0x00, 
0x0C, 0x00, 0x00, 0x00, 0x18, 0x05, 0x00, 0x00, 0xBC, 0x1D, 
0x32, 0x3F, 0x2B, 0x00, 0x04, 0x00, 0x0C, 0x00, 0x00, 0x00, 
0x19, 0x05, 0x00, 0x00, 0x67, 0x20, 0x36, 0x3F, 0x2C, 0x00, 
0x05, 0x00, 0x1D, 0x00, 0x00, 0x00, 0x1A, 0x05, 0x00, 0x00, 
0x18, 0x05, 0x00, 0x00, 0x19, 0x05, 0x00, 0x00, 0x2B, 0x00, 
0x04, 0x00, 0x0C, 0x00, 0x00, 0x00, 0x1B, 0x05, 0x00, 0x00, 
0xF4, 0x4D, 0x1D, 0x3F, 0x2B, 0x00, 0x04, 0x00, 0x0C, 0x00, 
0x00, 0x00, 0x1C, 0x05, 0x00, 0x00, 0x82, 0x36, 0x85, 0x3E, 
0x2C, 0x00, 0x05, 0x00, 0x1D, 0x00, 0x00, 0x00, 0x1D, 0x05, 
0x00, 0x00, 0x1B, 0x05, 0x00, 0x00, 0x1C, 0x05, 0x00, 0x00, 
0x2B, 0x00, 0x04, 0x00, 0x0C, 0x00, 0x00, 0x00, 0x1E, 0x05, 
0x00, 0x00, 0xD5, 0x3C, 0x12, 0x3F, 0x2B, 0x00, 0x04, 0x00, 
0x0C, 0x00, 0x00, 0x00, 0x1F, 0x05, 0x00, 0x00, 0x3F, 0x04, 
0x2A, 0x3F, 0x2C, 0x00, 0x05, 0x00, 0x1D, 0x00, 0x00, 0x00, 
0x20, 0x05, 0x00, 0x00, 0x1E, 0x05, 0x00, 0x00, 0x1F, 0x05, 
0x00, 0x00, 0x2B, 0x00, 0x04, 0x00, 0x0C, 0x00, 0x00, 0x00, 
0x21, 0x05, 0x00, 0x00, 0x48, 0x26, 0xDA, 0x3E, 0x2B, 0x00, 
0x04, 0x00, 0x0C, 0x00, 0x00, 0x00, 0x22, 0x05, 0x00, 0x00, 
0x94, 0xDF, 0x45, 0x3E, 0x2C, 0x00, 0x05, 0x00, 0x1D, 0x00, 
0x00, 0x00, 0x23, 0x05, 0x00, 0x00, 0x21, 0x05, 0x00, 0x00, 
0x22, 0x05, 0x00, 0x00, 0x2B, 0x00, 0x04, 0x00, 0x0C, 0x00, 
0x00, 0x00, 0x24, 0x05, 0x00, 0x00, 0x31, 0x7B, 0x27, 0x3F, 
0x2B, 0x00, 0x04, 0x00, 0x0C, 0x00, 0x00, 0x00, 0x25, 0x05, 
0x00, 0x00, 0x61, 0xD0, 0x2A, 0x3F, 0x2C, 0x00, 0x05, 0x00, 
0x1D, 0x00, 0x00, 0x00, 0x26, 0x05, 0x00, 0x00, 0x24, 0x05, 
0x00, 0x00, 0x25, 0x05, 0x00, 0x00, 0x2B, 0x00, 0x04, 0x00, 
0x0C, 0x00, 0x00, 0x00, 0x27, 0x05, 0x00, 0x00, 0x3E, 0x71, 
0x27, 0x3F, 0x2B, 0x00, 0x04, 0x00, 0x0C, 0x00, 0x00, 0x00, 
0x28, 0x05, 0x00, 0x00, 0x95, 0xDF, 0xF8, 0x3E, 0x2C, 0x00, 
0x05, 0x00, 0x1D, 0x00, 0x00, 0x00, 0x29, 0x05, 0x00, 0x00, 
0x27, 0x05, 0x00, 0x00, 0x28, 0x05, 0x00, 0x00, 0x2B, 0x00, 
0x04, 0x00, 0x0C, 0x00, 0x00, 0x00, 0x2A, 0x05, 0x00, 0x00, 
0xD8, 0x9A, 0x1B, 0x3F, 0x2B, 0x00, 0x04, 0x00, 0x0C, 0x00, 
0x00, 0x00, 0x2B, 0x05, 0x00, 0x00, 0xA2, 0x22, 0xEB, 0x3E, 
0x2C, 0x00, 0x05, 0x00, 0x1D, 0x00, 0x00, 0x00, 0x2C, 0x05, 
0x00, 0x00, 0x2A, 0x05, 0x00, 0x00, 0x2B, 0x05, 0x00, 0x00, 
0x2B, 0x00, 0x04, 0x00, 0x0C, 0x00, 0x00, 0x00, 0x2D, 0x05, 
0x00, 0x00, 0x60, 0x39, 0x08, 0x3F, 0x2B, 0x00, 0x04, 0x00, 
0x0C, 0x00, 0x00, 0x00, 0x2E, 0x05, 0x00, 0x00, 0xBA, 0x74, 
0x38, 0x3F, 0x2C, 0x00, 0x05, 0x00, 0x1D, 0x00, 0x00, 0x00, 
0x2F, 0x05, 0x00, 0x00, 0x2D, 0x05, 0x00, 0x00, 0x2E, 0x05, 
0x00, 0x00, 0x2B, 0x00, 0x04, 0x00, 0x0C, 0x00, 0x00, 0x00, 
0x30, 0x05, 0x00, 0x00, 0xBD, 0x34, 0xED, 0x3E, 0x2B, 0x00, 
0x04, 0x00, 0x0C, 0x00, 0x00, 0x00, 0x31, 0x05, 0x00, 0x00, 
0xE9, 0x5B, 0xBF, 0x3E, 0x2C, 0x00, 0x05, 0x00, 0x1D, 0x00, 
0x00, 0x00, 0x32, 0x05, 0x00, 0x00, 0x30, 0x05, 0x00, 0x00, 
0x31, 0x05, 0x00, 0x00, 0x2B, 0x00, 0x04, 0x00, 0x0C, 0x00, 
0x00, 0x00, 0x33, 0x05, 0x00, 0x00, 0xC1, 0x69, 0x10, 0x3F, 
0x2B, 0x00, 0x04, 0x00, 0x0C, 0x00, 0x00, 0x00, 0x34, 0x05, 
0x00, 0x00, 0x47, 0x90, 0xC2, 0x3E, 0x2C, 0x00, 0x05, 0x00, 
0x1D, 0x00, 0x00, 0x00, 0x35, 0x05, 0x00, 0x00, 0x33, 0x05, 
0x00, 0x00, 0x34, 0x05, 0x00, 0x00, 0x2B, 0x00, 0x04, 0x00, 
0x0C, 0x00, 0x00, 0x00, 0x36, 0x05, 0x00, 0x00, 0x21, 0xAC, 
0xFF, 0x3E, 0x2B, 0x00, 0x04, 0x00, 0x0C, 0x00, 0x00, 0x00, 
0x37, 0x05, 0x00, 0x00, 0xB9, 0xE9, 0x2D, 0x3F, 0x2C, 0x00, 
0x05, 0x00, 0x1D, 0x00, 0x00, 0x00, 0x38, 0x05, 0x00, 0x00, 
0x36, 0x05, 0x00, 0x00, 0x37, 0x05, 0x00, 0x00, 0x2B, 0x00, 
0x04, 0x00, 0x0C, 0x00, 0x00, 0x00, 0x39, 0x05, 0x00, 0x00, 
0x72, 0x3B, 0xCF, 0x3E, 0x2B, 0x00, 0x04, 0x00, 0x0C, 0x00, 
0x00, 0x00, 0x3A, 0x05, 0x00, 0x00, 0x0E, 0xC0, 0x86, 0x3E, 
0x2C, 0x00, 0x05, 0x00, 0x1D, 0x00, 0x00, 0x00, 0x3B, 0x05, 
0x00, 0x00, 0x39, 0x05, 0x00, 0x00, 0x3A, 0x05, 0x00, 0x00, 
0x2B, 0x00, 0x04, 0x00, 0x0C, 0x00, 0x00, 0x00, 0x3C, 0x05, 
0x00, 0x00, 0x97, 0x8F, 0xD0, 0x3E, 0x2B, 0x00, 0x04, 0x00, 
0x0C, 0x00, 0x00, 0x00, 0x3D, 0x05, 0x00, 0x00, 0x33, 0xEC, 
0x18, 0x3F, 0x2C, 0x00, 0x05, 0x00, 0x1D, 0x00, 0x00, 0x00, 
0x3E, 0x05, 0x00, 0x00, 0x3C, 0x05, 0x00, 0x00, 0x3D, 0x05, 
0x00, 0x00, 0x2B, 0x00, 0x04, 0x00, 0x0C, 0x00, 0x00, 0x00, 
0x3F, 0x05, 0x00, 0x00, 0x16, 0xC1, 0xAF, 0x3E, 0x2B, 0x00, 
0x04, 0x00, 0x0C, 0x00, 0x00, 0x00, 0x40, 0x05, 0x00, 0x00, 
0x3F, 0xDC, 0xA2, 0x3E, 0x2C, 0x00, 0x05, 0x00, 0x1D, 0x00, 
0x00, 0x00, 0x41, 0x05, 0x00, 0x00, 0x3F, 0x05, 0x00, 0x00, 
0x40, 0x05, 0x00, 0x00, 0x2B, 0x00, 0x04, 0x00, 0x0C, 0x00, 
0x00, 0x00, 0x42, 0x05, 0x00, 0x00, 0x70, 0x9B, 0xB8, 0x3E, 
0x2B, 0x00, 0x04, 0x00, 0x0C, 0x00, 0x00, 0x00, 0x43, 0x05, 
0x00, 0x00, 0xED, 0x84, 0x06, 0x3F, 0x2C, 0x00, 0x05, 0x00, 
0x1D, 0x00, 0x00, 0x00, 0x44, 0x05, 0x00, 0x00, 0x42, 0x05, 
0x00, 0x00, 0x43, 0x05, 0x00, 0x00, 0x2B, 0x00, 0x04, 0x00, 
0x0C, 0x00, 0x00, 0x00, 0x45, 0x05, 0x00, 0x00, 0x5F, 0xF6, 
0xC2, 0x3E, 0x2B, 0x00, 0x04, 0x00, 0x0C, 0x00, 0x00, 0x00, 
0x46, 0x05, 0x00, 0x00, 0x13, 0xFD, 0xDC, 0x3E, 0x2C, 0x00, 
0x05, 0x00, 0x1D, 0x00, 0x00, 0x00, 0x47, 0x05, 0x00, 0x00, 
0x45, 0x05, 0x00, 0x00, 0x46, 0x05, 0x00, 0x00, 0x2B, 0x00, 
0x04, 0x00, 0x0C, 0x00, 0x00, 0x00, 0x48, 0x05, 0x00, 0x00, 
0x88, 0x5A, 0xD0, 0x3E, 0x2B, 0x00, 0x04, 0x00, 0x0C, 0x00, 
0x00, 0x00, 0x49, 0x05, 0x00, 0x00, 0x31, 0x7F, 0x26, 0x3F, 
0x2C, 0x00, 0x05, 0x00, 0x1D, 0x00, 0x00, 0x00, 0x4A, 0x05, 
0x00, 0x00, 0x48, 0x05, 0x00, 0x00, 0x49, 0x05, 0x00, 0x00, 
0x2B, 0x00, 0x04, 0x00, 0x0C, 0x00, 0x00, 0x00, 0x4B, 0x05, 
0x00, 0x00, 0xE4, 0x54, 0xF5, 0x3E, 0x2B, 0x00, 0x04, 0x00, 
0x0C, 0x00, 0x00, 0x00, 0x4C, 0x05, 0x00, 0x00, 0x7D, 0x08, 
0xAD, 0x3E, 0x2C, 0x00, 0x05, 0x00, 0x1D, 0x00, 0x00, 0x00, 
0x4D, 0x05, 0x00, 0x00, 0x4B, 0x05, 0x00, 0x00, 0x4C, 0x05, 
0x00, 0x00, 0x2B, 0x00, 0x04, 0x00, 0x0C, 0x00, 0x00, 0x00, 
0x4E, 0x05, 0x00, 0x00, 0x70, 0x8E, 0xD8, 0x3E, 0x2B, 0x00, 
0x04, 0x00, 0x0C, 0x00, 0x00, 0x00, 0x4F, 0x05, 0x00, 0x00, 
0xEA, 0xBA, 0x22, 0x3F, 0x2C, 0x00, 0x05, 0x00, 0x1D, 0x00, 
0x00, 0x00, 0x50, 0x05, 0x00, 0x00, 0x4E, 0x05, 0x00, 0x00, 
0x4F, 0x05, 0x00, 0x00, 0x2B, 0x00, 0x04, 0x00, 0x0C, 0x00, 
0x00, 0x00, 0x51, 0x05, 0x00, 0x00, 0xFC, 0x43, 0xD5, 0x3E, 
0x2B, 0x00, 0x04, 0x00, 0x0C, 0x00, 0x00, 0x00, 0x52, 0x05, 
0x00, 0x00, 0xCE, 0x18, 0x76, 0x3E, 0x2C, 0x00, 0x05, 0x00, 
0x1D, 0x00, 0x00, 0x00, 0x53, 0x05, 0x00, 0x00, 0x51, 0x05, 
0x00, 0x00, 0x52, 0x05, 0x00, 0x00, 0x2B, 0x00, 0x04, 0x00, 
0x0C, 0x00, 0x00, 0x00, 0x54, 0x05, 0x00, 0x00, 0x1E, 0xB6, 
0x0A, 0x3F, 0x2B, 0x00, 0x04, 0x00, 0x0C, 0x00, 0x00, 0x00, 
0x55, 0x05, 0x00, 0x00, 0xB2, 0x8D, 0x34, 0x3F, 0x2C, 0x00, 
0x05, 0x00, 0x1D, 0x00, 0x00, 0x00, 0x56, 0x05, 0x00, 0x00, 
0x54, 0x05, 0x00, 0x00, 0x55, 0x05, 0x00, 0x00, 0x2B, 0x00, 
0x04, 0x00, 0x0C, 0x00, 0x00, 0x00, 0x57, 0x05, 0x00, 0x00, 
0x0A, 0x2D, 0x05, 0x3F, 0x2B, 0x00, 0x04, 0x00, 0x0C, 0x00, 
0x00, 0x00, 0x58, 0x05, 0x00, 0x00, 0x88, 0x9F, 0xEF, 0x3E, 
0x2C, 0x00, 0x05, 0x00, 0x1D, 0x00, 0x00, 0x00, 0x59, 0x05, 
0x00, 0x00, 0x57, 0x05, 0x00, 0x00, 0x58, 0x05, 0x00, 0x00, 
0x2B, 0x00, 0x04, 0x00, 0x0C, 0x00, 0x00, 0x00, 0x5A, 0x05, 
0x00, 0x00, 0x82, 0xAC, 0x07, 0x3F, 0x2B, 0x00, 0x04, 0x00, 
0x0C, 0x00, 0x00, 0x00, 0x5B, 0x05, 0x00, 0x00, 0xF9, 0x4B, 
0xF7, 0x3E, 0x2C, 0x00, 0x05, 0x00, 0x1D, 0x00, 0x00, 0x00, 
0x5C, 0x05, 0x00, 0x00, 0x5A, 0x05, 0x00, 0x00, 0x5B, 0x05, 
0x00, 0x00, 0x2B, 0x00, 0x04, 0x00, 0x0C, 0x00, 0x00, 0x00, 
0x5D, 0x05, 0x00, 0x00, 0x49, 0xB9, 0xF0, 0x3E, 0x2B, 0x00, 
0x04, 0x00, 0x0C, 0x00, 0x00, 0x00, 0x5E, 0x05, 0x00, 0x00, 
0x21, 0xDE, 0x32, 0x3F, 0x2C, 0x00, 0x05, 0x00, 0x1D, 0x00, 
0x00, 0x00, 0x5F, 0x05, 0x00, 0x00, 0x5D, 0x05, 0x00, 0x00, 
0x5E, 0x05, 0x00, 0x00, 0x2B, 0x00, 0x04, 0x00, 0x0C, 0x00, 
0x00, 0x00, 0x60, 0x05, 0x00, 0x00, 0xED, 0x2A, 0xC8, 0x3E, 
0x2B, 0x00, 0x04, 0x00, 0x0C, 0x00, 0x00, 0x00, 0x61, 0x05, 
0x00, 0x00, 0x35, 0xC9, 0xA9, 0x3E, 0x2C, 0x00, 0x05, 0x00, 
0x1D, 0x00, 0x00, 0x00, 0x62, 0x05, 0x00, 0x00, 0x60, 0x05, 
0x00, 0x00, 0x61, 0x05, 0x00, 0x00, 0x2B, 0x00, 0x04, 0x00, 
0x0C, 0x00, 0x00, 0x00, 0x63, 0x05, 0x00, 0x00, 0xFC, 0x55, 
0xC4, 0x3E, 0x2B, 0x00, 0x04, 0x00, 0x0C, 0x00, 0x00, 0x00, 
0x64, 0x05, 0x00, 0x00, 0xFA, 0x92, 0xBA, 0x3E, 0x2C, 0x00, 
0x05, 0x00, 0x1D, 0x00, 0x00, 0x00, 0x65, 0x05, 0x00, 0x00, 
0x63, 0x05, 0x00, 0x00, 0x64, 0x05, 0x00, 0x00, 0x2B, 0x00, 
0x04, 0x00, 0x0C, 0x00, 0x00, 0x00, 0x66, 0x05, 0x00, 0x00, 
0xAC, 0x30, 0x0E, 0x3F, 0x2B, 0x00, 0x04, 0x00, 0x0C, 0x00, 
0x00, 0x00, 0x67, 0x05, 0x00, 0x00, 0x99, 0x7C, 0x2C, 0x3F, 
0x2C, 0x00, 0x05, 0x00, 0x1D, 0x00, 0x00, 0x00, 0x68, 0x05, 
0x00, 0x00, 0x66, 0x05, 0x00, 0x00, 0x67, 0x05, 0x00, 0x00, 
0x2B, 0x00, 0x04, 0x00, 0x0C, 0x00, 0x00, 0x00, 0x69, 0x05, 
0x00, 0x00, 0x15, 0x32, 0x24, 0x3F, 0x2B, 0x00, 0x04, 0x00, 
0x0C, 0x00, 0x00, 0x00, 0x6A, 0x05, 0x00, 0x00, 0x25, 0xCA, 
0x46, 0x3E, 0x2C, 0x00, 0x05, 0x00, 0x1D, 0x00, 0x00, 0x00, 
0x6B, 0x05, 0x00, 0x00, 0x69, 0x05, 0x00, 0x00, 0x6A, 0x05, 
0x00, 0x00, 0x2B, 0x00, 0x04, 0x00, 0x0C, 0x00, 0x00, 0x00, 
0x6C, 0x05, 0x00, 0x00, 0x56, 0x35, 0xCF, 0x3E, 0x2B, 0x00, 
0x04, 0x00, 0x0C, 0x00, 0x00, 0x00, 0x6D, 0x05, 0x00, 0x00, 
0xE7, 0xA9, 0x4A, 0x3F, 0x2C, 0x00, 0x05, 0x00, 0x1D, 0x00, 
0x00, 0x00, 0x6E, 0x05, 0x00, 0x00, 0x6C, 0x05, 0x00, 0x00, 
0x6D, 0x05, 0x00, 0x00, 0x2B, 0x00, 0x04, 0x00, 0x0C, 0x00, 
0x00, 0x00, 0x6F, 0x05, 0x00, 0x00, 0x7F, 0x90, 0xFF, 0x3E, 
0x2B, 0x00, 0x04, 0x00, 0x0C, 0x00, 0x00, 0x00, 0x70, 0x05, 
0x00, 0x00, 0xE1, 0xD4, 0x18, 0x3F, 0x2C, 0x00, 0x05, 0x00, 
0x1D, 0x00, 0x00, 0x00, 0x71, 0x05, 0x00, 0x00, 0x6F, 0x05, 
0x00, 0x00, 0x70, 0x05, 0x00, 0x00, 0x2B, 0x00, 0x04, 0x00, 
0x0C, 0x00, 0x00, 0x00, 0x72, 0x05, 0x00, 0x00, 0x37, 0x8C, 
0x08, 0x3F, 0x2B, 0x00, 0x04, 0x00, 0x0C, 0x00, 0x00, 0x00, 
0x73, 0x05, 0x00, 0x00, 0x44, 0xF0, 0x0B, 0x3F, 0x2C, 0x00, 
0x05, 0x00, 0x1D, 0x00, 0x00, 0x00, 0x74, 0x05, 0x00, 0x00, 
0x72, 0x05, 0x00, 0x00, 0x73, 0x05, 0x00, 0x00, 0x2B, 0x00, 
0x04, 0x00, 0x0C, 0x00, 0x00, 0x00, 0x75, 0x05, 0x00, 0x00, 
0xA6, 0x8E, 0x15, 0x3F, 0x2B, 0x00, 0x04, 0x00, 0x0C, 0x00, 
0x00, 0x00, 0x76, 0x05, 0x00, 0x00, 0xF6, 0x72, 0xE1, 0x3E, 
0x2C, 0x00, 0x05, 0x00, 0x1D, 0x00, 0x00, 0x00, 0x77, 0x05, 
0x00, 0x00, 0x75, 0x05, 0x00, 0x00, 0x76, 0x05, 0x00, 0x00, 
0x2B, 0x00, 0x04, 0x00, 0x0C, 0x00, 0x00, 0x00, 0x78, 0x05, 
0x00, 0x00, 0x08, 0xD9, 0x17, 0x3F, 0x2B, 0x00, 0x04, 0x00, 
0x0C, 0x00, 0x00, 0x00, 0x79, 0x05, 0x00, 0x00, 0x8C, 0xA9, 
0x18, 0x3F, 0x2C, 0x00, 0x05, 0x00, 0x1D, 0x00, 0x00, 0x00, 
0x7A, 0x05, 0x00, 0x00, 0x78, 0x05, 0x00, 0x00, 0x79, 0x05, 
0x00, 0x00, 0x2B, 0x00, 0x04, 0x00, 0x0C, 0x00, 0x00, 0x00, 
0x7B, 0x05, 0x00, 0x00, 0xC1, 0xBC, 0x13, 0x3F, 0x2B, 0x00, 
0x04, 0x00, 0x0C, 0x00, 0x00, 0x00, 0x7C, 0x05, 0x00, 0x00, 
0xAD, 0x09, 0xBF, 0x3E, 0x2C, 0x00, 0x05, 0x00, 0x1D, 0x00, 
0x00, 0x00, 0x7D, 0x05, 0x00, 0x00, 0x7B, 0x05, 0x00, 0x00, 
0x7C, 0x05, 0x00, 0x00, 0x2B, 0x00, 0x04, 0x00, 0x0C, 0x00, 
0x00, 0x00, 0x7E, 0x05, 0x00, 0x00, 0xAF, 0xED, 0x23, 0x3F, 
0x2B, 0x00, 0x04, 0x00, 0x0C, 0x00, 0x00, 0x00, 0x7F, 0x05, 
0x00, 0x00, 0x0E, 0x93, 0x21, 0x3F, 0x2C, 0x00, 0x05, 0x00, 
0x1D, 0x00, 0x00, 0x00, 0x80, 0x05, 0x00, 0x00, 0x7E, 0x05, 
0x00, 0x00, 0x7F, 0x05, 0x00, 0x00, 0x2B, 0x00, 0x04, 0x00, 
0x0C, 0x00, 0x00, 0x00, 0x81, 0x05, 0x00, 0x00, 0xD4, 0x3B, 
0x14, 0x3F, 0x2B, 0x00, 0x04, 0x00, 0x0C, 0x00, 0x00, 0x00, 
0x82, 0x05, 0x00, 0x00, 0x06, 0x8A, 0x8B, 0x3E, 0x2C, 0x00, 
0x05, 0x00, 0x1D, 0x00, 0x00, 0x00, 0x83, 0x05, 0x00, 0x00, 
0x81, 0x05, 0x00, 0x00, 0x82, 0x05, 0x00, 0x00, 0x2B, 0x00, 
0x04, 0x00, 0x0C, 0x00, 0x00, 0x00, 0x84, 0x05, 0x00, 0x00, 
0x83, 0x5F, 0xFC, 0x3E, 0x2B, 0x00, 0x04, 0x00, 0x0C, 0x00, 
0x00, 0x00, 0x85, 0x05, 0x00, 0x00, 0x74, 0x95, 0x44, 0x3F, 
0x2C, 0x00, 0x05, 0x00, 0x1D, 0x00, 0x00, 0x00, 0x86, 0x05, 
0x00, 0x00, 0x84, 0x05, 0x00, 0x00, 0x85, 0x05, 0x00, 0x00, 
0x2B, 0x00, 0x04, 0x00, 0x0C, 0x00, 0x00, 0x00, 0x87, 0x05, 
0x00, 0x00, 0xD8, 0x84, 0x23, 0x3F, 0x2B, 0x00, 0x04, 0x00, 
0x0C, 0x00, 0x00, 0x00, 0x88, 0x05, 0x00, 0x00, 0xD0, 0xBF, 
0x07, 0x3F, 0x2C, 0x00, 0x05, 0x00, 0x1D, 0x00, 0x00, 0x00, 
0x89, 0x05, 0x00, 0x00, 0x87, 0x05, 0x00, 0x00, 0x88, 0x05, 
0x00, 0x00, 0x2B, 0x00, 0x04, 0x00, 0x0C, 0x00, 0x00, 0x00, 
0x8A, 0x05, 0x00, 0x00, 0x8C, 0xB1, 0x43, 0x3F, 0x2B, 0x00, 
0x04, 0x00, 0x0C, 0x00, 0x00, 0x00, 0x8B, 0x05, 0x00, 0x00, 
0x8A, 0xF2, 0xD7, 0x3E, 0x2C, 0x00, 0x05, 0x00, 0x1D, 0x00, 
0x00, 0x00, 0x8C, 0x05, 0x00, 0x00, 0x8A, 0x05, 0x00, 0x00, 
0x8B, 0x05, 0x00, 0x00, 0x2B, 0x00, 0x04, 0x00, 0x0C, 0x00, 
0x00, 0x00, 0x8D, 0x05, 0x00, 0x00, 0x9A, 0xB1, 0x44, 0x3F, 
0x2B, 0x00, 0x04, 0x00, 0x0C, 0x00, 0x00, 0x00, 0x8E, 0x05, 
0x00, 0x00, 0xB6, 0x60, 0x22, 0x3F, 0x2C, 0x00, 0x05, 0x00, 
0x1D, 0x00, 0x00, 0x00, 0x8F, 0x05, 0x00, 0x00, 0x8D, 0x05, 
0x00, 0x00, 0x8E, 0x05, 0x00, 0x00, 0x2B, 0x00, 0x04, 0x00, 
0x0C, 0x00, 0x00, 0x00, 0x90, 0x05, 0x00, 0x00, 0xC3, 0x36, 
0x2C, 0x3F, 0x2B, 0x00, 0x04, 0x00, 0x0C, 0x00, 0x00, 0x00, 
0x91, 0x05, 0x00, 0x00, 0xB0, 0xDC, 0x88, 0x3E, 0x2C, 0x00, 
0x05, 0x00, 0x1D, 0x00, 0x00, 0x00, 0x92, 0x05, 0x00, 0x00, 
0x90, 0x05, 0x00, 0x00, 0x91, 0x05, 0x00, 0x00, 0x2B, 0x00, 
0x04, 0x00, 0x0C, 0x00, 0x00, 0x00, 0x93, 0x05, 0x00, 0x00, 
0xEF, 0xBA, 0x2E, 0x3F, 0x2B, 0x00, 0x04, 0x00, 0x0C, 0x00, 
0x00, 0x00, 0x94, 0x05, 0x00, 0x00, 0x31, 0xC7, 0xAC, 0x3E, 
0x2C, 0x00, 0x05, 0x00, 0x1D, 0x00, 0x00, 0x00, 0x95, 0x05, 
0x00, 0x00, 0x93, 0x05, 0x00, 0x00, 0x94, 0x05, 0x00, 0x00, 
0x2B, 0x00, 0x04, 0x00, 0x0C, 0x00, 0x00, 0x00, 0x96, 0x05, 
0x00, 0x00, 0x38, 0xC7, 0x1F, 0x3F, 0x2B, 0x00, 0x04, 0x00, 
0x0C, 0x00, 0x00, 0x00, 0x97, 0x05, 0x00, 0x00, 0xC7, 0xF6, 
0x32, 0x3F, 0x2C, 0x00, 0x05, 0x00, 0x1D, 0x00, 0x00, 0x00, 
0x98, 0x05, 0x00, 0x00, 0x96, 0x05, 0x00, 0x00, 0x97, 0x05, 
0x00, 0x00, 0x2B, 0x00, 0x04, 0x00, 0x0C, 0x00, 0x00, 0x00, 
0x99, 0x05, 0x00, 0x00, 0xF4, 0x6B, 0xEB, 0x3E, 0x2B, 0x00, 
0x04, 0x00, 0x0C, 0x00, 0x00, 0x00, 0x9A, 0x05, 0x00, 0x00, 
0x93, 0x90, 0x28, 0x3E, 0x2C, 0x00, 0x05, 0x00, 0x1D, 0x00, 
0x00, 0x00, 0x9B, 0x05, 0x00, 0x00, 0x99, 0x05, 0x00, 0x00, 
0x9A, 0x05, 0x00, 0x00, 0x2B, 0x00, 0x04, 0x00, 0x0C, 0x00, 
0x00, 0x00, 0x9C, 0x05, 0x00, 0x00, 0x4C, 0x72, 0xDB, 0x3D, 
0x2B, 0x00, 0x04, 0x00, 0x0C, 0x00, 0x00, 0x00, 0x9D, 0x05, 
0x00, 0x00, 0x22, 0x8C, 0x65, 0x3F, 0x2C, 0x00, 0x05, 0x00, 
0x1D, 0x00, 0x00, 0x00, 0x9E, 0x05, 0x00, 0x00, 0x9C, 0x05, 
0x00, 0x00, 0x9D, 0x05, 0x00, 0x00, 0x2B, 0x00, 0x04, 0x00, 
0x0C, 0x00, 0x00, 0x00, 0x9F, 0x05, 0x00, 0x00, 0xEF, 0x3C, 
0xBC, 0x3D, 0x2B, 0x00, 0x04, 0x00, 0x0C, 0x00, 0x00, 0x00, 
0xA0, 0x05, 0x00, 0x00, 0x34, 0xAA, 0x10, 0x3F, 0x2C, 0x00, 
0x05, 0x00, 0x1D, 0x00, 0x00, 0x00, 0xA1, 0x05, 0x00, 0x00, 
0x9F, 0x05, 0x00, 0x00, 0xA0, 0x05, 0x00, 0x00, 0x2B, 0x00, 
0x04, 0x00, 0x0C, 0x00, 0x00, 0x00, 0xA2, 0x05, 0x00, 0x00, 
0x8F, 0x5B, 0xC7, 0x3D, 0x2B, 0x00, 0x04, 0x00, 0x0C, 0x00, 
0x00, 0x00, 0xA3, 0x05, 0x00, 0x00, 0x28, 0x80, 0xDE, 0x3E, 
0x2C, 0x00, 0x05, 0x00, 0x1D, 0x00, 0x00, 0x00, 0xA4, 0x05, 
0x00, 0x00, 0xA2, 0x05, 0x00, 0x00, 0xA3, 0x05, 0x00, 0x00, 
0x2B, 0x00, 0x04, 0x00, 0x0C, 0x00, 0x00, 0x00, 0xA5, 0x05, 
0x00, 0x00, 0x94, 0x2B, 0xD9, 0x3E, 0x2B, 0x00, 0x04, 0x00, 
0x0C, 0x00, 0x00, 0x00, 0xA6, 0x05, 0x00, 0x00, 0x15, 0x08, 
0xDE, 0x3E, 0x2C, 0x00, 0x05, 0x00, 0x1D, 0x00, 0x00, 0x00, 
0xA7, 0x05, 0x00, 0x00, 0xA5, 0x05, 0x00, 0x00, 0xA6, 0x05, 
0x00, 0x00, 0x2B, 0x00, 0x04, 0x00, 0x0C, 0x00, 0x00, 0x00, 
0xA8, 0x05, 0x00, 0x00, 0x72, 0x24, 0xF6, 0x3E, 0x2B, 0x00, 
0x04, 0x00, 0x0C, 0x00, 0x00, 0x00, 0xA9, 0x05, 0x00, 0x00, 
0x07, 0x8F, 0x19, 0x3F, 0x2C, 0x00, 0x05, 0x00, 0x1D, 0x00, 
0x00, 0x00, 0xAA, 0x05, 0x00, 0x00, 0xA8, 0x05, 0x00, 0x00, 
0xA9, 0x05, 0x00, 0x00, 0x2B, 0x00, 0x04, 0x00, 0x0C, 0x00, 
0x00, 0x00, 0xAB, 0x05, 0x00, 0x00, 0xD2, 0x25, 0xEE, 0x3E, 
0x2B, 0x00, 0x04, 0x00, 0x0C, 0x00, 0x00, 0x00, 0xAC, 0x05, 
0x00, 0x00, 0x0C, 0xC7, 0xCC, 0x3E, 0x2C, 0x00, 0x05, 0x00, 
0x1D, 0x00, 0x00, 0x00, 0xAD, 0x05, 0x00, 0x00, 0xAB, 0x05, 
0x00, 0x00, 0xAC, 0x05, 0x00, 0x00, 0x2B, 0x00, 0x04, 0x00, 
0x0C, 0x00, 0x00, 0x00, 0xAE, 0x05, 0x00, 0x00, 0x62, 0x21, 
0xEC, 0x3E, 0x2B, 0x00, 0x04, 0x00, 0x0C, 0x00, 0x00, 0x00, 
0xAF, 0x05, 0x00, 0x00, 0x5B, 0x34, 0x24, 0x3F, 0x2C, 0x00, 
0x05, 0x00, 0x1D, 0x00, 0x00, 0x00, 0xB0, 0x05, 0x00, 0x00, 
0xAE, 0x05, 0x00, 0x00, 0xAF, 0x05, 0x00, 0x00, 0x2B, 0x00, 
0x04, 0x00, 0x0C, 0x00, 0x00, 0x00, 0xB1, 0x05, 0x00, 0x00, 
0x33, 0x87, 0x0C, 0x3F, 0x2B, 0x00, 0x04, 0x00, 0x0C, 0x00, 
0x00, 0x00, 0xB2, 0x05, 0x00, 0x00, 0x23, 0x64, 0x99, 0x3E, 
0x2C, 0x00, 0x05, 0x00, 0x1D, 0x00, 0x00, 0x00, 0xB3, 0x05, 
0x00, 0x00, 0xB1, 0x05, 0x00, 0x00, 0xB2, 0x05, 0x00, 0x00, 
0x2B, 0x00, 0x04, 0x00, 0x0C, 0x00, 0x00, 0x00, 0xB4, 0x05, 
0x00, 0x00, 0xDE, 0x65, 0xF1, 0x3E, 0x2B, 0x00, 0x04, 0x00, 
0x0C, 0x00, 0x00, 0x00, 0xB5, 0x05, 0x00, 0x00, 0x17, 0x53, 
0x51, 0x3F, 0x2C, 0x00, 0x05, 0x00, 0x1D, 0x00, 0x00, 0x00, 
0xB6, 0x05, 0x00, 0x00, 0xB4, 0x05, 0x00, 0x00, 0xB5, 0x05, 
0x00, 0x00, 0x2B, 0x00, 0x04, 0x00, 0x0C, 0x00, 0x00, 0x00, 
0xB7, 0x05, 0x00, 0x00, 0xE9, 0xD3, 0xBA, 0x3E, 0x2B, 0x00, 
0x04, 0x00, 0x0C, 0x00, 0x00, 0x00, 0xB8, 0x05, 0x00, 0x00, 
0x52, 0xAD, 0xF3, 0x3E, 0x2C, 0x00, 0x05, 0x00, 0x1D, 0x00, 
0x00, 0x00, 0xB9, 0x05, 0x00, 0x00, 0xB7, 0x05, 0x00, 0x00, 
0xB8, 0x05, 0x00, 0x00, 0x2B, 0x00, 0x04, 0x00, 0x0C, 0x00, 
0x00, 0x00, 0xBA, 0x05, 0x00, 0x00, 0xF6, 0x10, 0x98, 0x3E, 
0x2B, 0x00, 0x04, 0x00, 0x0C, 0x00, 0x00, 0x00, 0xBB, 0x05, 
0x00, 0x00, 0xAB, 0x60, 0x83, 0x3E, 0x2C, 0x00, 0x05, 0x00, 
0x1D, 0x00, 0x00, 0x00, 0xBC, 0x05, 0x00, 0x00, 0xBA, 0x05, 
0x00, 0x00, 0xBB, 0x05, 0x00, 0x00, 0x2B, 0x00, 0x04, 0x00, 
0x0C, 0x00, 0x00, 0x00, 0xBD, 0x05, 0x00, 0x00, 0xB4, 0x77, 
0xB2, 0x3E, 0x2B, 0x00, 0x04, 0x00, 0x0C, 0x00, 0x00, 0x00, 
0xBE, 0x05, 0x00, 0x00, 0x27, 0x04, 0x15, 0x3F, 0x2C, 0x00, 
0x05, 0x00, 0x1D, 0x00, 0x00, 0x00, 0xBF, 0x05, 0x00, 0x00, 
0xBD, 0x05, 0x00, 0x00, 0xBE, 0x05, 0x00, 0x00, 0x2B, 0x00, 
0x04, 0x00, 0x0C, 0x00, 0x00, 0x00, 0xC0, 0x05, 0x00, 0x00, 
0x0A, 0x6F, 0xAD, 0x3E, 0x2B, 0x00, 0x04, 0x00, 0x0C, 0x00, 
0x00, 0x00, 0xC1, 0x05, 0x00, 0x00, 0x09, 0xAD, 0x42, 0x3F, 
0x2C, 0x00, 0x05, 0x00, 0x1D, 0x00, 0x00, 0x00, 0xC2, 0x05, 
0x00, 0x00, 0xC0, 0x05, 0x00, 0x00, 0xC1, 0x05, 0x00, 0x00, 
0x2B, 0x00, 0x04, 0x00, 0x0C, 0x00, 0x00, 0x00, 0xC3, 0x05, 
0x00, 0x00, 0xBB, 0x09, 0x3B, 0x3E, 0x2B, 0x00, 0x04, 0x00, 
0x0C, 0x00, 0x00, 0x00, 0xC4, 0x05, 0x00, 0x00, 0x0F, 0xB4, 
0x4A, 0x3E, 0x2C, 0x00, 0x05, 0x00, 0x1D, 0x00, 0x00, 0x00, 
0xC5, 0x05, 0x00, 0x00, 0xC3, 0x05, 0x00, 0x00, 0xC4, 0x05, 
0x00, 0x00, 0x2B, 0x00, 0x04, 0x00, 0x0C, 0x00, 0x00, 0x00, 
0xC6, 0x05, 0x00, 0x00, 0x56, 0xD8, 0xEC, 0x3D, 0x2B, 0x00, 
0x04, 0x00, 0x0C, 0x00, 0x00, 0x00, 0xC7, 0x05, 0x00, 0x00, 
0xBF, 0x18, 0x16, 0x3F, 0x2C, 0x00, 0x05, 0x00, 0x1D, 0x00, 
0x00, 0x00, 0xC8, 0x05, 0x00, 0x00, 0xC6, 0x05, 0x00, 0x00, 
0xC7, 0x05, 0x00, 0x00, 0x2B, 0x00, 0x04, 0x00, 0x0C, 0x00, 
0x00, 0x00, 0xC9, 0x05, 0x00, 0x00, 0x54, 0xFC, 0x83, 0x3E, 
0x2B, 0x00, 0x04, 0x00, 0x0C, 0x00, 0x00, 0x00, 0xCA, 0x05, 
0x00, 0x00, 0x3C, 0x55, 0xCD, 0x3E, 0x2C, 0x00, 0x05, 0x00, 
0x1D, 0x00, 0x00, 0x00, 0xCB, 0x05, 0x00, 0x00, 0xC9, 0x05, 
0x00, 0x00, 0xCA, 0x05, 0x00, 0x00, 0x2B, 0x00, 0x04, 0x00, 
0x0C, 0x00, 0x00, 0x00, 0xCC, 0x05, 0x00, 0x00, 0xEB, 0x13, 
0x2F, 0x3F, 0x2B, 0x00, 0x04, 0x00, 0x0C, 0x00, 0x00, 0x00, 
0xCD, 0x05, 0x00, 0x00, 0x20, 0x40, 0x35, 0x3F, 0x2C, 0x00, 
0x05, 0x00, 0x1D, 0x00, 0x00, 0x00, 0xCE, 0x05, 0x00, 0x00, 
0xCC, 0x05, 0x00, 0x00, 0xCD, 0x05, 0x00, 0x00, 0x2B, 0x00, 
0x04, 0x00, 0x0C, 0x00, 0x00, 0x00, 0xCF, 0x05, 0x00, 0x00, 
0x13, 0xF5, 0x33, 0x3F, 0x2B, 0x00, 0x04, 0x00, 0x0C, 0x00, 
0x00, 0x00, 0xD0, 0x05, 0x00, 0x00, 0xB3, 0xA0, 0xC6, 0x3E, 
0x2C, 0x00, 0x05, 0x00, 0x1D, 0x00, 0x00, 0x00, 0xD1, 0x05, 
0x00, 0x00, 0xCF, 0x05, 0x00, 0x00, 0xD0, 0x05, 0x00, 0x00, 
0x2B, 0x00, 0x04, 0x00, 0x0C, 0x00, 0x00, 0x00, 0xD2, 0x05, 
0x00, 0x00, 0x9C, 0xE0, 0x31, 0x3F, 0x2B, 0x00, 0x04, 0x00, 
0x0C, 0x00, 0x00, 0x00, 0xD3, 0x05, 0x00, 0x00, 0xB3, 0xB1, 
0x3F, 0x3E, 0x2C, 0x00, 0x05, 0x00, 0x1D, 0x00, 0x00, 0x00, 
0xD4, 0x05, 0x00, 0x00, 0xD2, 0x05, 0x00, 0x00, 0xD3, 0x05, 
0x00, 0x00, 0x2B, 0x00, 0x04, 0x00, 0x0C, 0x00, 0x00, 0x00, 
0xD5, 0x05, 0x00, 0x00, 0x9D, 0xD5, 0x28, 0x3F, 0x2B, 0x00, 
0x04, 0x00, 0x0C, 0x00, 0x00, 0x00, 0xD6, 0x05, 0x00, 0x00, 
0xB0, 0x1B, 0xE3, 0x3E, 0x2C, 0x00, 0x05, 0x00, 0x1D, 0x00, 
0x00, 0x00, 0xD7, 0x05, 0x00, 0x00, 0xD5, 0x05, 0x00, 0x00, 
0xD6, 0x05, 0x00, 0x00, 0x2B, 0x00, 0x04, 0x00, 0x0C, 0x00, 
0x00, 0x00, 0xD8, 0x05, 0x00, 0x00, 0x0C, 0x17, 0x0F, 0x3F, 
0x2B, 0x00, 0x04, 0x00, 0x0C, 0x00, 0x00, 0x00, 0xD9, 0x05, 
0x00, 0x00, 0xB9, 0xFF, 0x36, 0x3F, 0x2C, 0x00, 0x05, 0x00, 
0x1D, 0x00, 0x00, 0x00, 0xDA, 0x05, 0x00, 0x00, 0xD8, 0x05, 
0x00, 0x00, 0xD9, 0x05, 0x00, 0x00, 0x2B, 0x00, 0x04, 0x00, 
0x0C, 0x00, 0x00, 0x00, 0xDB, 0x05, 0x00, 0x00, 0x29, 0x15, 
0x08, 0x3F, 0x2B, 0x00, 0x04, 0x00, 0x0C, 0x00, 0x00, 0x00, 
0xDC, 0x05, 0x00, 0x00, 0x83, 0x5E, 0xC1, 0x3E, 0x2C, 0x00, 
0x05, 0x00, 0x1D, 0x00, 0x00, 0x00, 0xDD, 0x05, 0x00, 0x00, 
0xDB, 0x05, 0x00, 0x00, 0xDC, 0x05, 0x00, 0x00, 0x2B, 0x00, 
0x04, 0x00, 0x0C, 0x00, 0x00, 0x00, 0xDE, 0x05, 0x00, 0x00, 
0x36, 0x2E, 0x0D, 0x3F, 0x2B, 0x00, 0x04, 0x00, 0x0C, 0x00, 
0x00, 0x00, 0xDF, 0x05, 0x00, 0x00, 0x4A, 0x6B, 0x22, 0x3F, 
0x2C, 0x00, 0x05, 0x00, 0x1D, 0x00, 0x00, 0x00, 0xE0, 0x05, 
0x00, 0x00, 0xDE, 0x05, 0x00, 0x00, 0xDF, 0x05, 0x00, 0x00, 
0x2B, 0x00, 0x04, 0x00, 0x0C, 0x00, 0x00, 0x00, 0xE1, 0x05, 
0x00, 0x00, 0x7E, 0xB5, 0x13, 0x3F, 0x2B, 0x00, 0x04, 0x00, 
0x0C, 0x00, 0x00, 0x00, 0xE2, 0x05, 0x00, 0x00, 0x92, 0x1C, 
0xB5, 0x3E, 0x2C, 0x00, 0x05, 0x00, 0x1D, 0x00, 0x00, 0x00, 
0xE3, 0x05, 0x00, 0x00, 0xE1, 0x05, 0x00, 0x00, 0xE2, 0x05, 
0x00, 0x00, 0x2B, 0x00, 0x04, 0x00, 0x0C, 0x00, 0x00, 0x00, 
0xE4, 0x05, 0x00, 0x00, 0x4D, 0xC7, 0x4C, 0x3F, 0x2B, 0x00, 
0x04, 0x00, 0x0C, 0x00, 0x00, 0x00, 0xE5, 0x05, 0x00, 0x00, 
0xD6, 0xBB, 0x6F, 0x3F, 0x2C, 0x00, 0x05, 0x00, 0x1D, 0x00, 
0x00, 0x00, 0xE6, 0x05, 0x00, 0x00, 0xE4, 0x05, 0x00, 0x00, 
0xE5, 0x05, 0x00, 0x00, 0x2B, 0x00, 0x04, 0x00, 0x0C, 0x00, 
0x00, 0x00, 0xE7, 0x05, 0x00, 0x00, 0x38, 0x40, 0x1E, 0x3F, 
0x2B, 0x00, 0x04, 0x00, 0x0C, 0x00, 0x00, 0x00, 0xE8, 0x05, 
0x00, 0x00, 0x56, 0xB0, 0xDB, 0x3E, 0x2C, 0x00, 0x05, 0x00, 
0x1D, 0x00, 0x00, 0x00, 0xE9, 0x05, 0x00, 0x00, 0xE7, 0x05, 
0x00, 0x00, 0xE8, 0x05, 0x00, 0x00, 0x2B, 0x00, 0x04, 0x00, 
0x0C, 0x00, 0x00, 0x00, 0xEA, 0x05, 0x00, 0x00, 0x86, 0x5F, 
0x17, 0x3F, 0x2B, 0x00, 0x04, 0x00, 0x0C, 0x00, 0x00, 0x00, 
0xEB, 0x05, 0x00, 0x00, 0x6C, 0x21, 0x84, 0x3E, 0x2C, 0x00, 
0x05, 0x00, 0x1D, 0x00, 0x00, 0x00, 0xEC, 0x05, 0x00, 0x00, 
0xEA, 0x05, 0x00, 0x00, 0xEB, 0x05, 0x00, 0x00, 0x2B, 0x00, 
0x04, 0x00, 0x0C, 0x00, 0x00, 0x00, 0xED, 0x05, 0x00, 0x00, 
0xD7, 0xA4, 0x13, 0x3F, 0x2B, 0x00, 0x04, 0x00, 0x0C, 0x00, 
0x00, 0x00, 0xEE, 0x05, 0x00, 0x00, 0xC1, 0x07, 0x26, 0x3F, 
0x2C, 0x00, 0x05, 0x00, 0x1D, 0x00, 0x00, 0x00, 0xEF, 0x05, 
0x00, 0x00, 0xED, 0x05, 0x00, 0x00, 0xEE, 0x05, 0x00, 0x00, 
0x2B, 0x00, 0x04, 0x00, 0x0C, 0x00, 0x00, 0x00, 0xF0, 0x05, 
0x00, 0x00, 0x4F, 0xF6, 0x1C, 0x3F, 0x2B, 0x00, 0x04, 0x00, 
0x0C, 0x00, 0x00, 0x00, 0xF1, 0x05, 0x00, 0x00, 0xD8, 0xEB, 
0x44, 0x3F, 0x2C, 0x00, 0x05, 0x00, 0x1D, 0x00, 0x00, 0x00, 
0xF2, 0x05, 0x00, 0x00, 0xF0, 0x05, 0x00, 0x00, 0xF1, 0x05, 
0x00, 0x00, 0x2B, 0x00, 0x04, 0x00, 0x0C, 0x00, 0x00, 0x00, 
0xF3, 0x05, 0x00, 0x00, 0xCB, 0x03, 0x0C, 0x3F, 0x2B, 0x00, 
0x04, 0x00, 0x0C, 0x00, 0x00, 0x00, 0xF4, 0x05, 0x00, 0x00, 
0x8D, 0x17, 0xC9, 0x3E, 0x2C, 0x00, 0x05, 0x00, 0x1D, 0x00, 
0x00, 0x00, 0xF5, 0x05, 0x00, 0x00, 0xF3, 0x05, 0x00, 0x00, 
0xF4, 0x05, 0x00, 0x00, 0x2B, 0x00, 0x04, 0x00, 0x0C, 0x00, 
0x00, 0x00, 0xF6, 0x05, 0x00, 0x00, 0x6C, 0x2C, 0x1B, 0x3F, 
0x2B, 0x00, 0x04, 0x00, 0x0C, 0x00, 0x00, 0x00, 0xF7, 0x05, 
0x00, 0x00, 0x80, 0xF8, 0x1C, 0x3F, 0x2C, 0x00, 0x05, 0x00, 
0x1D, 0x00, 0x00, 0x00, 0xF8, 0x05, 0x00, 0x00, 0xF6, 0x05, 
0x00, 0x00, 0xF7, 0x05, 0x00, 0x00, 0x2B, 0x00, 0x04, 0x00, 
0x0C, 0x00, 0x00, 0x00, 0xF9, 0x05, 0x00, 0x00, 0x4A, 0x31, 
0x10, 0x3F, 0x2B, 0x00, 0x04, 0x00, 0x0C, 0x00, 0x00, 0x00, 
0xFA, 0x05, 0x00, 0x00, 0x36, 0xF6, 0xAA, 0x3E, 0x2C, 0x00, 
0x05, 0x00, 0x1D, 0x00, 0x00, 0x00, 0xFB, 0x05, 0x00, 0x00, 
0xF9, 0x05, 0x00, 0x00, 0xFA, 0x05, 0x00, 0x00, 0x2B, 0x00, 
0x04, 0x00, 0x0C, 0x00, 0x00, 0x00, 0xFC, 0x05, 0x00, 0x00, 
0xEE, 0x7A, 0x05, 0x3F, 0x2B, 0x00, 0x04, 0x00, 0x0C, 0x00, 
0x00, 0x00, 0xFD, 0x05, 0x00, 0x00, 0x8A, 0x6C, 0x2E, 0x3F, 
0x2C, 0x00, 0x05, 0x00, 0x1D, 0x00, 0x00, 0x00, 0xFE, 0x05, 
0x00, 0x00, 0xFC, 0x05, 0x00, 0x00, 0xFD, 0x05, 0x00, 0x00, 
0x2B, 0x00, 0x04, 0x00, 0x0C, 0x00, 0x00, 0x00, 0xFF, 0x05, 
0x00, 0x00, 0x0B, 0x11, 0xF3, 0x3E, 0x2B, 0x00, 0x04, 0x00, 
0x0C, 0x00, 0x00, 0x00, 0x00, 0x06, 0x00, 0x00, 0xD0, 0x86, 
0xBA, 0x3E, 0x2C, 0x00, 0x05, 0x00, 0x1D, 0x00, 0x00, 0x00, 
0x01, 0x06, 0x00, 0x00, 0xFF, 0x05, 0x00, 0x00, 0x00, 0x06, 
0x00, 0x00, 0x2B, 0x00, 0x04, 0x00, 0x0C, 0x00, 0x00, 0x00, 
0x02, 0x06, 0x00, 0x00, 0xB8, 0x50, 0x02, 0x3F, 0x2B, 0x00, 
0x04, 0x00, 0x0C, 0x00, 0x00, 0x00, 0x03, 0x06, 0x00, 0x00, 
0x56, 0xDE, 0x3C, 0x3E, 0x2C, 0x00, 0x05, 0x00, 0x1D, 0x00, 
0x00, 0x00, 0x04, 0x06, 0x00, 0x00, 0x02, 0x06, 0x00, 0x00, 
0x03, 0x06, 0x00, 0x00, 0x2B, 0x00, 0x04, 0x00, 0x0C, 0x00, 
0x00, 0x00, 0x05, 0x06, 0x00, 0x00, 0xC5, 0xE6, 0xEB, 0x3E, 
0x2B, 0x00, 0x04, 0x00, 0x0C, 0x00, 0x00, 0x00, 0x06, 0x06, 
0x00, 0x00, 0x4F, 0xA4, 0xD5, 0x3E, 0x2C, 0x00, 0x05, 0x00, 
0x1D, 0x00, 0x00, 0x00, 0x07, 0x06, 0x00, 0x00, 0x05, 0x06, 
0x00, 0x00, 0x06, 0x06, 0x00, 0x00, 0x2B, 0x00, 0x04, 0x00, 
0x0C, 0x00, 0x00, 0x00, 0x08, 0x06, 0x00, 0x00, 0xF8, 0xFF, 
0x68, 0x3F, 0x2B, 0x00, 0x04, 0x00, 0x0C, 0x00, 0x00, 0x00, 
0x09, 0x06, 0x00, 0x00, 0x7E, 0x2C, 0x1A, 0x3F, 0x2C, 0x00, 
0x05, 0x00, 0x1D, 0x00, 0x00, 0x00, 0x0A, 0x06, 0x00, 0x00, 
0x08, 0x06, 0x00, 0x00, 0x09, 0x06, 0x00, 0x00, 0x2B, 0x00, 
0x04, 0x00, 0x0C, 0x00, 0x00, 0x00, 0x0B, 0x06, 0x00, 0x00, 
0x86, 0xF1, 0x65, 0x3F, 0x2B, 0x00, 0x04, 0x00, 0x0C, 0x00, 
0x00, 0x00, 0x0C, 0x06, 0x00, 0x00, 0x65, 0x68, 0xB9, 0x3E, 
0x2C, 0x00, 0x05, 0x00, 0x1D, 0x00, 0x00, 0x00, 0x0D, 0x06, 
0x00, 0x00, 0x0B, 0x06, 0x00, 0x00, 0x0C, 0x06, 0x00, 0x00, 
0x2B, 0x00, 0x04, 0x00, 0x0C, 0x00, 0x00, 0x00, 0x0E, 0x06, 
0x00, 0x00, 0x55, 0xF3, 0x63, 0x3F, 0x2B, 0x00, 0x04, 0x00, 
0x0C, 0x00, 0x00, 0x00, 0x0F, 0x06, 0x00, 0x00, 0xDF, 0x2E, 
0x18, 0x3F, 0x2C, 0x00, 0x05, 0x00, 0x1D, 0x00, 0x00, 0x00, 
0x10, 0x06, 0x00, 0x00, 0x0E, 0x06, 0x00, 0x00, 0x0F, 0x06, 
0x00, 0x00, 0x2B, 0x00, 0x04, 0x00, 0x0C, 0x00, 0x00, 0x00, 
0x11, 0x06, 0x00, 0x00, 0xD5, 0x59, 0x63, 0x3F, 0x2B, 0x00, 
0x04, 0x00, 0x0C, 0x00, 0x00, 0x00, 0x12, 0x06, 0x00, 0x00, 
0x1E, 0x30, 0x18, 0x3F, 0x2C, 0x00, 0x05, 0x00, 0x1D, 0x00, 
0x00, 0x00, 0x13, 0x06, 0x00, 0x00, 0x11, 0x06, 0x00, 0x00, 
0x12, 0x06, 0x00, 0x00, 0x2B, 0x00, 0x04, 0x00, 0x0C, 0x00, 
0x00, 0x00, 0x14, 0x06, 0x00, 0x00, 0x5C, 0xB0, 0xCB, 0x3E, 
0x2B, 0x00, 0x04, 0x00, 0x0C, 0x00, 0x00, 0x00, 0x15, 0x06, 
0x00, 0x00, 0x31, 0xEB, 0x5D, 0x3F, 0x2C, 0x00, 0x05, 0x00, 
0x1D, 0x00, 0x00, 0x00, 0x16, 0x06, 0x00, 0x00, 0x14, 0x06, 
0x00, 0x00, 0x15, 0x06, 0x00, 0x00, 0x2B, 0x00, 0x04, 0x00, 
0x0C, 0x00, 0x00, 0x00, 0x17, 0x06, 0x00, 0x00, 0xAD, 0x74, 
0xED, 0x3E, 0x2B, 0x00, 0x04, 0x00, 0x0C, 0x00, 0x00, 0x00, 
0x18, 0x06, 0x00, 0x00, 0x58, 0x24, 0x2F, 0x3F, 0x2C, 0x00, 
0x05, 0x00, 0x1D, 0x00, 0x00, 0x00, 0x19, 0x06, 0x00, 0x00, 
0x17, 0x06, 0x00, 0x00, 0x18, 0x06, 0x00, 0x00, 0x2B, 0x00, 
0x04, 0x00, 0x0C, 0x00, 0x00, 0x00, 0x1A, 0x06, 0x00, 0x00, 
0xF0, 0x50, 0xB0, 0x3E, 0x2B, 0x00, 0x04, 0x00, 0x0C, 0x00, 
0x00, 0x00, 0x1B, 0x06, 0x00, 0x00, 0x55, 0xF5, 0x47, 0x3E, 
0x2C, 0x00, 0x05, 0x00, 0x1D, 0x00, 0x00, 0x00, 0x1C, 0x06, 
0x00, 0x00, 0x1A, 0x06, 0x00, 0x00, 0x1B, 0x06, 0x00, 0x00, 
0x2B, 0x00, 0x04, 0x00, 0x0C, 0x00, 0x00, 0x00, 0x1D, 0x06, 
0x00, 0x00, 0x91, 0x09, 0x5D, 0x3E, 0x2B, 0x00, 0x04, 0x00, 
0x0C, 0x00, 0x00, 0x00, 0x1E, 0x06, 0x00, 0x00, 0x9A, 0xCC, 
0x31, 0x3F, 0x2C, 0x00, 0x05, 0x00, 0x1D, 0x00, 0x00, 0x00, 
0x1F, 0x06, 0x00, 0x00, 0x1D, 0x06, 0x00, 0x00, 0x1E, 0x06, 
0x00, 0x00, 0x2B, 0x00, 0x04, 0x00, 0x0C, 0x00, 0x00, 0x00, 
0x20, 0x06, 0x00, 0x00, 0x36, 0x16, 0x56, 0x3E, 0x2B, 0x00, 
0x04, 0x00, 0x0C, 0x00, 0x00, 0x00, 0x21, 0x06, 0x00, 0x00, 
0x94, 0x53, 0x38, 0x3F, 0x2C, 0x00, 0x05, 0x00, 0x1D, 0x00, 
0x00, 0x00, 0x22, 0x06, 0x00, 0x00, 0x20, 0x06, 0x00, 0x00, 
0x21, 0x06, 0x00, 0x00, 0x2B, 0x00, 0x04, 0x00, 0x0C, 0x00, 
0x00, 0x00, 0x23, 0x06, 0x00, 0x00, 0xC8, 0xA4, 0xBD, 0x3E, 
0x2B, 0x00, 0x04, 0x00, 0x0C, 0x00, 0x00, 0x00, 0x24, 0x06, 
0x00, 0x00, 0xF6, 0xC8, 0x01, 0x3F, 0x2C, 0x00, 0x05, 0x00, 
0x1D, 0x00, 0x00, 0x00, 0x25, 0x06, 0x00, 0x00, 0x23, 0x06, 
0x00, 0x00, 0x24, 0x06, 0x00, 0x00, 0x2B, 0x00, 0x04, 0x00, 
0x0C, 0x00, 0x00, 0x00, 0x26, 0x06, 0x00, 0x00, 0x0C, 0x1A, 
0xE7, 0x3E, 0x2B, 0x00, 0x04, 0x00, 0x0C, 0x00, 0x00, 0x00, 
0x27, 0x06, 0x00, 0x00, 0x36, 0x8A, 0x21, 0x3F, 0x2C, 0x00, 
0x05, 0x00, 0x1D, 0x00, 0x00, 0x00, 0x28, 0x06, 0x00, 0x00, 
0x26, 0x06, 0x00, 0x00, 0x27, 0x06, 0x00, 0x00, 0x2B, 0x00, 
0x04, 0x00, 0x0C, 0x00, 0x00, 0x00, 0x29, 0x06, 0x00, 0x00, 
0xEF, 0x2E, 0x4B, 0x3F, 0x2B, 0x00, 0x04, 0x00, 0x0C, 0x00, 
0x00, 0x00, 0x2A, 0x06, 0x00, 0x00, 0x1F, 0x6B, 0xAD, 0x3E, 
0x2C, 0x00, 0x05, 0x00, 0x1D, 0x00, 0x00, 0x00, 0x2B, 0x06, 
0x00, 0x00, 0x29, 0x06, 0x00, 0x00, 0x2A, 0x06, 0x00, 0x00, 
0x2B, 0x00, 0x04, 0x00, 0x0C, 0x00, 0x00, 0x00, 0x2C, 0x06, 
0x00, 0x00, 0xD4, 0x96, 0x3F, 0x3F, 0x2B, 0x00, 0x04, 0x00, 
0x0C, 0x00, 0x00, 0x00, 0x2D, 0x06, 0x00, 0x00, 0x2E, 0xEF, 
0x20, 0x3F, 0x2C, 0x00, 0x05, 0x00, 0x1D, 0x00, 0x00, 0x00, 
0x2E, 0x06, 0x00, 0x00, 0x2C, 0x06, 0x00, 0x00, 0x2D, 0x06, 
0x00, 0x00, 0x2B, 0x00, 0x04, 0x00, 0x0C, 0x00, 0x00, 0x00, 
0x2F, 0x06, 0x00, 0x00, 0xC2, 0xA1, 0x35, 0x3F, 0x2B, 0x00, 
0x04, 0x00, 0x0C, 0x00, 0x00, 0x00, 0x30, 0x06, 0x00, 0x00, 
0x58, 0x6E, 0x6E, 0x3F, 0x2C, 0x00, 0x05, 0x00, 0x1D, 0x00, 
0x00, 0x00, 0x31, 0x06, 0x00, 0x00, 0x2F, 0x06, 0x00, 0x00, 
0x30, 0x06, 0x00, 0x00, 0x2B, 0x00, 0x04, 0x00, 0x0C, 0x00, 
0x00, 0x00, 0x32, 0x06, 0x00, 0x00, 0xC5, 0xB7, 0x46, 0x3E, 
0x2B, 0x00, 0x04, 0x00, 0x0C, 0x00, 0x00, 0x00, 0x33, 0x06, 
0x00, 0x00, 0xE9, 0x15, 0xCA, 0x3D, 0x2C, 0x00, 0x05, 0x00, 
0x1D, 0x00, 0x00, 0x00, 0x34, 0x06, 0x00, 0x00, 0x32, 0x06, 
0x00, 0x00, 0x33, 0x06, 0x00, 0x00, 0x2B, 0x00, 0x04, 0x00, 
0x0C, 0x00, 0x00, 0x00, 0x35, 0x06, 0x00, 0x00, 0x71, 0x44, 
0x05, 0x3E, 0x2B, 0x00, 0x04, 0x00, 0x0C, 0x00, 0x00, 0x00, 
0x36, 0x06, 0x00, 0x00, 0xE9, 0x88, 0xA6, 0x3E, 0x2C, 0x00, 
0x05, 0x00, 0x1D, 0x00, 0x00, 0x00, 0x37, 0x06, 0x00, 0x00, 
0x35, 0x06, 0x00, 0x00, 0x36, 0x06, 0x00, 0x00, 0x2B, 0x00, 
0x04, 0x00, 0x0C, 0x00, 0x00, 0x00, 0x38, 0x06, 0x00, 0x00, 
0x41, 0xE6, 0x0C, 0x3E, 0x2B, 0x00, 0x04, 0x00, 0x0C, 0x00, 
0x00, 0x00, 0x39, 0x06, 0x00, 0x00, 0xA1, 0x81, 0x58, 0x3E, 
0x2C, 0x00, 0x05, 0x00, 0x1D, 0x00, 0x00, 0x00, 0x3A, 0x06, 
0x00, 0x00, 0x38, 0x06, 0x00, 0x00, 0x39, 0x06, 0x00, 0x00, 
0x2B, 0x00, 0x04, 0x00, 0x0C, 0x00, 0x00, 0x00, 0x3B, 0x06, 
0x00, 0x00, 0xAB, 0x51, 0x85, 0x3E, 0x2B, 0x00, 0x04, 0x00, 
0x0C, 0x00, 0x00, 0x00, 0x3C, 0x06, 0x00, 0x00, 0xEE, 0xD1, 
0x05, 0x3F, 0x2C, 0x00, 0x05, 0x00, 0x1D, 0x00, 0x00, 0x00, 
0x3D, 0x06, 0x00, 0x00, 0x3B, 0x06, 0x00, 0x00, 0x3C, 0x06, 
0x00, 0x00, 0x2B, 0x00, 0x04, 0x00, 0x0C, 0x00, 0x00, 0x00, 
0x3E, 0x06, 0x00, 0x00, 0x77, 0x9D, 0x9A, 0x3E, 0x2B, 0x00, 
0x04, 0x00, 0x0C, 0x00, 0x00, 0x00, 0x3F, 0x06, 0x00, 0x00, 
0xC9, 0x56, 0xE3, 0x3E, 0x2C, 0x00, 0x05, 0x00, 0x1D, 0x00, 
0x00, 0x00, 0x40, 0x06, 0x00, 0x00, 0x3E, 0x06, 0x00, 0x00, 
0x3F, 0x06, 0x00, 0x00, 0x2B, 0x00, 0x04, 0x00, 0x0C, 0x00, 
0x00, 0x00, 0x41, 0x06, 0x00, 0x00, 0xCD, 0xA7, 0xC7, 0x3E, 
0x2B, 0x00, 0x04, 0x00, 0x0C, 0x00, 0x00, 0x00, 0x42, 0x06, 
0x00, 0x00, 0x86, 0x4C, 0x05, 0x3F, 0x2C, 0x00, 0x05, 0x00, 
0x1D, 0x00, 0x00, 0x00, 0x43, 0x06, 0x00, 0x00, 0x41, 0x06, 
0x00, 0x00, 0x42, 0x06, 0x00, 0x00, 0x2B, 0x00, 0x04, 0x00, 
0x0C, 0x00, 0x00, 0x00, 0x44, 0x06, 0x00, 0x00, 0x93, 0xD9, 
0xF2, 0x3E, 0x2B, 0x00, 0x04, 0x00, 0x0C, 0x00, 0x00, 0x00, 
0x45, 0x06, 0x00, 0x00, 0x7C, 0x52, 0x64, 0x3F, 0x2C, 0x00, 
0x05, 0x00, 0x1D, 0x00, 0x00, 0x00, 0x46, 0x06, 0x00, 0x00, 
0x44, 0x06, 0x00, 0x00, 0x45, 0x06, 0x00, 0x00, 0x2B, 0x00, 
0x04, 0x00, 0x0C, 0x00, 0x00, 0x00, 0x47, 0x06, 0x00, 0x00, 
0x50, 0x8E, 0xF2, 0x3E, 0x2B, 0x00, 0x04, 0x00, 0x0C, 0x00, 
0x00, 0x00, 0x48, 0x06, 0x00, 0x00, 0x0F, 0x3C, 0x32, 0x3F, 
0x2C, 0x00, 0x05, 0x00, 0x1D, 0x00, 0x00, 0x00, 0x49, 0x06, 
0x00, 0x00, 0x47, 0x06, 0x00, 0x00, 0x48, 0x06, 0x00, 0x00, 
0x2B, 0x00, 0x04, 0x00, 0x0C, 0x00, 0x00, 0x00, 0x4A, 0x06, 
0x00, 0x00, 0x10, 0xCA, 0xD0, 0x3E, 0x2B, 0x00, 0x04, 0x00, 
0x0C, 0x00, 0x00, 0x00, 0x4B, 0x06, 0x00, 0x00, 0xAD, 0x3A, 
0xAD, 0x3E, 0x2C, 0x00, 0x05, 0x00, 0x1D, 0x00, 0x00, 0x00, 
0x4C, 0x06, 0x00, 0x00, 0x4A, 0x06, 0x00, 0x00, 0x4B, 0x06, 
0x00, 0x00, 0x2B, 0x00, 0x04, 0x00, 0x0C, 0x00, 0x00, 0x00, 
0x4D, 0x06, 0x00, 0x00, 0x3D, 0x54, 0xCD, 0x3E, 0x2B, 0x00, 
0x04, 0x00, 0x0C, 0x00, 0x00, 0x00, 0x4E, 0x06, 0x00, 0x00, 
0x33, 0x3F, 0x2F, 0x3F, 0x2C, 0x00, 0x05, 0x00, 0x1D, 0x00, 
0x00, 0x00, 0x4F, 0x06, 0x00, 0x00, 0x4D, 0x06, 0x00, 0x00, 
0x4E, 0x06, 0x00, 0x00, 0x2B, 0x00, 0x04, 0x00, 0x0C, 0x00, 
0x00, 0x00, 0x50, 0x06, 0x00, 0x00, 0x1A, 0x58, 0x49, 0x3F, 
0x2B, 0x00, 0x04, 0x00, 0x0C, 0x00, 0x00, 0x00, 0x51, 0x06, 
0x00, 0x00, 0x46, 0x4A, 0x05, 0x3F, 0x2C, 0x00, 0x05, 0x00, 
0x1D, 0x00, 0x00, 0x00, 0x52, 0x06, 0x00, 0x00, 0x50, 0x06, 
0x00, 0x00, 0x51, 0x06, 0x00, 0x00, 0x2B, 0x00, 0x04, 0x00, 
0x0C, 0x00, 0x00, 0x00, 0x53, 0x06, 0x00, 0x00, 0x68, 0x74, 
0x4C, 0x3F, 0x2B, 0x00, 0x04, 0x00, 0x0C, 0x00, 0x00, 0x00, 
0x54, 0x06, 0x00, 0x00, 0x85, 0x57, 0xDF, 0x3E, 0x2C, 0x00, 
0x05, 0x00, 0x1D, 0x00, 0x00, 0x00, 0x55, 0x06, 0x00, 0x00, 
0x53, 0x06, 0x00, 0x00, 0x54, 0x06, 0x00, 0x00, 0x2B, 0x00, 
0x04, 0x00, 0x0C, 0x00, 0x00, 0x00, 0x56, 0x06, 0x00, 0x00, 
0x1B, 0x5A, 0x2C, 0x3F, 0x2B, 0x00, 0x04, 0x00, 0x0C, 0x00, 
0x00, 0x00, 0x57, 0x06, 0x00, 0x00, 0x0F, 0x03, 0x5D, 0x3F, 
0x2C, 0x00, 0x05, 0x00, 0x1D, 0x00, 0x00, 0x00, 0x58, 0x06, 
0x00, 0x00, 0x56, 0x06, 0x00, 0x00, 0x57, 0x06, 0x00, 0x00, 
0x2B, 0x00, 0x04, 0x00, 0x0C, 0x00, 0x00, 0x00, 0x59, 0x06, 
0x00, 0x00, 0x89, 0x5F, 0xB1, 0x3E, 0x2B, 0x00, 0x04, 0x00, 
0x0C, 0x00, 0x00, 0x00, 0x5A, 0x06, 0x00, 0x00, 0x76, 0xBC, 
0x2E, 0x3E, 0x2C, 0x00, 0x05, 0x00, 0x1D, 0x00, 0x00, 0x00, 
0x5B, 0x06, 0x00, 0x00, 0x59, 0x06, 0x00, 0x00, 0x5A, 0x06, 
0x00, 0x00, 0x2B, 0x00, 0x04, 0x00, 0x0C, 0x00, 0x00, 0x00, 
0x5C, 0x06, 0x00, 0x00, 0x02, 0x06, 0xA2, 0x3E, 0x2B, 0x00, 
0x04, 0x00, 0x0C, 0x00, 0x00, 0x00, 0x5D, 0x06, 0x00, 0x00, 
0x1C, 0x61, 0x04, 0x3F, 0x2C, 0x00, 0x05, 0x00, 0x1D, 0x00, 
0x00, 0x00, 0x5E, 0x06, 0x00, 0x00, 0x5C, 0x06, 0x00, 0x00, 
0x5D, 0x06, 0x00, 0x00, 0x2B, 0x00, 0x04, 0x00, 0x0C, 0x00, 
0x00, 0x00, 0x5F, 0x06, 0x00, 0x00, 0x90, 0x16, 0x7A, 0x3E, 
0x2B, 0x00, 0x04, 0x00, 0x0C, 0x00, 0x00, 0x00, 0x60, 0x06, 
0x00, 0x00, 0xD8, 0xA4, 0x5C, 0x3F, 0x2C, 0x00, 0x05, 0x00, 
0x1D, 0x00, 0x00, 0x00, 0x61, 0x06, 0x00, 0x00, 0x5F, 0x06, 
0x00, 0x00, 0x60, 0x06, 0x00, 0x00, 0x2B, 0x00, 0x04, 0x00, 
0x0C, 0x00, 0x00, 0x00, 0x62, 0x06, 0x00, 0x00, 0x23, 0x1C, 
0xF1, 0x3E, 0x2B, 0x00, 0x04, 0x00, 0x0C, 0x00, 0x00, 0x00, 
0x63, 0x06, 0x00, 0x00, 0x1B, 0x21, 0x0B, 0x3F, 0x2C, 0x00, 
0x05, 0x00, 0x1D, 0x00, 0x00, 0x00, 0x64, 0x06, 0x00, 0x00, 
0x62, 0x06, 0x00, 0x00, 0x63, 0x06, 0x00, 0x00, 0x2B, 0x00, 
0x04, 0x00, 0x0C, 0x00, 0x00, 0x00, 0x65, 0x06, 0x00, 0x00, 
0x6C, 0x8F, 0xC7, 0x3E, 0x2B, 0x00, 0x04, 0x00, 0x0C, 0x00, 
0x00, 0x00, 0x66, 0x06, 0x00, 0x00, 0x98, 0x98, 0x8C, 0x3E, 
0x2C, 0x00, 0x05, 0x00, 0x1D, 0x00, 0x00, 0x00, 0x67, 0x06, 
0x00, 0x00, 0x65, 0x06, 0x00, 0x00, 0x66, 0x06, 0x00, 0x00, 
0x2B, 0x00, 0x04, 0x00, 0x0C, 0x00, 0x00, 0x00, 0x68, 0x06, 
0x00, 0x00, 0x0C, 0x27, 0xC4, 0x3E, 0x2B, 0x00, 0x04, 0x00, 
0x0C, 0x00, 0x00, 0x00, 0x69, 0x06, 0x00, 0x00, 0x48, 0x7C, 
0x60, 0x3E, 0x2C, 0x00, 0x05, 0x00, 0x1D, 0x00, 0x00, 0x00, 
0x6A, 0x06, 0x00, 0x00, 0x68, 0x06, 0x00, 0x00, 0x69, 0x06, 
0x00, 0x00, 0x2B, 0x00, 0x04, 0x00, 0x0C, 0x00, 0x00, 0x00, 
0x6B, 0x06, 0x00, 0x00, 0x3A, 0x89, 0xAA, 0x3E, 0x2B, 0x00, 
0x04, 0x00, 0x0C, 0x00, 0x00, 0x00, 0x6C, 0x06, 0x00, 0x00, 
0x67, 0xF9, 0xF9, 0x3E, 0x2C, 0x00, 0x05, 0x00, 0x1D, 0x00, 
0x00, 0x00, 0x6D, 0x06, 0x00, 0x00, 0x6B, 0x06, 0x00, 0x00, 
0x6C, 0x06, 0x00, 0x00, 0x2B, 0x00, 0x04, 0x00, 0x0C, 0x00, 
0x00, 0x00, 0x6E, 0x06, 0x00, 0x00, 0xAA, 0x4E, 0xBA, 0x3E, 
0x2B, 0x00, 0x04, 0x00, 0x0C, 0x00, 0x00, 0x00, 0x6F, 0x06, 
0x00, 0x00, 0x0B, 0x5B, 0x0A, 0x3F, 0x2C, 0x00, 0x05, 0x00, 
0x1D, 0x00, 0x00, 0x00, 0x70, 0x06, 0x00, 0x00, 0x6E, 0x06, 
0x00, 0x00, 0x6F, 0x06, 0x00, 0x00, 0x2B, 0x00, 0x04, 0x00, 
0x0C, 0x00, 0x00, 0x00, 0x71, 0x06, 0x00, 0x00, 0x64, 0x63, 
0x08, 0x3F, 0x2B, 0x00, 0x04, 0x00, 0x0C, 0x00, 0x00, 0x00, 
0x72, 0x06, 0x00, 0x00, 0x68, 0x2E, 0x04, 0x3F, 0x2C, 0x00, 
0x05, 0x00, 0x1D, 0x00, 0x00, 0x00, 0x73, 0x06, 0x00, 0x00, 
0x71, 0x06, 0x00, 0x00, 0x72, 0x06, 0x00, 0x00, 0x2B, 0x00, 
0x04, 0x00, 0x0C, 0x00, 0x00, 0x00, 0x74, 0x06, 0x00, 0x00, 
0x8B, 0x51, 0xEB, 0x3E, 0x2B, 0x00, 0x04, 0x00, 0x0C, 0x00, 
0x00, 0x00, 0x75, 0x06, 0x00, 0x00, 0xBB, 0xA0, 0x65, 0x3F, 
0x2C, 0x00, 0x05, 0x00, 0x1D, 0x00, 0x00, 0x00, 0x76, 0x06, 
0x00, 0x00, 0x74, 0x06, 0x00, 0x00, 0x75, 0x06, 0x00, 0x00, 
0x2B, 0x00, 0x04, 0x00, 0x0C, 0x00, 0x00, 0x00, 0x77, 0x06, 
0x00, 0x00, 0x77, 0x81, 0xE7, 0x3E, 0x2B, 0x00, 0x04, 0x00, 
0x0C, 0x00, 0x00, 0x00, 0x78, 0x06, 0x00, 0x00, 0x00, 0x87, 
0x3D, 0x3F, 0x2C, 0x00, 0x05, 0x00, 0x1D, 0x00, 0x00, 0x00, 
0x79, 0x06, 0x00, 0x00, 0x77, 0x06, 0x00, 0x00, 0x78, 0x06, 
0x00, 0x00, 0x2B, 0x00, 0x04, 0x00, 0x0C, 0x00, 0x00, 0x00, 
0x7A, 0x06, 0x00, 0x00, 0x9D, 0xE5, 0xBF, 0x3E, 0x2B, 0x00, 
0x04, 0x00, 0x0C, 0x00, 0x00, 0x00, 0x7B, 0x06, 0x00, 0x00, 
0xA4, 0x06, 0xAD, 0x3E, 0x2C, 0x00, 0x05, 0x00, 0x1D, 0x00, 
0x00, 0x00, 0x7C, 0x06, 0x00, 0x00, 0x7A, 0x06, 0x00, 0x00, 
0x7B, 0x06, 0x00, 0x00, 0x2B, 0x00, 0x04, 0x00, 0x0C, 0x00, 
0x00, 0x00, 0x7D, 0x06, 0x00, 0x00, 0x7D, 0x6A, 0xA2, 0x3E, 
0x2B, 0x00, 0x04, 0x00, 0x0C, 0x00, 0x00, 0x00, 0x7E, 0x06, 
0x00, 0x00, 0x62, 0x3C, 0x2D, 0x3F, 0x2C, 0x00, 0x05, 0x00, 
0x1D, 0x00, 0x00, 0x00, 0x7F, 0x06, 0x00, 0x00, 0x7D, 0x06, 
0x00, 0x00, 0x7E, 0x06, 0x00, 0x00, 0x2B, 0x00, 0x04, 0x00, 
0x0C, 0x00, 0x00, 0x00, 0x80, 0x06, 0x00, 0x00, 0xD8, 0x16, 
0x41, 0x3E, 0x2B, 0x00, 0x04, 0x00, 0x0C, 0x00, 0x00, 0x00, 
0x81, 0x06, 0x00, 0x00, 0x6B, 0xBE, 0x9D, 0x3E, 0x2C, 0x00, 
0x05, 0x00, 0x1D, 0x00, 0x00, 0x00, 0x82, 0x06, 0x00, 0x00, 
0x80, 0x06, 0x00, 0x00, 0x81, 0x06, 0x00, 0x00, 0x2B, 0x00, 
0x04, 0x00, 0x0C, 0x00, 0x00, 0x00, 0x83, 0x06, 0x00, 0x00, 
0xFB, 0x07, 0xC1, 0x3E, 0x2B, 0x00, 0x04, 0x00, 0x0C, 0x00, 
0x00, 0x00, 0x84, 0x06, 0x00, 0x00, 0x4D, 0xF9, 0xC0, 0x3E, 
0x2C, 0x00, 0x05, 0x00, 0x1D, 0x00, 0x00, 0x00, 0x85, 0x06, 
0x00, 0x00, 0x83, 0x06, 0x00, 0x00, 0x84, 0x06, 0x00, 0x00, 
0x2B, 0x00, 0x04, 0x00, 0x0C, 0x00, 0x00, 0x00, 0x86, 0x06, 
0x00, 0x00, 0xC9, 0x51, 0xB1, 0x3E, 0x2B, 0x00, 0x04, 0x00, 
0x0C, 0x00, 0x00, 0x00, 0x87, 0x06, 0x00, 0x00, 0xE0, 0xB9, 
0x36, 0x3F, 0x2C, 0x00, 0x05, 0x00, 0x1D, 0x00, 0x00, 0x00, 
0x88, 0x06, 0x00, 0x00, 0x86, 0x06, 0x00, 0x00, 0x87, 0x06, 
0x00, 0x00, 0x2B, 0x00, 0x04, 0x00, 0x0C, 0x00, 0x00, 0x00, 
0x89, 0x06, 0x00, 0x00, 0xE2, 0x3F, 0x26, 0x3F, 0x2B, 0x00, 
0x04, 0x00, 0x0C, 0x00, 0x00, 0x00, 0x8A, 0x06, 0x00, 0x00, 
0x7D, 0x25, 0x8C, 0x3E, 0x2C, 0x00, 0x05, 0x00, 0x1D, 0x00, 
0x00, 0x00, 0x8B, 0x06, 0x00, 0x00, 0x89, 0x06, 0x00, 0x00, 
0x8A, 0x06, 0x00, 0x00, 0x2B, 0x00, 0x04, 0x00, 0x0C, 0x00, 
0x00, 0x00, 0x8C, 0x06, 0x00, 0x00, 0x5D, 0x37, 0x17, 0x3F, 
0x2B, 0x00, 0x04, 0x00, 0x0C, 0x00, 0x00, 0x00, 0x8D, 0x06, 
0x00, 0x00, 0x12, 0x58, 0x1F, 0x3F, 0x2C, 0x00, 0x05, 0x00, 
0x1D, 0x00, 0x00, 0x00, 0x8E, 0x06, 0x00, 0x00, 0x8C, 0x06, 
0x00, 0x00, 0x8D, 0x06, 0x00, 0x00, 0x2B, 0x00, 0x04, 0x00, 
0x0C, 0x00, 0x00, 0x00, 0x8F, 0x06, 0x00, 0x00, 0xDB, 0xD2, 
0x1C, 0x3F, 0x2B, 0x00, 0x04, 0x00, 0x0C, 0x00, 0x00, 0x00, 
0x90, 0x06, 0x00, 0x00, 0x02, 0x1B, 0x46, 0x3F, 0x2C, 0x00, 
0x05, 0x00, 0x1D, 0x00, 0x00, 0x00, 0x91, 0x06, 0x00, 0x00, 
0x8F, 0x06, 0x00, 0x00, 0x90, 0x06, 0x00, 0x00, 0x2B, 0x00, 
0x04, 0x00, 0x0C, 0x00, 0x00, 0x00, 0x92, 0x06, 0x00, 0x00, 
0x86, 0x48, 0x1E, 0x3F, 0x2B, 0x00, 0x04, 0x00, 0x0C, 0x00, 
0x00, 0x00, 0x93, 0x06, 0x00, 0x00, 0x19, 0x2C, 0x0A, 0x3F, 
0x2C, 0x00, 0x05, 0x00, 0x1D, 0x00, 0x00, 0x00, 0x94, 0x06, 
0x00, 0x00, 0x92, 0x06, 0x00, 0x00, 0x93, 0x06, 0x00, 0x00, 
0x2B, 0x00, 0x04, 0x00, 0x0C, 0x00, 0x00, 0x00, 0x95, 0x06, 
0x00, 0x00, 0x1A, 0x42, 0x13, 0x3F, 0x2B, 0x00, 0x04, 0x00, 
0x0C, 0x00, 0x00, 0x00, 0x96, 0x06, 0x00, 0x00, 0x20, 0xED, 
0x87, 0x3E, 0x2C, 0x00, 0x05, 0x00, 0x1D, 0x00, 0x00, 0x00, 
0x97, 0x06, 0x00, 0x00, 0x95, 0x06, 0x00, 0x00, 0x96, 0x06, 
0x00, 0x00, 0x2B, 0x00, 0x04, 0x00, 0x0C, 0x00, 0x00, 0x00, 
0x98, 0x06, 0x00, 0x00, 0x81, 0xCD, 0x19, 0x3F, 0x2B, 0x00, 
0x04, 0x00, 0x0C, 0x00, 0x00, 0x00, 0x99, 0x06, 0x00, 0x00, 
0x95, 0xEE, 0x5E, 0x3E, 0x2C, 0x00, 0x05, 0x00, 0x1D, 0x00, 
0x00, 0x00, 0x9A, 0x06, 0x00, 0x00, 0x98, 0x06, 0x00, 0x00, 
0x99, 0x06, 0x00, 0x00, 0x2B, 0x00, 0x04, 0x00, 0x0C, 0x00, 
0x00, 0x00, 0x9B, 0x06, 0x00, 0x00, 0xBC, 0xC9, 0x21, 0x3F, 
0x2B, 0x00, 0x04, 0x00, 0x0C, 0x00, 0x00, 0x00, 0x9C, 0x06, 
0x00, 0x00, 0x9B, 0x70, 0xDB, 0x3E, 0x2C, 0x00, 0x05, 0x00, 
0x1D, 0x00, 0x00, 0x00, 0x9D, 0x06, 0x00, 0x00, 0x9B, 0x06, 
0x00, 0x00, 0x9C, 0x06, 0x00, 0x00, 0x2B, 0x00, 0x04, 0x00, 
0x0C, 0x00, 0x00, 0x00, 0x9E, 0x06, 0x00, 0x00, 0x48, 0x1B, 
0x0C, 0x3F, 0x2B, 0x00, 0x04, 0x00, 0x0C, 0x00, 0x00, 0x00, 
0x9F, 0x06, 0x00, 0x00, 0x2C, 0x28, 0x2F, 0x3F, 0x2C, 0x00, 
0x05, 0x00, 0x1D, 0x00, 0x00, 0x00, 0xA0, 0x06, 0x00, 0x00, 
0x9E, 0x06, 0x00, 0x00, 0x9F, 0x06, 0x00, 0x00, 0x2B, 0x00, 
0x04, 0x00, 0x0C, 0x00, 0x00, 0x00, 0xA1, 0x06, 0x00, 0x00, 
0x96, 0xAC, 0x09, 0x3F, 0x2B, 0x00, 0x04, 0x00, 0x0C, 0x00, 
0x00, 0x00, 0xA2, 0x06, 0x00, 0x00, 0xC9, 0xEF, 0x05, 0x3F, 
0x2C, 0x00, 0x05, 0x00, 0x1D, 0x00, 0x00, 0x00, 0xA3, 0x06, 
0x00, 0x00, 0xA1, 0x06, 0x00, 0x00, 0xA2, 0x06, 0x00, 0x00, 
0x2B, 0x00, 0x04, 0x00, 0x0C, 0x00, 0x00, 0x00, 0xA4, 0x06, 
0x00, 0x00, 0x33, 0x25, 0x4C, 0x3F, 0x2B, 0x00, 0x04, 0x00, 
0x0C, 0x00, 0x00, 0x00, 0xA5, 0x06, 0x00, 0x00, 0x84, 0x41, 
0x54, 0x3F, 0x2C, 0x00, 0x05, 0x00, 0x1D, 0x00, 0x00, 0x00, 
0xA6, 0x06, 0x00, 0x00, 0xA4, 0x06, 0x00, 0x00, 0xA5, 0x06, 
0x00, 0x00, 0x2B, 0x00, 0x04, 0x00, 0x0C, 0x00, 0x00, 0x00, 
0xA7, 0x06, 0x00, 0x00, 0x61, 0x23, 0x49, 0x3F, 0x2B, 0x00, 
0x04, 0x00, 0x0C, 0x00, 0x00, 0x00, 0xA8, 0x06, 0x00, 0x00, 
0xC0, 0x5D, 0x2E, 0x3F, 0x2C, 0x00, 0x05, 0x00, 0x1D, 0x00, 
0x00, 0x00, 0xA9, 0x06, 0x00, 0x00, 0xA7, 0x06, 0x00, 0x00, 
0xA8, 0x06, 0x00, 0x00, 0x2B, 0x00, 0x04, 0x00, 0x0C, 0x00, 
0x00, 0x00, 0xAA, 0x06, 0x00, 0x00, 0x37, 0xD9, 0x49, 0x3F, 
0x2B, 0x00, 0x04, 0x00, 0x0C, 0x00, 0x00, 0x00, 0xAB, 0x06, 
0x00, 0x00, 0xC5, 0x15, 0x07, 0x3F, 0x2C, 0x00, 0x05, 0x00, 
0x1D, 0x00, 0x00, 0x00, 0xAC, 0x06, 0x00, 0x00, 0xAA, 0x06, 
0x00, 0x00, 0xAB, 0x06, 0x00, 0x00, 0x2B, 0x00, 0x04, 0x00, 
0x0C, 0x00, 0x00, 0x00, 0xAD, 0x06, 0x00, 0x00, 0x80, 0x9C, 
0x60, 0x3F, 0x2B, 0x00, 0x04, 0x00, 0x0C, 0x00, 0x00, 0x00, 
0xAE, 0x06, 0x00, 0x00, 0xEE, 0x6C, 0xF9, 0x3E, 0x2C, 0x00, 
0x05, 0x00, 0x1D, 0x00, 0x00, 0x00, 0xAF, 0x06, 0x00, 0x00, 
0xAD, 0x06, 0x00, 0x00, 0xAE, 0x06, 0x00, 0x00, 0x2B, 0x00, 
0x04, 0x00, 0x0C, 0x00, 0x00, 0x00, 0xB0, 0x06, 0x00, 0x00, 
0xF8, 0xD2, 0x46, 0x3F, 0x2B, 0x00, 0x04, 0x00, 0x0C, 0x00, 
0x00, 0x00, 0xB1, 0x06, 0x00, 0x00, 0x50, 0xFD, 0x13, 0x3E, 
0x2C, 0x00, 0x05, 0x00, 0x1D, 0x00, 0x00, 0x00, 0xB2, 0x06, 
0x00, 0x00, 0xB0, 0x06, 0x00, 0x00, 0xB1, 0x06, 0x00, 0x00, 
0x2B, 0x00, 0x04, 0x00, 0x0C, 0x00, 0x00, 0x00, 0xB3, 0x06, 
0x00, 0x00, 0xC2, 0xF9, 0x36, 0x3F, 0x2B, 0x00, 0x04, 0x00, 
0x0C, 0x00, 0x00, 0x00, 0xB4, 0x06, 0x00, 0x00, 0x5B, 0xA5, 
0xC2, 0x3E, 0x2C, 0x00, 0x05, 0x00, 0x1D, 0x00, 0x00, 0x00, 
0xB5, 0x06, 0x00, 0x00, 0xB3, 0x06, 0x00, 0x00, 0xB4, 0x06, 
0x00, 0x00, 0x2B, 0x00, 0x04, 0x00, 0x0C, 0x00, 0x00, 0x00, 
0xB6, 0x06, 0x00, 0x00, 0x7B, 0x73, 0x02, 0x3F, 0x2B, 0x00, 
0x04, 0x00, 0x0C, 0x00, 0x00, 0x00, 0xB7, 0x06, 0x00, 0x00, 
0xA6, 0xA8, 0x5B, 0x3F, 0x2C, 0x00, 0x05, 0x00, 0x1D, 0x00, 
0x00, 0x00, 0xB8, 0x06, 0x00, 0x00, 0xB6, 0x06, 0x00, 0x00, 
0xB7, 0x06, 0x00, 0x00, 0x2B, 0x00, 0x04, 0x00, 0x0C, 0x00, 
0x00, 0x00, 0xB9, 0x06, 0x00, 0x00, 0x23, 0x59, 0x7E, 0x3E, 
0x2B, 0x00, 0x04, 0x00, 0x0C, 0x00, 0x00, 0x00, 0xBA, 0x06, 
0x00, 0x00, 0x0F, 0x13, 0x94, 0x3E, 0x2C, 0x00, 0x05, 0x00, 
0x1D, 0x00, 0x00, 0x00, 0xBB, 0x06, 0x00, 0x00, 0xB9, 0x06, 
0x00, 0x00, 0xBA, 0x06, 0x00, 0x00, 0x2B, 0x00, 0x04, 0x00, 
0x0C, 0x00, 0x00, 0x00, 0xBC, 0x06, 0x00, 0x00, 0x3B, 0xAC, 
0x63, 0x3E, 0x2B, 0x00, 0x04, 0x00, 0x0C, 0x00, 0x00, 0x00, 
0xBD, 0x06, 0x00, 0x00, 0xFC, 0xEA, 0x1A, 0x3F, 0x2C, 0x00, 
0x05, 0x00, 0x1D, 0x00, 0x00, 0x00, 0xBE, 0x06, 0x00, 0x00, 
0xBC, 0x06, 0x00, 0x00, 0xBD, 0x06, 0x00, 0x00, 0x2B, 0x00, 
0x04, 0x00, 0x0C, 0x00, 0x00, 0x00, 0xBF, 0x06, 0x00, 0x00, 
0xB9, 0x33, 0xAF, 0x3E, 0x2B, 0x00, 0x04, 0x00, 0x0C, 0x00, 
0x00, 0x00, 0xC0, 0x06, 0x00, 0x00, 0x2D, 0x69, 0x31, 0x3F, 
0x2C, 0x00, 0x05, 0x00, 0x1D, 0x00, 0x00, 0x00, 0xC1, 0x06, 
0x00, 0x00, 0xBF, 0x06, 0x00, 0x00, 0xC0, 0x06, 0x00, 0x00, 
0x2B, 0x00, 0x04, 0x00, 0x0C, 0x00, 0x00, 0x00, 0xC2, 0x06, 
0x00, 0x00, 0x0D, 0x65, 0xA6, 0x3E, 0x2B, 0x00, 0x04, 0x00, 
0x0C, 0x00, 0x00, 0x00, 0xC3, 0x06, 0x00, 0x00, 0xC8, 0xEF, 
0x15, 0x3F, 0x2C, 0x00, 0x05, 0x00, 0x1D, 0x00, 0x00, 0x00, 
0xC4, 0x06, 0x00, 0x00, 0xC2, 0x06, 0x00, 0x00, 0xC3, 0x06, 
0x00, 0x00, 0x2B, 0x00, 0x04, 0x00, 0x0C, 0x00, 0x00, 0x00, 
0xC5, 0x06, 0x00, 0x00, 0xC4, 0x0A, 0xA2, 0x3E, 0x2B, 0x00, 
0x04, 0x00, 0x0C, 0x00, 0x00, 0x00, 0xC6, 0x06, 0x00, 0x00, 
0x80, 0xF4, 0x85, 0x3E, 0x2C, 0x00, 0x05, 0x00, 0x1D, 0x00, 
0x00, 0x00, 0xC7, 0x06, 0x00, 0x00, 0xC5, 0x06, 0x00, 0x00, 
0xC6, 0x06, 0x00, 0x00, 0x2B, 0x00, 0x04, 0x00, 0x0C, 0x00, 
0x00, 0x00, 0xC8, 0x06, 0x00, 0x00, 0x78, 0x10, 0xA6, 0x3E, 
0x2B, 0x00, 0x04, 0x00, 0x0C, 0x00, 0x00, 0x00, 0xC9, 0x06, 
0x00, 0x00, 0x4C, 0xFB, 0x66, 0x3E, 0x2C, 0x00, 0x05, 0x00, 
0x1D, 0x00, 0x00, 0x00, 0xCA, 0x06, 0x00, 0x00, 0xC8, 0x06, 
0x00, 0x00, 0xC9, 0x06, 0x00, 0x00, 0x2B, 0x00, 0x04, 0x00, 
0x0C, 0x00, 0x00, 0x00, 0xCB, 0x06, 0x00, 0x00, 0x5A, 0xD0, 
0xAC, 0x3E, 0x2B, 0x00, 0x04, 0x00, 0x0C, 0x00, 0x00, 0x00, 
0xCC, 0x06, 0x00, 0x00, 0x0A, 0xF2, 0x9F, 0x3E, 0x2C, 0x00, 
0x05, 0x00, 0x1D, 0x00, 0x00, 0x00, 0xCD, 0x06, 0x00, 0x00, 
0xCB, 0x06, 0x00, 0x00, 0xCC, 0x06, 0x00, 0x00, 0x2B, 0x00, 
0x04, 0x00, 0x0C, 0x00, 0x00, 0x00, 0xCE, 0x06, 0x00, 0x00, 
0x63, 0x67, 0xD5, 0x3E, 0x2B, 0x00, 0x04, 0x00, 0x0C, 0x00, 
0x00, 0x00, 0xCF, 0x06, 0x00, 0x00, 0x22, 0x75, 0x38, 0x3F, 
0x2C, 0x00, 0x05, 0x00, 0x1D, 0x00, 0x00, 0x00, 0xD0, 0x06, 
0x00, 0x00, 0xCE, 0x06, 0x00, 0x00, 0xCF, 0x06, 0x00, 0x00, 
0x2B, 0x00, 0x04, 0x00, 0x0C, 0x00, 0x00, 0x00, 0xD1, 0x06, 
0x00, 0x00, 0x4F, 0x5F, 0x32, 0x3F, 0x2B, 0x00, 0x04, 0x00, 
0x0C, 0x00, 0x00, 0x00, 0xD2, 0x06, 0x00, 0x00, 0x0B, 0xAD, 
0x14, 0x3F, 0x2C, 0x00, 0x05, 0x00, 0x1D, 0x00, 0x00, 0x00, 
0xD3, 0x06, 0x00, 0x00, 0xD1, 0x06, 0x00, 0x00, 0xD2, 0x06, 
0x00, 0x00, 0x2C, 0x00, 0x03, 0x01, 0xD3, 0x03, 0x00, 0x00, 
0xD4, 0x06, 0x00, 0x00, 0xD6, 0x03, 0x00, 0x00, 0xD9, 0x03, 
0x00, 0x00, 0xDC, 0x03, 0x00, 0x00, 0xDF, 0x03, 0x00, 0x00, 
0xE2, 0x03, 0x00, 0x00, 0xE5, 0x03, 0x00, 0x00, 0xE8, 0x03, 
0x00, 0x00, 0xEB, 0x03, 0x00, 0x00, 0xEE, 0x03, 0x00, 0x00, 
0xF1, 0x03, 0x00, 0x00, 0xF4, 0x03, 0x00, 0x00, 0xF7, 0x03, 
0x00, 0x00, 0xFA, 0x03, 0x00, 0x00, 0xFD, 0x03, 0x00, 0x00, 
0x00, 0x04, 0x00, 0x00, 0x03, 0x04, 0x00, 0x00, 0x06, 0x04, 
0x00, 0x00, 0x09, 0x04, 0x00, 0x00, 0x0C, 0x04, 0x00, 0x00, 
0x0F, 0x04, 0x00, 0x00, 0x12, 0x04, 0x00, 0x00, 0x15, 0x04, 
0x00, 0x00, 0x18, 0x04, 0x00, 0x00, 0x1B, 0x04, 0x00, 0x00, 
0x1E, 0x04, 0x00, 0x00, 0x21, 0x04, 0x00, 0x00, 0x24, 0x04, 
0x00, 0x00, 0x27, 0x04, 0x00, 0x00, 0x2A, 0x04, 0x00, 0x00, 
0x2D, 0x04, 0x00, 0x00, 0x30, 0x04, 0x00, 0x00, 0x33, 0x04, 
0x00, 0x00, 0x36, 0x04, 0x00, 0x00, 0x39, 0x04, 0x00, 0x00, 
0x3C, 0x04, 0x00, 0x00, 0x3F, 0x04, 0x00, 0x00, 0x42, 0x04, 
0x00, 0x00, 0x45, 0x04, 0x00, 0x00, 0x48, 0x04, 0x00, 0x00, 
0x4B, 0x04, 0x00, 0x00, 0x4E, 0x04, 0x00, 0x00, 0x51, 0x04, 
0x00, 0x00, 0x54, 0x04, 0x00, 0x00, 0x57, 0x04, 0x00, 0x00, 
0x5A, 0x04, 0x00, 0x00, 0x5D, 0x04, 0x00, 0x00, 0x60, 0x04, 
0x00, 0x00, 0x63, 0x04, 0x00, 0x00, 0x66, 0x04, 0x00, 0x00, 
0x69, 0x04, 0x00, 0x00, 0x6C, 0x04, 0x00, 0x00, 0x6F, 0x04, 
0x00, 0x00, 0x72, 0x04, 0x00, 0x00, 0x75, 0x04, 0x00, 0x00, 
0x78, 0x04, 0x00, 0x00, 0x7B, 0x04, 0x00, 0x00, 0x7E, 0x04, 
0x00, 0x00, 0x81, 0x04, 0x00, 0x00, 0x84, 0x04, 0x00, 0x00, 
0x87, 0x04, 0x00, 0x00, 0x8A, 0x04, 0x00, 0x00, 0x8D, 0x04, 
0x00, 0x00, 0x90, 0x04, 0x00, 0x00, 0x93, 0x04, 0x00, 0x00, 
0x96, 0x04, 0x00, 0x00, 0x99, 0x04, 0x00, 0x00, 0x9C, 0x04, 
0x00, 0x00, 0x9F, 0x04, 0x00, 0x00, 0xA2, 0x04, 0x00, 0x00, 
0xA5, 0x04, 0x00, 0x00, 0xA8, 0x04, 0x00, 0x00, 0xAB, 0x04, 
0x00, 0x00, 0xAE, 0x04, 0x00, 0x00, 0xB1, 0x04, 0x00, 0x00, 
0xB4, 0x04, 0x00, 0x00, 0xB7, 0x04, 0x00, 0x00, 0xBA, 0x04, 
0x00, 0x00, 0xBD, 0x04, 0x00, 0x00, 0xC0, 0x04, 0x00, 0x00, 
0xC3, 0x04, 0x00, 0x00, 0xC6, 0x04, 0x00, 0x00, 0xC9, 0x04, 
0x00, 0x00, 0xCC, 0x04, 0x00, 0x00, 0xCF, 0x04, 0x00, 0x00, 
0xD2, 0x04, 0x00, 0x00, 0xD5, 0x04, 0x00, 0x00, 0xD8, 0x04, 
0x00, 0x00, 0xDB, 0x04, 0x00, 0x00, 0xDE, 0x04, 0x00, 0x00, 
0xE1, 0x04, 0x00, 0x00, 0xE4, 0x04, 0x00, 0x00, 0xE7, 0x04, 
0x00, 0x00, 0xEA, 0x04, 0x00, 0x00, 0xED, 0x04, 0x00, 0x00, 
0xF0, 0x04, 0x00, 0x00, 0xF3, 0x04, 0x00, 0x00, 0xF6, 0x04, 
0x00, 0x00, 0xF9, 0x04, 0x00, 0x00, 0xFC, 0x04, 0x00, 0x00, 
0xFF, 0x04, 0x00, 0x00, 0x02, 0x05, 0x00, 0x00, 0x05, 0x05, 
0x00, 0x00, 0x08, 0x05, 0x00, 0x00, 0x0B, 0x05, 0x00, 0x00, 
0x0E, 0x05, 0x00, 0x00, 0x11, 0x05, 0x00, 0x00, 0x14, 0x05, 
0x00, 0x00, 0x17, 0x05, 0x00, 0x00, 0x1A, 0x05, 0x00, 0x00, 
0x1D, 0x05, 0x00, 0x00, 0x20, 0x05, 0x00, 0x00, 0x23, 0x05, 
0x00, 0x00, 0x26, 0x05, 0x00, 0x00, 0x29, 0x05, 0x00, 0x00, 
0x2C, 0x05, 0x00, 0x00, 0x2F, 0x05, 0x00, 0x00, 0x32, 0x05, 
0x00, 0x00, 0x35, 0x05, 0x00, 0x00, 0x38, 0x05, 0x00, 0x00, 
0x3B, 0x05, 0x00, 0x00, 0x3E, 0x05, 0x00, 0x00, 0x41, 0x05, 
0x00, 0x00, 0x44, 0x05, 0x00, 0x00, 0x47, 0x05, 0x00, 0x00, 
0x4A, 0x05, 0x00, 0x00, 0x4D, 0x05, 0x00, 0x00, 0x50, 0x05, 
0x00, 0x00, 0x53, 0x05, 0x00, 0x00, 0x56, 0x05, 0x00, 0x00, 
0x59, 0x05, 0x00, 0x00, 0x5C, 0x05, 0x00, 0x00, 0x5F, 0x05, 
0x00, 0x00, 0x62, 0x05, 0x00, 0x00, 0x65, 0x05, 0x00, 0x00, 
0x68, 0x05, 0x00, 0x00, 0x6B, 0x05, 0x00, 0x00, 0x6E, 0x05, 
0x00, 0x00, 0x71, 0x05, 0x00, 0x00, 0x74, 0x05, 0x00, 0x00, 
0x77, 0x05, 0x00, 0x00, 0x7A, 0x05, 0x00, 0x00, 0x7D, 0x05, 
0x00, 0x00, 0x80, 0x05, 0x00, 0x00, 0x83, 0x05, 0x00, 0x00, 
0x86, 0x05, 0x00, 0x00, 0x89, 0x05, 0x00, 0x00, 0x8C, 0x05, 
0x00, 0x00, 0x8F, 0x05, 0x00, 0x00, 0x92, 0x05, 0x00, 0x00, 
0x95, 0x05, 0x00, 0x00, 0x98, 0x05, 0x00, 0x00, 0x9B, 0x05, 
0x00, 0x00, 0x9E, 0x05, 0x00, 0x00, 0xA1, 0x05, 0x00, 0x00, 
0xA4, 0x05, 0x00, 0x00, 0xA7, 0x05, 0x00, 0x00, 0xAA, 0x05, 
0x00, 0x00, 0xAD, 0x05, 0x00, 0x00, 0xB0, 0x05, 0x00, 0x00, 
0xB3, 0x05, 0x00, 0x00, 0xB6, 0x05, 0x00, 0x00, 0xB9, 0x05, 
0x00, 0x00, 0xBC, 0x05, 0x00, 0x00, 0xBF, 0x05, 0x00, 0x00, 
0xC2, 0x05, 0x00, 0x00, 0xC5, 0x05, 0x00, 0x00, 0xC8, 0x05, 
0x00, 0x00, 0xCB, 0x05, 0x00, 0x00, 0xCE, 0x05, 0x00, 0x00, 
0xD1, 0x05, 0x00, 0x00, 0xD4, 0x05, 0x00, 0x00, 0xD7, 0x05, 
0x00, 0x00, 0xDA, 0x05, 0x00, 0x00, 0xDD, 0x05, 0x00, 0x00, 
0xE0, 0x05, 0x00, 0x00, 0xE3, 0x05, 0x00, 0x00, 0xE6, 0x05, 
0x00, 0x00, 0xE9, 0x05, 0x00, 0x00, 0xEC, 0x05, 0x00, 0x00, 
0xEF, 0x05, 0x00, 0x00, 0xF2, 0x05, 0x00, 0x00, 0xF5, 0x05, 
0x00, 0x00, 0xF8, 0x05, 0x00, 0x00, 0xFB, 0x05, 0x00, 0x00, 
0xFE, 0x05, 0x00, 0x00, 0x01, 0x06, 0x00, 0x00, 0x04, 0x06, 
0x00, 0x00, 0x07, 0x06, 0x00, 0x00, 0x0A, 0x06, 0x00, 0x00, 
0x0D, 0x06, 0x00, 0x00, 0x10, 0x06, 0x00, 0x00, 0x13, 0x06, 
0x00, 0x00, 0x16, 0x06, 0x00, 0x00, 0x19, 0x06, 0x00, 0x00, 
0x1C, 0x06, 0x00, 0x00, 0x1F, 0x06, 0x00, 0x00, 0x22, 0x06, 
0x00, 0x00, 0x25, 0x06, 0x00, 0x00, 0x28, 0x06, 0x00, 0x00, 
0x2B, 0x06, 0x00, 0x00, 0x2E, 0x06, 0x00, 0x00, 0x31, 0x06, 
0x00, 0x00, 0x34, 0x06, 0x00, 0x00, 0x37, 0x06, 0x00, 0x00, 
0x3A, 0x06, 0x00, 0x00, 0x3D, 0x06, 0x00, 0x00, 0x40, 0x06, 
0x00, 0x00, 0x43, 0x06, 0x00, 0x00, 0x46, 0x06, 0x00, 0x00, 
0x49, 0x06, 0x00, 0x00, 0x4C, 0x06, 0x00, 0x00, 0x4F, 0x06, 
0x00, 0x00, 0x52, 0x06, 0x00, 0x00, 0x55, 0x06, 0x00, 0x00, 
0x58, 0x06, 0x00, 0x00, 0x5B, 0x06, 0x00, 0x00, 0x5E, 0x06, 
0x00, 0x00, 0x61, 0x06, 0x00, 0x00, 0x64, 0x06, 0x00, 0x00, 
0x67, 0x06, 0x00, 0x00, 0x6A, 0x06, 0x00, 0x00, 0x6D, 0x06, 
0x00, 0x00, 0x70, 0x06, 0x00, 0x00, 0x73, 0x06, 0x00, 0x00, 
0x76, 0x06, 0x00, 0x00, 0x79, 0x06, 0x00, 0x00, 0x7C, 0x06, 
0x00, 0x00, 0x7F, 0x06, 0x00, 0x00, 0x82, 0x06, 0x00, 0x00, 
0x85, 0x06, 0x00, 0x00, 0x88, 0x06, 0x00, 0x00, 0x8B, 0x06, 
0x00, 0x00, 0x8E, 0x06, 0x00, 0x00, 0x91, 0x06, 0x00, 0x00, 
0x94, 0x06, 0x00, 0x00, 0x97, 0x06, 0x00, 0x00, 0x9A, 0x06, 
0x00, 0x00, 0x9D, 0x06, 0x00, 0x00, 0xA0, 0x06, 0x00, 0x00, 
0xA3, 0x06, 0x00, 0x00, 0xA6, 0x06, 0x00, 0x00, 0xA9, 0x06, 
0x00, 0x00, 0xAC, 0x06, 0x00, 0x00, 0xAF, 0x06, 0x00, 0x00, 
0xB2, 0x06, 0x00, 0x00, 0xB5, 0x06, 0x00, 0x00, 0xB8, 0x06, 
0x00, 0x00, 0xBB, 0x06, 0x00, 0x00, 0xBE, 0x06, 0x00, 0x00, 
0xC1, 0x06, 0x00, 0x00, 0xC4, 0x06, 0x00, 0x00, 0xC7, 0x06, 
0x00, 0x00, 0xCA, 0x06, 0x00, 0x00, 0xCD, 0x06, 0x00, 0x00, 
0xD0, 0x06, 0x00, 0x00, 0xD3, 0x06, 0x00, 0x00, 0x20, 0x00, 
0x04, 0x00, 0xD6, 0x06, 0x00, 0x00, 0x07, 0x00, 0x00, 0x00, 
0xD3, 0x03, 0x00, 0x00, 0x3B, 0x00, 0x04, 0x00, 0x3E, 0x03, 
0x00, 0x00, 0xE4, 0x06, 0x00, 0x00, 0x01, 0x00, 0x00, 0x00, 
0x3B, 0x00, 0x04, 0x00, 0x3E, 0x03, 0x00, 0x00, 0xEB, 0x06, 
0x00, 0x00, 0x01, 0x00, 0x00, 0x00, 0x2B, 0x00, 0x04, 0x00, 
0x0C, 0x00, 0x00, 0x00, 0xF3, 0x06, 0x00, 0x00, 0x8F, 0xC2, 
0x75, 0x3D, 0x2B, 0x00, 0x04, 0x00, 0x06, 0x00, 0x00, 0x00, 
0xF9, 0x06, 0x00, 0x00, 0x21, 0x00, 0x00, 0x00, 0x2B, 0x00, 
0x04, 0x00, 0x0C, 0x00, 0x00, 0x00, 0xFD, 0x06, 0x00, 0x00, 
0x00, 0x00, 0x80, 0x3E, 0x3B, 0x00, 0x04, 0x00, 0x3E, 0x03, 
0x00, 0x00, 0x08, 0x07, 0x00, 0x00, 0x01, 0x00, 0x00, 0x00, 
0x2B, 0x00, 0x04, 0x00, 0x0C, 0x00, 0x00, 0x00, 0x17, 0x07, 
0x00, 0x00, 0x00, 0x00, 0x70, 0x43, 0x2B, 0x00, 0x04, 0x00, 
0x0C, 0x00, 0x00, 0x00, 0x1A, 0x07, 0x00, 0x00, 0x00, 0x00, 
0xA0, 0x40, 0x2B, 0x00, 0x04, 0x00, 0x0C, 0x00, 0x00, 0x00, 
0x1C, 0x07, 0x00, 0x00, 0x00, 0x00, 0x00, 0x40, 0x2B, 0x00, 
0x04, 0x00, 0x0C, 0x00, 0x00, 0x00, 0x22, 0x07, 0x00, 0x00, 
0x66, 0x66, 0xA6, 0x3F, 0x2B, 0x00, 0x04, 0x00, 0x0C, 0x00, 
0x00, 0x00, 0x2A, 0x07, 0x00, 0x00, 0x00, 0x00, 0x40, 0x41, 
0x2B, 0x00, 0x04, 0x00, 0x0C, 0x00, 0x00, 0x00, 0x30, 0x07, 
0x00, 0x00, 0x00, 0x00, 0x00, 0x43, 0x3B, 0x00, 0x04, 0x00, 
0x3E, 0x03, 0x00, 0x00, 0x3F, 0x07, 0x00, 0x00, 0x01, 0x00, 
0x00, 0x00, 0x2B, 0x00, 0x04, 0x00, 0x0C, 0x00, 0x00, 0x00, 
0x4A, 0x07, 0x00, 0x00, 0x9A, 0x99, 0x19, 0x3F, 0x20, 0x00, 
0x04, 0x00, 0x50, 0x07, 0x00, 0x00, 0x01, 0x00, 0x00, 0x00, 
0x11, 0x00, 0x00, 0x00, 0x3B, 0x00, 0x04, 0x00, 0x50, 0x07, 
0x00, 0x00, 0x51, 0x07, 0x00, 0x00, 0x01, 0x00, 0x00, 0x00, 
0x2B, 0x00, 0x04, 0x00, 0x0C, 0x00, 0x00, 0x00, 0x68, 0x07, 
0x00, 0x00, 0x33, 0x33, 0xB3, 0x3E, 0x2B, 0x00, 0x04, 0x00, 
0x0C, 0x00, 0x00, 0x00, 0x6A, 0x07, 0x00, 0x00, 0x0A, 0xD7, 
0x23, 0x3E, 0x2B, 0x00, 0x04, 0x00, 0x06, 0x00, 0x00, 0x00, 
0x6C, 0x07, 0x00, 0x00, 0x12, 0x00, 0x00, 0x00, 0x2B, 0x00, 
0x04, 0x00, 0x0C, 0x00, 0x00, 0x00, 0x79, 0x07, 0x00, 0x00, 
0x29, 0x5C, 0x8F, 0x3F, 0x2B, 0x00, 0x04, 0x00, 0x0C, 0x00, 
0x00, 0x00, 0x7A, 0x07, 0x00, 0x00, 0x71, 0x3D, 0x8A, 0x3F, 
0x20, 0x00, 0x04, 0x00, 0x7E, 0x07, 0x00, 0x00, 0x07, 0x00, 
0x00, 0x00, 0x39, 0x03, 0x00, 0x00, 0x18, 0x00, 0x04, 0x00, 
0x80, 0x07, 0x00, 0x00, 0x39, 0x03, 0x00, 0x00, 0x04, 0x00, 
0x00, 0x00, 0x1E, 0x00, 0x07, 0x00, 0x81, 0x07, 0x00, 0x00, 
0x80, 0x07, 0x00, 0x00, 0x13, 0x00, 0x00, 0x00, 0x0C, 0x00, 
0x00, 0x00, 0x0C, 0x00, 0x00, 0x00, 0x06, 0x00, 0x00, 0x00, 
0x20, 0x00, 0x04, 0x00, 0x82, 0x07, 0x00, 0x00, 0x09, 0x00, 
0x00, 0x00, 0x81, 0x07, 0x00, 0x00, 0x3B, 0x00, 0x04, 0x00, 
0x82, 0x07, 0x00, 0x00, 0x83, 0x07, 0x00, 0x00, 0x09, 0x00, 
0x00, 0x00, 0x20, 0x00, 0x04, 0x00, 0x84, 0x07, 0x00, 0x00, 
0x09, 0x00, 0x00, 0x00, 0x80, 0x07, 0x00, 0x00, 0x2B, 0x00, 
0x04, 0x00, 0x06, 0x00, 0x00, 0x00, 0x96, 0x07, 0x00, 0x00, 
0x05, 0x02, 0x00, 0x00, 0x2B, 0x00, 0x04, 0x00, 0x0C, 0x00, 
0x00, 0x00, 0x9A, 0x07, 0x00, 0x00, 0xEC, 0x51, 0x78, 0x3F, 
0x2B, 0x00, 0x04, 0x00, 0x0C, 0x00, 0x00, 0x00, 0x9F, 0x07, 
0x00, 0x00, 0x33, 0x33, 0xB3, 0x3F, 0x2B, 0x00, 0x04, 0x00, 
0x0C, 0x00, 0x00, 0x00, 0xA0, 0x07, 0x00, 0x00, 0x00, 0x00, 
0xC0, 0x41, 0x2B, 0x00, 0x04, 0x00, 0x0C, 0x00, 0x00, 0x00, 
0xA1, 0x07, 0x00, 0x00, 0x00, 0x00, 0x16, 0x43, 0x20, 0x00, 
0x04, 0x00, 0xAB, 0x07, 0x00, 0x00, 0x09, 0x00, 0x00, 0x00, 
0x0C, 0x00, 0x00, 0x00, 0x2B, 0x00, 0x04, 0x00, 0x0C, 0x00, 
0x00, 0x00, 0xC5, 0x07, 0x00, 0x00, 0xA6, 0x9B, 0xC4, 0x3A, 
0x2B, 0x00, 0x04, 0x00, 0x0C, 0x00, 0x00, 0x00, 0xC6, 0x07, 
0x00, 0x00, 0x89, 0xD2, 0x5E, 0x3A, 0x1C, 0x00, 0x04, 0x00, 
0xD3, 0x07, 0x00, 0x00, 0x0C, 0x00, 0x00, 0x00, 0x39, 0x02, 
0x00, 0x00, 0x1E, 0x00, 0x06, 0x00, 0xD4, 0x07, 0x00, 0x00, 
0x39, 0x03, 0x00, 0x00, 0x0C, 0x00, 0x00, 0x00, 0xD3, 0x07, 
0x00, 0x00, 0xD3, 0x07, 0x00, 0x00, 0x20, 0x00, 0x04, 0x00, 
0xD5, 0x07, 0x00, 0x00, 0x03, 0x00, 0x00, 0x00, 0xD4, 0x07, 
0x00, 0x00, 0x3B, 0x00, 0x04, 0x00, 0xD5, 0x07, 0x00, 0x00, 
0xD6, 0x07, 0x00, 0x00, 0x03, 0x00, 0x00, 0x00, 0x20, 0x00, 
0x04, 0x00, 0xD9, 0x07, 0x00, 0x00, 0x03, 0x00, 0x00, 0x00, 
0x0C, 0x00, 0x00, 0x00, 0x3B, 0x00, 0x04, 0x00, 0xD9, 0x07, 
0x00, 0x00, 0xDA, 0x07, 0x00, 0x00, 0x03, 0x00, 0x00, 0x00, 
0x3B, 0x00, 0x04, 0x00, 0x3A, 0x03, 0x00, 0x00, 0xDD, 0x07, 
0x00, 0x00, 0x03, 0x00, 0x00, 0x00, 0x3B, 0x00, 0x04, 0x00, 
0x3E, 0x03, 0x00, 0x00, 0xE7, 0x07, 0x00, 0x00, 0x01, 0x00, 
0x00, 0x00, 0x3B, 0x00, 0x04, 0x00, 0x3E, 0x03, 0x00, 0x00, 
0xEC, 0x07, 0x00, 0x00, 0x01, 0x00, 0x00, 0x00, 0x20, 0x00, 
0x04, 0x00, 0xF9, 0x07, 0x00, 0x00, 0x03, 0x00, 0x00, 0x00, 
0x1D, 0x00, 0x00, 0x00, 0x3B, 0x00, 0x04, 0x00, 0xF9, 0x07, 
0x00, 0x00, 0xFA, 0x07, 0x00, 0x00, 0x03, 0x00, 0x00, 0x00, 
0x20, 0x00, 0x04, 0x00, 0xFC, 0x07, 0x00, 0x00, 0x03, 0x00, 
0x00, 0x00, 0x11, 0x00, 0x00, 0x00, 0x3B, 0x00, 0x04, 0x00, 
0xFC, 0x07, 0x00, 0x00, 0xFD, 0x07, 0x00, 0x00, 0x03, 0x00, 
0x00, 0x00, 0x2B, 0x00, 0x04, 0x00, 0x11, 0x00, 0x00, 0x00, 
0xFE, 0x07, 0x00, 0x00, 0x0E, 0x00, 0x00, 0x00, 0x3B, 0x00, 
0x04, 0x00, 0xF9, 0x07, 0x00, 0x00, 0xFF, 0x07, 0x00, 0x00, 
0x03, 0x00, 0x00, 0x00, 0x3B, 0x00, 0x04, 0x00, 0x3A, 0x03, 
0x00, 0x00, 0x02, 0x08, 0x00, 0x00, 0x03, 0x00, 0x00, 0x00, 
0x2B, 0x00, 0x04, 0x00, 0x0C, 0x00, 0x00, 0x00, 0x04, 0x08, 
0x00, 0x00, 0x00, 0x00, 0x00, 0x3E, 0x3B, 0x00, 0x04, 0x00, 
0x3A, 0x03, 0x00, 0x00, 0x0E, 0x08, 0x00, 0x00, 0x03, 0x00, 
0x00, 0x00, 0x2B, 0x00, 0x04, 0x00, 0x11, 0x00, 0x00, 0x00, 
0x13, 0x08, 0x00, 0x00, 0x0A, 0x00, 0x00, 0x00, 0x2B, 0x00, 
0x04, 0x00, 0x06, 0x00, 0x00, 0x00, 0x20, 0x08, 0x00, 0x00, 
0x03, 0x03, 0x00, 0x00, 0x2B, 0x00, 0x04, 0x00, 0x0C, 0x00, 
0x00, 0x00, 0x25, 0x08, 0x00, 0x00, 0x8F, 0xC2, 0xF5, 0x3E, 
0x2C, 0x00, 0x07, 0x00, 0x39, 0x03, 0x00, 0x00, 0x2B, 0x08, 
0x00, 0x00, 0x1C, 0x07, 0x00, 0x00, 0x1C, 0x07, 0x00, 0x00, 
0x1C, 0x07, 0x00, 0x00, 0x55, 0x00, 0x00, 0x00, 0x2B, 0x00, 
0x04, 0x00, 0x06, 0x00, 0x00, 0x00, 0x34, 0x08, 0x00, 0x00, 
0x04, 0x00, 0x00, 0x00, 0x1C, 0x00, 0x04, 0x00, 0x35, 0x08, 
0x00, 0x00, 0x11, 0x00, 0x00, 0x00, 0x34, 0x08, 0x00, 0x00, 
0x20, 0x00, 0x04, 0x00, 0x36, 0x08, 0x00, 0x00, 0x07, 0x00, 
0x00, 0x00, 0x35, 0x08, 0x00, 0x00, 0x2C, 0x00, 0x07, 0x00, 
0x35, 0x08, 0x00, 0x00, 0x38, 0x08, 0x00, 0x00, 0x62, 0x00, 
0x00, 0x00, 0x7D, 0x00, 0x00, 0x00, 0x90, 0x00, 0x00, 0x00, 
0x59, 0x00, 0x00, 0x00, 0x20, 0x00, 0x04, 0x00, 0x5D, 0x08, 
0x00, 0x00, 0x07, 0x00, 0x00, 0x00, 0x28, 0x00, 0x00, 0x00, 
0x2B, 0x00, 0x04, 0x00, 0x06, 0x00, 0x00, 0x00, 0x7F, 0x08, 
0x00, 0x00, 0x0C, 0x00, 0x00, 0x00, 0x2B, 0x00, 0x04, 0x00, 
0x0C, 0x00, 0x00, 0x00, 0x88, 0x08, 0x00, 0x00, 0x8F, 0xC2, 
0xF5, 0x3D, 0x2B, 0x00, 0x04, 0x00, 0x0C, 0x00, 0x00, 0x00, 
0xA4, 0x08, 0x00, 0x00, 0xCD, 0xCC, 0x0C, 0x3F, 0x2B, 0x00, 
0x04, 0x00, 0x0C, 0x00, 0x00, 0x00, 0xA9, 0x08, 0x00, 0x00, 
0x00, 0x00, 0x40, 0x3F, 0x36, 0x00, 0x05, 0x00, 0x02, 0x00, 
0x00, 0x00, 0x04, 0x00, 0x00, 0x00, 0x00, 0x00, 0x00, 0x00, 
0x03, 0x00, 0x00, 0x00, 0xF8, 0x00, 0x02, 0x00, 0x05, 0x00, 
0x00, 0x00, 0x3B, 0x00, 0x04, 0x00, 0x12, 0x00, 0x00, 0x00, 
0x3D, 0x03, 0x00, 0x00, 0x07, 0x00, 0x00, 0x00, 0x3B, 0x00, 
0x04, 0x00, 0x12, 0x00, 0x00, 0x00, 0x45, 0x03, 0x00, 0x00, 
0x07, 0x00, 0x00, 0x00, 0x3B, 0x00, 0x04, 0x00, 0x1E, 0x00, 
0x00, 0x00, 0x4B, 0x03, 0x00, 0x00, 0x07, 0x00, 0x00, 0x00, 
0x3B, 0x00, 0x04, 0x00, 0x07, 0x00, 0x00, 0x00, 0x56, 0x03, 
0x00, 0x00, 0x07, 0x00, 0x00, 0x00, 0x3B, 0x00, 0x04, 0x00, 
0x07, 0x00, 0x00, 0x00, 0x66, 0x03, 0x00, 0x00, 0x07, 0x00, 
0x00, 0x00, 0x3B, 0x00, 0x04, 0x00, 0x6D, 0x03, 0x00, 0x00, 
0x6E, 0x03, 0x00, 0x00, 0x07, 0x00, 0x00, 0x00, 0x3B, 0x00, 
0x04, 0x00, 0x6D, 0x03, 0x00, 0x00, 0x75, 0x03, 0x00, 0x00, 
0x07, 0x00, 0x00, 0x00, 0x3B, 0x00, 0x04, 0x00, 0xB7, 0x00, 
0x00, 0x00, 0x7C, 0x03, 0x00, 0x00, 0x07, 0x00, 0x00, 0x00, 
0x3B, 0x00, 0x04, 0x00, 0x07, 0x00, 0x00, 0x00, 0x89, 0x03, 
0x00, 0x00, 0x07, 0x00, 0x00, 0x00, 0x3B, 0x00, 0x04, 0x00, 
0x07, 0x00, 0x00, 0x00, 0x8E, 0x03, 0x00, 0x00, 0x07, 0x00, 
0x00, 0x00, 0x3B, 0x00, 0x04, 0x00, 0xA0, 0x03, 0x00, 0x00, 
0xA1, 0x03, 0x00, 0x00, 0x07, 0x00, 0x00, 0x00, 0x3B, 0x00, 
0x04, 0x00, 0x07, 0x00, 0x00, 0x00, 0xAE, 0x03, 0x00, 0x00, 
0x07, 0x00, 0x00, 0x00, 0x3B, 0x00, 0x04, 0x00, 0x07, 0x00, 
0x00, 0x00, 0xBA, 0x03, 0x00, 0x00, 0x07, 0x00, 0x00, 0x00, 
0x3B, 0x00, 0x04, 0x00, 0x07, 0x00, 0x00, 0x00, 0xBC, 0x03, 
0x00, 0x00, 0x07, 0x00, 0x00, 0x00, 0x3B, 0x00, 0x04, 0x00, 
0xD6, 0x06, 0x00, 0x00, 0xD7, 0x06, 0x00, 0x00, 0x07, 0x00, 
0x00, 0x00, 0x3B, 0x00, 0x04, 0x00, 0x1C, 0x00, 0x00, 0x00, 
0xDD, 0x06, 0x00, 0x00, 0x07, 0x00, 0x00, 0x00, 0x3B, 0x00, 
0x04, 0x00, 0x1C, 0x00, 0x00, 0x00, 0xE1, 0x06, 0x00, 0x00, 
0x07, 0x00, 0x00, 0x00, 0x3B, 0x00, 0x04, 0x00, 0x07, 0x00, 
0x00, 0x00, 0xFB, 0x06, 0x00, 0x00, 0x07, 0x00, 0x00, 0x00, 
0x3B, 0x00, 0x04, 0x00, 0xB7, 0x00, 0x00, 0x00, 0x06, 0x07, 
0x00, 0x00, 0x07, 0x00, 0x00, 0x00, 0x3B, 0x00, 0x04, 0x00, 
0xB7, 0x00, 0x00, 0x00, 0x0D, 0x07, 0x00, 0x00, 0x07, 0x00, 
0x00, 0x00, 0x3B, 0x00, 0x04, 0x00, 0xB7, 0x00, 0x00, 0x00, 
0x11, 0x07, 0x00, 0x00, 0x07, 0x00, 0x00, 0x00, 0x3B, 0x00, 
0x04, 0x00, 0xB7, 0x00, 0x00, 0x00, 0x29, 0x07, 0x00, 0x00, 
0x07, 0x00, 0x00, 0x00, 0x3B, 0x00, 0x04, 0x00, 0x53, 0x01, 
0x00, 0x00, 0x4E, 0x07, 0x00, 0x00, 0x07, 0x00, 0x00, 0x00, 
0x3B, 0x00, 0x04, 0x00, 0x12, 0x00, 0x00, 0x00, 0x4F, 0x07, 
0x00, 0x00, 0x07, 0x00, 0x00, 0x00, 0x3B, 0x00, 0x04, 0x00, 
0x1E, 0x00, 0x00, 0x00, 0x56, 0x07, 0x00, 0x00, 0x07, 0x00, 
0x00, 0x00, 0x3B, 0x00, 0x04, 0x00, 0xB7, 0x00, 0x00, 0x00, 
0x63, 0x07, 0x00, 0x00, 0x07, 0x00, 0x00, 0x00, 0x3B, 0x00, 
0x04, 0x00, 0xB7, 0x00, 0x00, 0x00, 0x65, 0x07, 0x00, 0x00, 
0x07, 0x00, 0x00, 0x00, 0x3B, 0x00, 0x04, 0x00, 0x07, 0x00, 
0x00, 0x00, 0x6E, 0x07, 0x00, 0x00, 0x07, 0x00, 0x00, 0x00, 
0x3B, 0x00, 0x04, 0x00, 0x7E, 0x07, 0x00, 0x00, 0x7F, 0x07, 
0x00, 0x00, 0x07, 0x00, 0x00, 0x00, 0x3B, 0x00, 0x04, 0x00, 
0x07, 0x00, 0x00, 0x00, 0x98, 0x07, 0x00, 0x00, 0x07, 0x00, 
0x00, 0x00, 0x3B, 0x00, 0x04, 0x00, 0x1E, 0x00, 0x00, 0x00, 
0xAA, 0x07, 0x00, 0x00, 0x07, 0x00, 0x00, 0x00, 0x3B, 0x00, 
0x04, 0x00, 0x07, 0x00, 0x00, 0x00, 0x08, 0x08, 0x00, 0x00, 
0x07, 0x00, 0x00, 0x00, 0x3B, 0x00, 0x04, 0x00, 0x07, 0x00, 
0x00, 0x00, 0x22, 0x08, 0x00, 0x00, 0x07, 0x00, 0x00, 0x00, 
0x3B, 0x00, 0x04, 0x00, 0x12, 0x00, 0x00, 0x00, 0x2E, 0x08, 
0x00, 0x00, 0x07, 0x00, 0x00, 0x00, 0x3B, 0x00, 0x04, 0x00, 
0x36, 0x08, 0x00, 0x00, 0x37, 0x08, 0x00, 0x00, 0x07, 0x00, 
0x00, 0x00, 0x3B, 0x00, 0x04, 0x00, 0x07, 0x00, 0x00, 0x00, 
0x39, 0x08, 0x00, 0x00, 0x07, 0x00, 0x00, 0x00, 0x3B, 0x00, 
0x04, 0x00, 0x1C, 0x00, 0x00, 0x00, 0x40, 0x08, 0x00, 0x00, 
0x07, 0x00, 0x00, 0x00, 0x3B, 0x00, 0x04, 0x00, 0x1C, 0x00, 
0x00, 0x00, 0x41, 0x08, 0x00, 0x00, 0x07, 0x00, 0x00, 0x00, 
0x3B, 0x00, 0x04, 0x00, 0x1E, 0x00, 0x00, 0x00, 0x42, 0x08, 
0x00, 0x00, 0x07, 0x00, 0x00, 0x00, 0x3B, 0x00, 0x04, 0x00, 
0x12, 0x00, 0x00, 0x00, 0x43, 0x08, 0x00, 0x00, 0x07, 0x00, 
0x00, 0x00, 0x3B, 0x00, 0x04, 0x00, 0x12, 0x00, 0x00, 0x00, 
0x45, 0x08, 0x00, 0x00, 0x07, 0x00, 0x00, 0x00, 0x3B, 0x00, 
0x04, 0x00, 0x07, 0x00, 0x00, 0x00, 0x47, 0x08, 0x00, 0x00, 
0x07, 0x00, 0x00, 0x00, 0x3B, 0x00, 0x04, 0x00, 0x1C, 0x00, 
0x00, 0x00, 0x49, 0x08, 0x00, 0x00, 0x07, 0x00, 0x00, 0x00, 
0x3B, 0x00, 0x04, 0x00, 0x1C, 0x00, 0x00, 0x00, 0x4A, 0x08, 
0x00, 0x00, 0x07, 0x00, 0x00, 0x00, 0x3B, 0x00, 0x04, 0x00, 
0x1E, 0x00, 0x00, 0x00, 0x4B, 0x08, 0x00, 0x00, 0x07, 0x00, 
0x00, 0x00, 0x3B, 0x00, 0x04, 0x00, 0x1C, 0x00, 0x00, 0x00, 
0x50, 0x08, 0x00, 0x00, 0x07, 0x00, 0x00, 0x00, 0x3B, 0x00, 
0x04, 0x00, 0x1C, 0x00, 0x00, 0x00, 0x54, 0x08, 0x00, 0x00, 
0x07, 0x00, 0x00, 0x00, 0x3B, 0x00, 0x04, 0x00, 0x1C, 0x00, 
0x00, 0x00, 0x58, 0x08, 0x00, 0x00, 0x07, 0x00, 0x00, 0x00, 
0x3B, 0x00, 0x04, 0x00, 0x5D, 0x08, 0x00, 0x00, 0x5E, 0x08, 
0x00, 0x00, 0x07, 0x00, 0x00, 0x00, 0x3B, 0x00, 0x04, 0x00, 
0x5D, 0x08, 0x00, 0x00, 0x6F, 0x08, 0x00, 0x00, 0x07, 0x00, 
0x00, 0x00, 0x3B, 0x00, 0x04, 0x00, 0x07, 0x00, 0x00, 0x00, 
0x70, 0x08, 0x00, 0x00, 0x07, 0x00, 0x00, 0x00, 0x3B, 0x00, 
0x04, 0x00, 0xB7, 0x00, 0x00, 0x00, 0x7D, 0x08, 0x00, 0x00, 
0x07, 0x00, 0x00, 0x00, 0x3B, 0x00, 0x04, 0x00, 0x07, 0x00, 
0x00, 0x00, 0x81, 0x08, 0x00, 0x00, 0x07, 0x00, 0x00, 0x00, 
0x3B, 0x00, 0x04, 0x00, 0xB7, 0x00, 0x00, 0x00, 0x98, 0x08, 
0x00, 0x00, 0x07, 0x00, 0x00, 0x00, 0x3B, 0x00, 0x04, 0x00, 
0x07, 0x00, 0x00, 0x00, 0xA7, 0x08, 0x00, 0x00, 0x07, 0x00, 
0x00, 0x00, 0x3B, 0x00, 0x04, 0x00, 0xB7, 0x00, 0x00, 0x00, 
0xB5, 0x08, 0x00, 0x00, 0x07, 0x00, 0x00, 0x00, 0x3B, 0x00, 
0x04, 0x00, 0x1C, 0x00, 0x00, 0x00, 0xBF, 0x08, 0x00, 0x00, 
0x07, 0x00, 0x00, 0x00, 0x3B, 0x00, 0x04, 0x00, 0x07, 0x00, 
0x00, 0x00, 0xD7, 0x08, 0x00, 0x00, 0x07, 0x00, 0x00, 0x00, 
0x3B, 0x00, 0x04, 0x00, 0x7E, 0x07, 0x00, 0x00, 0xDE, 0x08, 
0x00, 0x00, 0x07, 0x00, 0x00, 0x00, 0x3B, 0x00, 0x04, 0x00, 
0x1E, 0x00, 0x00, 0x00, 0x0E, 0x09, 0x00, 0x00, 0x07, 0x00, 
0x00, 0x00, 0x3B, 0x00, 0x04, 0x00, 0x07, 0x00, 0x00, 0x00, 
0x1F, 0x09, 0x00, 0x00, 0x07, 0x00, 0x00, 0x00, 0x3E, 0x00, 
0x03, 0x00, 0x3B, 0x03, 0x00, 0x00, 0x3C, 0x03, 0x00, 0x00, 
0x41, 0x00, 0x05, 0x00, 0x40, 0x03, 0x00, 0x00, 0x41, 0x03, 
0x00, 0x00, 0x3F, 0x03, 0x00, 0x00, 0xDA, 0x00, 0x00, 0x00, 
0x3D, 0x00, 0x04, 0x00, 0x0C, 0x00, 0x00, 0x00, 0x42, 0x03, 
0x00, 0x00, 0x41, 0x03, 0x00, 0x00, 0x6E, 0x00, 0x04, 0x00, 
0x11, 0x00, 0x00, 0x00, 0x43, 0x03, 0x00, 0x00, 0x42, 0x03, 
0x00, 0x00, 0x8B, 0x00, 0x05, 0x00, 0x11, 0x00, 0x00, 0x00, 
0x44, 0x03, 0x00, 0x00, 0x43, 0x03, 0x00, 0x00, 0x2E, 0x00, 
0x00, 0x00, 0x3E, 0x00, 0x03, 0x00, 0x3D, 0x03, 0x00, 0x00, 
0x44, 0x03, 0x00, 0x00, 0x41, 0x00, 0x05, 0x00, 0x40, 0x03, 
0x00, 0x00, 0x46, 0x03, 0x00, 0x00, 0x3F, 0x03, 0x00, 0x00, 
0xDA, 0x00, 0x00, 0x00, 0x3D, 0x00, 0x04, 0x00, 0x0C, 0x00, 
0x00, 0x00, 0x47, 0x03, 0x00, 0x00, 0x46, 0x03, 0x00, 0x00, 
0x6E, 0x00, 0x04, 0x00, 0x11, 0x00, 0x00, 0x00, 0x48, 0x03, 
0x00, 0x00, 0x47, 0x03, 0x00, 0x00, 0x87, 0x00, 0x05, 0x00, 
0x11, 0x00, 0x00, 0x00, 0x49, 0x03, 0x00, 0x00, 0x48, 0x03, 
0x00, 0x00, 0x2E, 0x00, 0x00, 0x00, 0x8B, 0x00, 0x05, 0x00, 
0x11, 0x00, 0x00, 0x00, 0x4A, 0x03, 0x00, 0x00, 0x49, 0x03, 
0x00, 0x00, 0x2E, 0x00, 0x00, 0x00, 0x3E, 0x00, 0x03, 0x00, 
0x45, 0x03, 0x00, 0x00, 0x4A, 0x03, 0x00, 0x00, 0x3D, 0x00, 
0x04, 0x00, 0x06, 0x00, 0x00, 0x00, 0x4E, 0x03, 0x00, 0x00, 
0x4D, 0x03, 0x00, 0x00, 0xC7, 0x00, 0x05, 0x00, 0x06, 0x00, 
0x00, 0x00, 0x50, 0x03, 0x00, 0x00, 0x4E, 0x03, 0x00, 0x00, 
0x4F, 0x03, 0x00, 0x00, 0x70, 0x00, 0x04, 0x00, 0x0C, 0x00, 
0x00, 0x00, 0x51, 0x03, 0x00, 0x00, 0x50, 0x03, 0x00, 0x00, 
0x3D, 0x00, 0x04, 0x00, 0x06, 0x00, 0x00, 0x00, 0x52, 0x03, 
0x00, 0x00, 0x4D, 0x03, 0x00, 0x00, 0xC2, 0x00, 0x05, 0x00, 
0x06, 0x00, 0x00, 0x00, 0x53, 0x03, 0x00, 0x00, 0x52, 0x03, 
0x00, 0x00, 0x2E, 0x00, 0x00, 0x00, 0x70, 0x00, 0x04, 0x00, 
0x0C, 0x00, 0x00, 0x00, 0x54, 0x03, 0x00, 0x00, 0x53, 0x03, 
0x00, 0x00, 0x50, 0x00, 0x05, 0x00, 0x1D, 0x00, 0x00, 0x00, 
0x55, 0x03, 0x00, 0x00, 0x51, 0x03, 0x00, 0x00, 0x54, 0x03, 
0x00, 0x00, 0x3E, 0x00, 0x03, 0x00, 0x4B, 0x03, 0x00, 0x00, 
0x55, 0x03, 0x00, 0x00, 0x3D, 0x00, 0x04, 0x00, 0x06, 0x00, 
0x00, 0x00, 0x57, 0x03, 0x00, 0x00, 0x4D, 0x03, 0x00, 0x00, 
0x3D, 0x00, 0x04, 0x00, 0x11, 0x00, 0x00, 0x00, 0x58, 0x03, 
0x00, 0x00, 0x45, 0x03, 0x00, 0x00, 0x7C, 0x00, 0x04, 0x00, 
0x06, 0x00, 0x00, 0x00, 0x59, 0x03, 0x00, 0x00, 0x58, 0x03, 
0x00, 0x00, 0x84, 0x00, 0x05, 0x00, 0x06, 0x00, 0x00, 0x00, 
0x5B, 0x03, 0x00, 0x00, 0x59, 0x03, 0x00, 0x00, 0x5A, 0x03, 
0x00, 0x00, 0x80, 0x00, 0x05, 0x00, 0x06, 0x00, 0x00, 0x00, 
0x5C, 0x03, 0x00, 0x00, 0x57, 0x03, 0x00, 0x00, 0x5B, 0x03, 
0x00, 0x00, 0x41, 0x00, 0x05, 0x00, 0x40, 0x03, 0x00, 0x00, 
0x5E, 0x03, 0x00, 0x00, 0x5D, 0x03, 0x00, 0x00, 0xF2, 0x02, 
0x00, 0x00, 0x3D, 0x00, 0x04, 0x00, 0x0C, 0x00, 0x00, 0x00, 
0x5F, 0x03, 0x00, 0x00, 0x5E, 0x03, 0x00, 0x00, 0x7C, 0x00, 
0x04, 0x00, 0x06, 0x00, 0x00, 0x00, 0x60, 0x03, 0x00, 0x00, 
0x5F, 0x03, 0x00, 0x00, 0x80, 0x00, 0x05, 0x00, 0x06, 0x00, 
0x00, 0x00, 0x61, 0x03, 0x00, 0x00, 0x5C, 0x03, 0x00, 0x00, 
0x60, 0x03, 0x00, 0x00, 0x41, 0x00, 0x05, 0x00, 0x40, 0x03, 
0x00, 0x00, 0x62, 0x03, 0x00, 0x00, 0x5D, 0x03, 0x00, 0x00, 
0x39, 0x02, 0x00, 0x00, 0x3D, 0x00, 0x04, 0x00, 0x0C, 0x00, 
0x00, 0x00, 0x63, 0x03, 0x00, 0x00, 0x62, 0x03, 0x00, 0x00, 
0x7C, 0x00, 0x04, 0x00, 0x06, 0x00, 0x00, 0x00, 0x64, 0x03, 
0x00, 0x00, 0x63, 0x03, 0x00, 0x00, 0x80, 0x00, 0x05, 0x00, 
0x06, 0x00, 0x00, 0x00, 0x65, 0x03, 0x00, 0x00, 0x61, 0x03, 
0x00, 0x00, 0x64, 0x03, 0x00, 0x00, 0x3E, 0x00, 0x03, 0x00, 
0x66, 0x03, 0x00, 0x00, 0x65, 0x03, 0x00, 0x00, 0x39, 0x00, 
0x05, 0x00, 0x06, 0x00, 0x00, 0x00, 0x67, 0x03, 0x00, 0x00, 
0x0A, 0x00, 0x00, 0x00, 0x66, 0x03, 0x00, 0x00, 0x3E, 0x00, 
0x03, 0x00, 0x56, 0x03, 0x00, 0x00, 0x67, 0x03, 0x00, 0x00, 
0x3D, 0x00, 0x04, 0x00, 0x11, 0x00, 0x00, 0x00, 0x68, 0x03, 
0x00, 0x00, 0x3D, 0x03, 0x00, 0x00, 0xAA, 0x00, 0x05, 0x00, 
0x4F, 0x00, 0x00, 0x00, 0x6A, 0x03, 0x00, 0x00, 0x68, 0x03, 
0x00, 0x00, 0x69, 0x03, 0x00, 0x00, 0xF7, 0x00, 0x03, 0x00, 
0x6C, 0x03, 0x00, 0x00, 0x00, 0x00, 0x00, 0x00, 0xFA, 0x00, 
0x04, 0x00, 0x6A, 0x03, 0x00, 0x00, 0x6B, 0x03, 0x00, 0x00, 
0x6C, 0x03, 0x00, 0x00, 0xF8, 0x00, 0x02, 0x00, 0x6B, 0x03, 
0x00, 0x00, 0x41, 0x00, 0x05, 0x00, 0x40, 0x03, 0x00, 0x00, 
0x6F, 0x03, 0x00, 0x00, 0x3F, 0x03, 0x00, 0x00, 0xDA, 0x00, 
0x00, 0x00, 0x3D, 0x00, 0x04, 0x00, 0x0C, 0x00, 0x00, 0x00, 
0x70, 0x03, 0x00, 0x00, 0x6F, 0x03, 0x00, 0x00, 0x6E, 0x00, 
0x04, 0x00, 0x11, 0x00, 0x00, 0x00, 0x71, 0x03, 0x00, 0x00, 
0x70, 0x03, 0x00, 0x00, 0xC7, 0x00, 0x05, 0x00, 0x11, 0x00, 
0x00, 0x00, 0x73, 0x03, 0x00, 0x00, 0x71, 0x03, 0x00, 0x00, 
0x72, 0x03, 0x00, 0x00, 0xAB, 0x00, 0x05, 0x00, 0x4F, 0x00, 
0x00, 0x00, 0x74, 0x03, 0x00, 0x00, 0x73, 0x03, 0x00, 0x00, 
0x4E, 0x00, 0x00, 0x00, 0x3E, 0x00, 0x03, 0x00, 0x6E, 0x03, 
0x00, 0x00, 0x74, 0x03, 0x00, 0x00, 0x41, 0x00, 0x05, 0x00, 
0x40, 0x03, 0x00, 0x00, 0x76, 0x03, 0x00, 0x00, 0x3F, 0x03, 
0x00, 0x00, 0xDA, 0x00, 0x00, 0x00, 0x3D, 0x00, 0x04, 0x00, 
0x0C, 0x00, 0x00, 0x00, 0x77, 0x03, 0x00, 0x00, 0x76, 0x03, 
0x00, 0x00, 0x6E, 0x00, 0x04, 0x00, 0x11, 0x00, 0x00, 0x00, 
0x78, 0x03, 0x00, 0x00, 0x77, 0x03, 0x00, 0x00, 0xC7, 0x00, 
0x05, 0x00, 0x11, 0x00, 0x00, 0x00, 0x7A, 0x03, 0x00, 0x00, 
0x78, 0x03, 0x00, 0x00, 0x79, 0x03, 0x00, 0x00, 0xAB, 0x00, 
0x05, 0x00, 0x4F, 0x00, 0x00, 0x00, 0x7B, 0x03, 0x00, 0x00, 
0x7A, 0x03, 0x00, 0x00, 0x4E, 0x00, 0x00, 0x00, 0x3E, 0x00, 
0x03, 0x00, 0x75, 0x03, 0x00, 0x00, 0x7B, 0x03, 0x00, 0x00, 
0x41, 0x00, 0x05, 0x00, 0x40, 0x03, 0x00, 0x00, 0x7E, 0x03, 
0x00, 0x00, 0x7D, 0x03, 0x00, 0x00, 0xDA, 0x00, 0x00, 0x00, 
0x3D, 0x00, 0x04, 0x00, 0x0C, 0x00, 0x00, 0x00, 0x7F, 0x03, 
0x00, 0x00, 0x7E, 0x03, 0x00, 0x00, 0x88, 0x00, 0x05, 0x00, 
0x0C, 0x00, 0x00, 0x00, 0x81, 0x03, 0x00, 0x00, 0x7F, 0x03, 
0x00, 0x00, 0x80, 0x03, 0x00, 0x00, 0x3E, 0x00, 0x03, 0x00, 
0x7C, 0x03, 0x00, 0x00, 0x81, 0x03, 0x00, 0x00, 0x3D, 0x00, 
0x04, 0x00, 0x4F, 0x00, 0x00, 0x00, 0x82, 0x03, 0x00, 0x00, 
0x6E, 0x03, 0x00, 0x00, 0xA8, 0x00, 0x04, 0x00, 0x4F, 0x00, 
0x00, 0x00, 0x83, 0x03, 0x00, 0x00, 0x82, 0x03, 0x00, 0x00, 
0xF7, 0x00, 0x03, 0x00, 0x85, 0x03, 0x00, 0x00, 0x00, 0x00, 
0x00, 0x00, 0xFA, 0x00, 0x04, 0x00, 0x83, 0x03, 0x00, 0x00, 
0x84, 0x03, 0x00, 0x00, 0x85, 0x03, 0x00, 0x00, 0xF8, 0x00, 
0x02, 0x00, 0x84, 0x03, 0x00, 0x00, 0x3D, 0x00, 0x04, 0x00, 
0x06, 0x00, 0x00, 0x00, 0x86, 0x03, 0x00, 0x00, 0x56, 0x03, 
0x00, 0x00, 0x80, 0x00, 0x05, 0x00, 0x06, 0x00, 0x00, 0x00, 
0x88, 0x03, 0x00, 0x00, 0x86, 0x03, 0x00, 0x00, 0x87, 0x03, 
0x00, 0x00, 0x3E, 0x00, 0x03, 0x00, 0x89, 0x03, 0x00, 0x00, 
0x88, 0x03, 0x00, 0x00, 0x39, 0x00, 0x05, 0x00, 0x0C, 0x00, 
0x00, 0x00, 0x8A, 0x03, 0x00, 0x00, 0x0F, 0x00, 0x00, 0x00, 
0x89, 0x03, 0x00, 0x00, 0x3D, 0x00, 0x04, 0x00, 0x06, 0x00, 
0x00, 0x00, 0x8B, 0x03, 0x00, 0x00, 0x56, 0x03, 0x00, 0x00, 
0x80, 0x00, 0x05, 0x00, 0x06, 0x00, 0x00, 0x00, 0x8D, 0x03, 
0x00, 0x00, 0x8B, 0x03, 0x00, 0x00, 0x8C, 0x03, 0x00, 0x00, 
0x3E, 0x00, 0x03, 0x00, 0x8E, 0x03, 0x00, 0x00, 0x8D, 0x03, 
0x00, 0x00, 0x39, 0x00, 0x05, 0x00, 0x0C, 0x00, 0x00, 0x00, 
0x8F, 0x03, 0x00, 0x00, 0x0F, 0x00, 0x00, 0x00, 0x8E, 0x03, 
0x00, 0x00, 0x50, 0x00, 0x05, 0x00, 0x1D, 0x00, 0x00, 0x00, 
0x90, 0x03, 0x00, 0x00, 0x8A, 0x03, 0x00, 0x00, 0x8F, 0x03, 
0x00, 0x00, 0x50, 0x00, 0x05, 0x00, 0x1D, 0x00, 0x00, 0x00, 
0x91, 0x03, 0x00, 0x00, 0x1F, 0x02, 0x00, 0x00, 0x1F, 0x02, 
0x00, 0x00, 0x83, 0x00, 0x05, 0x00, 0x1D, 0x00, 0x00, 0x00, 
0x92, 0x03, 0x00, 0x00, 0x90, 0x03, 0x00, 0x00, 0x91, 0x03, 
0x00, 0x00, 0x3D, 0x00, 0x04, 0x00, 0x0C, 0x00, 0x00, 0x00, 
0x93, 0x03, 0x00, 0x00, 0x7C, 0x03, 0x00, 0x00, 0x8E, 0x00, 
0x05, 0x00, 0x1D, 0x00, 0x00, 0x00, 0x94, 0x03, 0x00, 0x00, 
0x92, 0x03, 0x00, 0x00, 0x93, 0x03, 0x00, 0x00, 0x8E, 0x00, 
0x05, 0x00, 0x1D, 0x00, 0x00, 0x00, 0x96, 0x03, 0x00, 0x00, 
0x94, 0x03, 0x00, 0x00, 0x95, 0x03, 0x00, 0x00, 0x3D, 0x00, 
0x04, 0x00, 0x1D, 0x00, 0x00, 0x00, 0x97, 0x03, 0x00, 0x00, 
0x4B, 0x03, 0x00, 0x00, 0x81, 0x00, 0x05, 0x00, 0x1D, 0x00, 
0x00, 0x00, 0x98, 0x03, 0x00, 0x00, 0x97, 0x03, 0x00, 0x00, 
0x96, 0x03, 0x00, 0x00, 0x3E, 0x00, 0x03, 0x00, 0x4B, 0x03, 
0x00, 0x00, 0x98, 0x03, 0x00, 0x00, 0xF9, 0x00, 0x02, 0x00, 
0x85, 0x03, 0x00, 0x00, 0xF8, 0x00, 0x02, 0x00, 0x85, 0x03, 
0x00, 0x00, 0x3D, 0x00, 0x04, 0x00, 0x4F, 0x00, 0x00, 0x00, 
0x99, 0x03, 0x00, 0x00, 0x75, 0x03, 0x00, 0x00, 0x3D, 0x00, 
0x04, 0x00, 0x4F, 0x00, 0x00, 0x00, 0x9A, 0x03, 0x00, 0x00, 
0x6E, 0x03, 0x00, 0x00, 0xA8, 0x00, 0x04, 0x00, 0x4F, 0x00, 
0x00, 0x00, 0x9B, 0x03, 0x00, 0x00, 0x9A, 0x03, 0x00, 0x00, 
0xA7, 0x00, 0x05, 0x00, 0x4F, 0x00, 0x00, 0x00, 0x9C, 0x03, 
0x00, 0x00, 0x99, 0x03, 0x00, 0x00, 0x9B, 0x03, 0x00, 0x00, 
0xF7, 0x00, 0x03, 0x00, 0x9E, 0x03, 0x00, 0x00, 0x00, 0x00, 
0x00, 0x00, 0xFA, 0x00, 0x04, 0x00, 0x9C, 0x03, 0x00, 0x00, 
0x9D, 0x03, 0x00, 0x00, 0x9E, 0x03, 0x00, 0x00, 0xF8, 0x00, 
0x02, 0x00, 0x9D, 0x03, 0x00, 0x00, 0x3D, 0x00, 0x04, 0x00, 
0x06, 0x00, 0x00, 0x00, 0xA2, 0x03, 0x00, 0x00, 0x4D, 0x03, 
0x00, 0x00, 0xC7, 0x00, 0x05, 0x00, 0x06, 0x00, 0x00, 0x00, 
0xA3, 0x03, 0x00, 0x00, 0xA2, 0x03, 0x00, 0x00, 0x4F, 0x03, 
0x00, 0x00, 0x70, 0x00, 0x04, 0x00, 0x0C, 0x00, 0x00, 0x00, 
0xA4, 0x03, 0x00, 0x00, 0xA3, 0x03, 0x00, 0x00, 0x3D, 0x00, 
0x04, 0x00, 0x06, 0x00, 0x00, 0x00, 0xA5, 0x03, 0x00, 0x00, 
0x4D, 0x03, 0x00, 0x00, 0xC2, 0x00, 0x05, 0x00, 0x06, 0x00, 
0x00, 0x00, 0xA6, 0x03, 0x00, 0x00, 0xA5, 0x03, 0x00, 0x00, 
0x2E, 0x00, 0x00, 0x00, 0x70, 0x00, 0x04, 0x00, 0x0C, 0x00, 
0x00, 0x00, 0xA7, 0x03, 0x00, 0x00, 0xA6, 0x03, 0x00, 0x00, 
0x50, 0x00, 0x05, 0x00, 0x1D, 0x00, 0x00, 0x00, 0xA8, 0x03, 
0x00, 0x00, 0xA4, 0x03, 0x00, 0x00, 0xA7, 0x03, 0x00, 0x00, 
0x3D, 0x00, 0x04, 0x00, 0x0C, 0x00, 0x00, 0x00, 0xA9, 0x03, 
0x00, 0x00, 0x7C, 0x03, 0x00, 0x00, 0x50, 0x00, 0x05, 0x00, 
0x1D, 0x00, 0x00, 0x00, 0xAA, 0x03, 0x00, 0x00, 0xA9, 0x03, 
0x00, 0x00, 0xA9, 0x03, 0x00, 0x00, 0x88, 0x00, 0x05, 0x00, 
0x1D, 0x00, 0x00, 0x00, 0xAB, 0x03, 0x00, 0x00, 0xA8, 0x03, 
0x00, 0x00, 0xAA, 0x03, 0x00, 0x00, 0x0C, 0x00, 0x06, 0x00, 
0x1D, 0x00, 0x00, 0x00, 0xAC, 0x03, 0x00, 0x00, 0x01, 0x00, 
0x00, 0x00, 0x08, 0x00, 0x00, 0x00, 0xAB, 0x03, 0x00, 0x00, 
0x6E, 0x00, 0x04, 0x00, 0x9F, 0x03, 0x00, 0x00, 0xAD, 0x03, 
0x00, 0x00, 0xAC, 0x03, 0x00, 0x00, 0x3E, 0x00, 0x03, 0x00, 
0xA1, 0x03, 0x00, 0x00, 0xAD, 0x03, 0x00, 0x00, 0x3D, 0x00, 
0x04, 0x00, 0x11, 0x00, 0x00, 0x00, 0xAF, 0x03, 0x00, 0x00, 
0x45, 0x03, 0x00, 0x00, 0x7C, 0x00, 0x04, 0x00, 0x06, 0x00, 
0x00, 0x00, 0xB0, 0x03, 0x00, 0x00, 0xAF, 0x03, 0x00, 0x00, 
0x84, 0x00, 0x05, 0x00, 0x06, 0x00, 0x00, 0x00, 0xB1, 0x03, 
0x00, 0x00, 0xB0, 0x03, 0x00, 0x00, 0x5A, 0x03, 0x00, 0x00, 
0x41, 0x00, 0x05, 0x00, 0x40, 0x03, 0x00, 0x00, 0xB2, 0x03, 
0x00, 0x00, 0x5D, 0x03, 0x00, 0x00, 0xF2, 0x02, 0x00, 0x00, 
0x3D, 0x00, 0x04, 0x00, 0x0C, 0x00, 0x00, 0x00, 0xB3, 0x03, 
0x00, 0x00, 0xB2, 0x03, 0x00, 0x00, 0x7C, 0x00, 0x04, 0x00, 
0x06, 0x00, 0x00, 0x00, 0xB4, 0x03, 0x00, 0x00, 0xB3, 0x03, 
0x00, 0x00, 0x80, 0x00, 0x05, 0x00, 0x06, 0x00, 0x00, 0x00, 
0xB5, 0x03, 0x00, 0x00, 0xB1, 0x03, 0x00, 0x00, 0xB4, 0x03, 
0x00, 0x00, 0x41, 0x00, 0x05, 0x00, 0x40, 0x03, 0x00, 0x00, 
0xB6, 0x03, 0x00, 0x00, 0x5D, 0x03, 0x00, 0x00, 0x39, 0x02, 
0x00, 0x00, 0x3D, 0x00, 0x04, 0x00, 0x0C, 0x00, 0x00, 0x00, 
0xB7, 0x03, 0x00, 0x00, 0xB6, 0x03, 0x00, 0x00, 0x7C, 0x00, 
0x04, 0x00, 0x06, 0x00, 0x00, 0x00, 0xB8, 0x03, 0x00, 0x00, 
0xB7, 0x03, 0x00, 0x00, 0x80, 0x00, 0x05, 0x00, 0x06, 0x00, 
0x00, 0x00, 0xB9, 0x03, 0x00, 0x00, 0xB5, 0x03, 0x00, 0x00, 
0xB8, 0x03, 0x00, 0x00, 0x3E, 0x00, 0x03, 0x00, 0xBA, 0x03, 
0x00, 0x00, 0xB9, 0x03, 0x00, 0x00, 0x39, 0x00, 0x05, 0x00, 
0x06, 0x00, 0x00, 0x00, 0xBB, 0x03, 0x00, 0x00, 0x0A, 0x00, 
0x00, 0x00, 0xBA, 0x03, 0x00, 0x00, 0x3E, 0x00, 0x03, 0x00, 
0xAE, 0x03, 0x00, 0x00, 0xBB, 0x03, 0x00, 0x00, 0x41, 0x00, 
0x05, 0x00, 0x12, 0x00, 0x00, 0x00, 0xBD, 0x03, 0x00, 0x00, 
0xA1, 0x03, 0x00, 0x00, 0xF2, 0x02, 0x00, 0x00, 0x3D, 0x00, 
0x04, 0x00, 0x11, 0x00, 0x00, 0x00, 0xBE, 0x03, 0x00, 0x00, 
0xBD, 0x03, 0x00, 0x00, 0x7C, 0x00, 0x04, 0x00, 0x06, 0x00, 
0x00, 0x00, 0xBF, 0x03, 0x00, 0x00, 0xBE, 0x03, 0x00, 0x00, 
0x3D, 0x00, 0x04, 0x00, 0x06, 0x00, 0x00, 0x00, 0xC0, 0x03, 
0x00, 0x00, 0xAE, 0x03, 0x00, 0x00, 0xC7, 0x00, 0x05, 0x00, 
0x06, 0x00, 0x00, 0x00, 0xC2, 0x03, 0x00, 0x00, 0xC0, 0x03, 
0x00, 0x00, 0xC1, 0x03, 0x00, 0x00, 0x80, 0x00, 0x05, 0x00, 
0x06, 0x00, 0x00, 0x00, 0xC3, 0x03, 0x00, 0x00, 0xBF, 0x03, 
0x00, 0x00, 0xC2, 0x03, 0x00, 0x00, 0xC7, 0x00, 0x05, 0x00, 
0x06, 0x00, 0x00, 0x00, 0xC4, 0x03, 0x00, 0x00, 0xC3, 0x03, 
0x00, 0x00, 0xC1, 0x03, 0x00, 0x00, 0x41, 0x00, 0x05, 0x00, 
0x12, 0x00, 0x00, 0x00, 0xC6, 0x03, 0x00, 0x00, 0xA1, 0x03, 
0x00, 0x00, 0x39, 0x02, 0x00, 0x00, 0x3D, 0x00, 0x04, 0x00, 
0x11, 0x00, 0x00, 0x00, 0xC7, 0x03, 0x00, 0x00, 0xC6, 0x03, 
0x00, 0x00, 0x7C, 0x00, 0x04, 0x00, 0x06, 0x00, 0x00, 0x00, 
0xC8, 0x03, 0x00, 0x00, 0xC7, 0x03, 0x00, 0x00, 0x3D, 0x00, 
0x04, 0x00, 0x06, 0x00, 0x00, 0x00, 0xC9, 0x03, 0x00, 0x00, 
0xAE, 0x03, 0x00, 0x00, 0xC2, 0x00, 0x05, 0x00, 0x06, 0x00, 
0x00, 0x00, 0xCA, 0x03, 0x00, 0x00, 0xC9, 0x03, 0x00, 0x00, 
0x88, 0x00, 0x00, 0x00, 0xC7, 0x00, 0x05, 0x00, 0x06, 0x00, 
0x00, 0x00, 0xCB, 0x03, 0x00, 0x00, 0xCA, 0x03, 0x00, 0x00, 
0xC1, 0x03, 0x00, 0x00, 0x80, 0x00, 0x05, 0x00, 0x06, 0x00, 
0x00, 0x00, 0xCC, 0x03, 0x00, 0x00, 0xC8, 0x03, 0x00, 0x00, 
0xCB, 0x03, 0x00, 0x00, 0xC7, 0x00, 0x05, 0x00, 0x06, 0x00, 
0x00, 0x00, 0xCD, 0x03, 0x00, 0x00, 0xCC, 0x03, 0x00, 0x00, 
0xC1, 0x03, 0x00, 0x00, 0x84, 0x00, 0x05, 0x00, 0x06, 0x00, 
0x00, 0x00, 0xCE, 0x03, 0x00, 0x00, 0xC5, 0x03, 0x00, 0x00, 
0xCD, 0x03, 0x00, 0x00, 0x80, 0x00, 0x05, 0x00, 0x06, 0x00, 
0x00, 0x00, 0xCF, 0x03, 0x00, 0x00, 0xC4, 0x03, 0x00, 0x00, 
0xCE, 0x03, 0x00, 0x00, 0x3E, 0x00, 0x03, 0x00, 0xBC, 0x03, 
0x00, 0x00, 0xCF, 0x03, 0x00, 0x00, 0x3D, 0x00, 0x04, 0x00, 
0x9F, 0x03, 0x00, 0x00, 0xD0, 0x03, 0x00, 0x00, 0xA1, 0x03, 
0x00, 0x00, 0x6F, 0x00, 0x04, 0x00, 0x1D, 0x00, 0x00, 0x00, 
0xD1, 0x03, 0x00, 0x00, 0xD0, 0x03, 0x00, 0x00, 0x3D, 0x00, 
0x04, 0x00, 0x06, 0x00, 0x00, 0x00, 0xD5, 0x06, 0x00, 0x00, 
0xBC, 0x03, 0x00, 0x00, 0x3E, 0x00, 0x03, 0x00, 0xD7, 0x06, 
0x00, 0x00, 0xD4, 0x06, 0x00, 0x00, 0x41, 0x00, 0x05, 0x00, 
0x1E, 0x00, 0x00, 0x00, 0xD8, 0x06, 0x00, 0x00, 0xD7, 0x06, 
0x00, 0x00, 0xD5, 0x06, 0x00, 0x00, 0x3D, 0x00, 0x04, 0x00, 
0x1D, 0x00, 0x00, 0x00, 0xD9, 0x06, 0x00, 0x00, 0xD8, 0x06, 
0x00, 0x00, 0x81, 0x00, 0x05, 0x00, 0x1D, 0x00, 0x00, 0x00, 
0xDA, 0x06, 0x00, 0x00, 0xD1, 0x03, 0x00, 0x00, 0xD9, 0x06, 
0x00, 0x00, 0x3D, 0x00, 0x04, 0x00, 0x0C, 0x00, 0x00, 0x00, 
0xDB, 0x06, 0x00, 0x00, 0x7C, 0x03, 0x00, 0x00, 0x8E, 0x00, 
0x05, 0x00, 0x1D, 0x00, 0x00, 0x00, 0xDC, 0x06, 0x00, 0x00, 
0xDA, 0x06, 0x00, 0x00, 0xDB, 0x06, 0x00, 0x00, 0x3E, 0x00, 
0x03, 0x00, 0x4B, 0x03, 0x00, 0x00, 0xDC, 0x06, 0x00, 0x00, 
0xF9, 0x00, 0x02, 0x00, 0x9E, 0x03, 0x00, 0x00, 0xF8, 0x00, 
0x02, 0x00, 0x9E, 0x03, 0x00, 0x00, 0x3D, 0x00, 0x04, 0x00, 
0x39, 0x03, 0x00, 0x00, 0xDE, 0x06, 0x00, 0x00, 0x3F, 0x03, 
0x00, 0x00, 0x4F, 0x00, 0x08, 0x00, 0x13, 0x00, 0x00, 0x00, 
0xDF, 0x06, 0x00, 0x00, 0xDE, 0x06, 0x00, 0x00, 0xDE, 0x06, 
0x00, 0x00, 0x00, 0x00, 0x00, 0x00, 0x01, 0x00, 0x00, 0x00, 
0x02, 0x00, 0x00, 0x00, 0x0C, 0x00, 0x06, 0x00, 0x13, 0x00, 
0x00, 0x00, 0xE0, 0x06, 0x00, 0x00, 0x01, 0x00, 0x00, 0x00, 
0x45, 0x00, 0x00, 0x00, 0xDF, 0x06, 0x00, 0x00, 0x3E, 0x00, 
0x03, 0x00, 0xDD, 0x06, 0x00, 0x00, 0xE0, 0x06, 0x00, 0x00, 
0x3D, 0x00, 0x04, 0x00, 0x39, 0x03, 0x00, 0x00, 0xE2, 0x06, 
0x00, 0x00, 0x7D, 0x03, 0x00, 0x00, 0x4F, 0x00, 0x08, 0x00, 
0x13, 0x00, 0x00, 0x00, 0xE3, 0x06, 0x00, 0x00, 0xE2, 0x06, 
0x00, 0x00, 0xE2, 0x06, 0x00, 0x00, 0x00, 0x00, 0x00, 0x00, 
0x01, 0x00, 0x00, 0x00, 0x02, 0x00, 0x00, 0x00, 0x3D, 0x00, 
0x04, 0x00, 0x39, 0x03, 0x00, 0x00, 0xE5, 0x06, 0x00, 0x00, 
0xE4, 0x06, 0x00, 0x00, 0x4F, 0x00, 0x08, 0x00, 0x13, 0x00, 
0x00, 0x00, 0xE6, 0x06, 0x00, 0x00, 0xE5, 0x06, 0x00, 0x00, 
0xE5, 0x06, 0x00, 0x00, 0x00, 0x00, 0x00, 0x00, 0x01, 0x00, 
0x00, 0x00, 0x02, 0x00, 0x00, 0x00, 0x41, 0x00, 0x05, 0x00, 
0xB7, 0x00, 0x00, 0x00, 0xE7, 0x06, 0x00, 0x00, 0x4B, 0x03, 
0x00, 0x00, 0xF2, 0x02, 0x00, 0x00, 0x3D, 0x00, 0x04, 0x00, 
0x0C, 0x00, 0x00, 0x00, 0xE8, 0x06, 0x00, 0x00, 0xE7, 0x06, 
0x00, 0x00, 0x8E, 0x00, 0x05, 0x00, 0x13, 0x00, 0x00, 0x00, 
0xE9, 0x06, 0x00, 0x00, 0xE6, 0x06, 0x00, 0x00, 0xE8, 0x06, 
0x00, 0x00, 0x81, 0x00, 0x05, 0x00, 0x13, 0x00, 0x00, 0x00, 
0xEA, 0x06, 0x00, 0x00, 0xE3, 0x06, 0x00, 0x00, 0xE9, 0x06, 
0x00, 0x00, 0x3D, 0x00, 0x04, 0x00, 0x39, 0x03, 0x00, 0x00, 
0xEC, 0x06, 0x00, 0x00, 0xEB, 0x06, 0x00, 0x00, 0x4F, 0x00, 
0x08, 0x00, 0x13, 0x00, 0x00, 0x00, 0xED, 0x06, 0x00, 0x00, 
0xEC, 0x06, 0x00, 0x00, 0xEC, 0x06, 0x00, 0x00, 0x00, 0x00, 
0x00, 0x00, 0x01, 0x00, 0x00, 0x00, 0x02, 0x00, 0x00, 0x00, 
0x41, 0x00, 0x05, 0x00, 0xB7, 0x00, 0x00, 0x00, 0xEE, 0x06, 
0x00, 0x00, 0x4B, 0x03, 0x00, 0x00, 0x39, 0x02, 0x00, 0x00, 
0x3D, 0x00, 0x04, 0x00, 0x0C, 0x00, 0x00, 0x00, 0xEF, 0x06, 
0x00, 0x00, 0xEE, 0x06, 0x00, 0x00, 0x8E, 0x00, 0x05, 0x00, 
0x13, 0x00, 0x00, 0x00, 0xF0, 0x06, 0x00, 0x00, 0xED, 0x06, 
0x00, 0x00, 0xEF, 0x06, 0x00, 0x00, 0x81, 0x00, 0x05, 0x00, 
0x13, 0x00, 0x00, 0x00, 0xF1, 0x06, 0x00, 0x00, 0xEA, 0x06, 
0x00, 0x00, 0xF0, 0x06, 0x00, 0x00, 0x3E, 0x00, 0x03, 0x00, 
0xE1, 0x06, 0x00, 0x00, 0xF1, 0x06, 0x00, 0x00, 0x3D, 0x00, 
0x04, 0x00, 0x13, 0x00, 0x00, 0x00, 0xF2, 0x06, 0x00, 0x00, 
0xDD, 0x06, 0x00, 0x00, 0x3D, 0x00, 0x04, 0x00, 0x11, 0x00, 
0x00, 0x00, 0xF4, 0x06, 0x00, 0x00, 0x45, 0x03, 0x00, 0x00, 
0x6F, 0x00, 0x04, 0x00, 0x0C, 0x00, 0x00, 0x00, 0xF5, 0x06, 
0x00, 0x00, 0xF4, 0x06, 0x00, 0x00, 0x85, 0x00, 0x05, 0x00, 
0x0C, 0x00, 0x00, 0x00, 0xF6, 0x06, 0x00, 0x00, 0xF5, 0x06, 
0x00, 0x00, 0xB4, 0x02, 0x00, 0x00, 0x81, 0x00, 0x05, 0x00, 
0x0C, 0x00, 0x00, 0x00, 0xF7, 0x06, 0x00, 0x00, 0xF3, 0x06, 
0x00, 0x00, 0xF6, 0x06, 0x00, 0x00, 0x3D, 0x00, 0x04, 0x00, 
0x06, 0x00, 0x00, 0x00, 0xF8, 0x06, 0x00, 0x00, 0x56, 0x03, 
0x00, 0x00, 0x80, 0x00, 0x05, 0x00, 0x06, 0x00, 0x00, 0x00, 
0xFA, 0x06, 0x00, 0x00, 0xF8, 0x06, 0x00, 0x00, 0xF9, 0x06, 
0x00, 0x00, 0x3E, 0x00, 0x03, 0x00, 0xFB, 0x06, 0x00, 0x00, 
0xFA, 0x06, 0x00, 0x00, 0x39, 0x00, 0x05, 0x00, 0x0C, 0x00, 
0x00, 0x00, 0xFC, 0x06, 0x00, 0x00, 0x0F, 0x00, 0x00, 0x00, 
0xFB, 0x06, 0x00, 0x00, 0x85, 0x00, 0x05, 0x00, 0x0C, 0x00, 
0x00, 0x00, 0xFE, 0x06, 0x00, 0x00, 0xFC, 0x06, 0x00, 0x00, 
0xFD, 0x06, 0x00, 0x00, 0x81, 0x00, 0x05, 0x00, 0x0C, 0x00, 
0x00, 0x00, 0xFF, 0x06, 0x00, 0x00, 0xF7, 0x06, 0x00, 0x00, 
0xFE, 0x06, 0x00, 0x00, 0x8E, 0x00, 0x05, 0x00, 0x13, 0x00, 
0x00, 0x00, 0x00, 0x07, 0x00, 0x00, 0xF2, 0x06, 0x00, 0x00, 
0xFF, 0x06, 0x00, 0x00, 0x3D, 0x00, 0x04, 0x00, 0x13, 0x00, 
0x00, 0x00, 0x01, 0x07, 0x00, 0x00, 0xE1, 0x06, 0x00, 0x00, 
0x81, 0x00, 0x05, 0x00, 0x13, 0x00, 0x00, 0x00, 0x02, 0x07, 
0x00, 0x00, 0x01, 0x07, 0x00, 0x00, 0x00, 0x07, 0x00, 0x00, 
0x3E, 0x00, 0x03, 0x00, 0xE1, 0x06, 0x00, 0x00, 0x02, 0x07, 
0x00, 0x00, 0x3D, 0x00, 0x04, 0x00, 0x4F, 0x00, 0x00, 0x00, 
0x03, 0x07, 0x00, 0x00, 0x75, 0x03, 0x00, 0x00, 0xF7, 0x00, 
0x03, 0x00, 0x05, 0x07, 0x00, 0x00, 0x00, 0x00, 0x00, 0x00, 
0xFA, 0x00, 0x04, 0x00, 0x03, 0x07, 0x00, 0x00, 0x04, 0x07, 
0x00, 0x00, 0x05, 0x07, 0x00, 0x00, 0xF8, 0x00, 0x02, 0x00, 
0x04, 0x07, 0x00, 0x00, 0x3D, 0x00, 0x04, 0x00, 0x13, 0x00, 
0x00, 0x00, 0x07, 0x07, 0x00, 0x00, 0xE1, 0x06, 0x00, 0x00, 
0x3D, 0x00, 0x04, 0x00, 0x39, 0x03, 0x00, 0x00, 0x09, 0x07, 
0x00, 0x00, 0x08, 0x07, 0x00, 0x00, 0x4F, 0x00, 0x08, 0x00, 
0x13, 0x00, 0x00, 0x00, 0x0A, 0x07, 0x00, 0x00, 0x09, 0x07, 
0x00, 0x00, 0x09, 0x07, 0x00, 0x00, 0x00, 0x00, 0x00, 0x00, 
0x01, 0x00, 0x00, 0x00, 0x02, 0x00, 0x00, 0x00, 0x83, 0x00, 
0x05, 0x00, 0x13, 0x00, 0x00, 0x00, 0x0B, 0x07, 0x00, 0x00, 
0x07, 0x07, 0x00, 0x00, 0x0A, 0x07, 0x00, 0x00, 0x0C, 0x00, 
0x06, 0x00, 0x0C, 0x00, 0x00, 0x00, 0x0C, 0x07, 0x00, 0x00, 
0x01, 0x00, 0x00, 0x00, 0x42, 0x00, 0x00, 0x00, 0x0B, 0x07, 
0x00, 0x00, 0x3E, 0x00, 0x03, 0x00, 0x06, 0x07, 0x00, 0x00, 
0x0C, 0x07, 0x00, 0x00, 0x41, 0x00, 0x05, 0x00, 0x40, 0x03, 
0x00, 0x00, 0x0E, 0x07, 0x00, 0x00, 0x08, 0x07, 0x00, 0x00, 
0xDA, 0x00, 0x00, 0x00, 0x3D, 0x00, 0x04, 0x00, 0x0C, 0x00, 
0x00, 0x00, 0x0F, 0x07, 0x00, 0x00, 0x0E, 0x07, 0x00, 0x00, 
0xBE, 0x00, 0x05, 0x00, 0x4F, 0x00, 0x00, 0x00, 0x10, 0x07, 
0x00, 0x00, 0x0F, 0x07, 0x00, 0x00, 0x54, 0x00, 0x00, 0x00, 
0xF7, 0x00, 0x03, 0x00, 0x13, 0x07, 0x00, 0x00, 0x00, 0x00, 
0x00, 0x00, 0xFA, 0x00, 0x04, 0x00, 0x10, 0x07, 0x00, 0x00, 
0x12, 0x07, 0x00, 0x00, 0x27, 0x07, 0x00, 0x00, 0xF8, 0x00, 
0x02, 0x00, 0x12, 0x07, 0x00, 0x00, 0x3D, 0x00, 0x04, 0x00, 
0x0C, 0x00, 0x00, 0x00, 0x14, 0x07, 0x00, 0x00, 0x06, 0x07, 
0x00, 0x00, 0x41, 0x00, 0x05, 0x00, 0x40, 0x03, 0x00, 0x00, 
0x15, 0x07, 0x00, 0x00, 0x08, 0x07, 0x00, 0x00, 0xDA, 0x00, 
0x00, 0x00, 0x3D, 0x00, 0x04, 0x00, 0x0C, 0x00, 0x00, 0x00, 
0x16, 0x07, 0x00, 0x00, 0x15, 0x07, 0x00, 0x00, 0x85, 0x00, 
0x05, 0x00, 0x0C, 0x00, 0x00, 0x00, 0x18, 0x07, 0x00, 0x00, 
0x16, 0x07, 0x00, 0x00, 0x17, 0x07, 0x00, 0x00, 0x83, 0x00, 
0x05, 0x00, 0x0C, 0x00, 0x00, 0x00, 0x19, 0x07, 0x00, 0x00, 
0x14, 0x07, 0x00, 0x00, 0x18, 0x07, 0x00, 0x00, 0x88, 0x00, 
0x05, 0x00, 0x0C, 0x00, 0x00, 0x00, 0x1B, 0x07, 0x00, 0x00, 
0x19, 0x07, 0x00, 0x00, 0x1A, 0x07, 0x00, 0x00, 0x0C, 0x00, 
0x07, 0x00, 0x0C, 0x00, 0x00, 0x00, 0x1D, 0x07, 0x00, 0x00, 
0x01, 0x00, 0x00, 0x00, 0x1A, 0x00, 0x00, 0x00, 0x1B, 0x07, 
0x00, 0x00, 0x1C, 0x07, 0x00, 0x00, 0x7F, 0x00, 0x04, 0x00, 
0x0C, 0x00, 0x00, 0x00, 0x1E, 0x07, 0x00, 0x00, 0x1D, 0x07, 
0x00, 0x00, 0x0C, 0x00, 0x06, 0x00, 0x0C, 0x00, 0x00, 0x00, 
0x1F, 0x07, 0x00, 0x00, 0x01, 0x00, 0x00, 0x00, 0x1B, 0x00, 
0x00, 0x00, 0x1E, 0x07, 0x00, 0x00, 0x41, 0x00, 0x05, 0x00, 
0x40, 0x03, 0x00, 0x00, 0x20, 0x07, 0x00, 0x00, 0x08, 0x07, 
0x00, 0x00, 0xDA, 0x00, 0x00, 0x00, 0x3D, 0x00, 0x04, 0x00, 
0x0C, 0x00, 0x00, 0x00, 0x21, 0x07, 0x00, 0x00, 0x20, 0x07, 
0x00, 0x00, 0x88, 0x00, 0x05, 0x00, 0x0C, 0x00, 0x00, 0x00, 
0x23, 0x07, 0x00, 0x00, 0x21, 0x07, 0x00, 0x00, 0x22, 0x07, 
0x00, 0x00, 0x83, 0x00, 0x05, 0x00, 0x0C, 0x00, 0x00, 0x00, 
0x24, 0x07, 0x00, 0x00, 0x55, 0x00, 0x00, 0x00, 0x23, 0x07, 
0x00, 0x00, 0x0C, 0x00, 0x07, 0x00, 0x0C, 0x00, 0x00, 0x00, 
0x25, 0x07, 0x00, 0x00, 0x01, 0x00, 0x00, 0x00, 0x28, 0x00, 
0x00, 0x00, 0x54, 0x00, 0x00, 0x00, 0x24, 0x07, 0x00, 0x00, 
0x85, 0x00, 0x05, 0x00, 0x0C, 0x00, 0x00, 0x00, 0x26, 0x07, 
0x00, 0x00, 0x1F, 0x07, 0x00, 0x00, 0x25, 0x07, 0x00, 0x00, 
0x3E, 0x00, 0x03, 0x00, 0x11, 0x07, 0x00, 0x00, 0x26, 0x07, 
0x00, 0x00, 0xF9, 0x00, 0x02, 0x00, 0x13, 0x07, 0x00, 0x00, 
0xF8, 0x00, 0x02, 0x00, 0x27, 0x07, 0x00, 0x00, 0x3E, 0x00, 
0x03, 0x00, 0x11, 0x07, 0x00, 0x00, 0x54, 0x00, 0x00, 0x00, 
0xF9, 0x00, 0x02, 0x00, 0x13, 0x07, 0x00, 0x00, 0xF8, 0x00, 
0x02, 0x00, 0x13, 0x07, 0x00, 0x00, 0x3D, 0x00, 0x04, 0x00, 
0x0C, 0x00, 0x00, 0x00, 0x28, 0x07, 0x00, 0x00, 0x11, 0x07, 
0x00, 0x00, 0x3E, 0x00, 0x03, 0x00, 0x0D, 0x07, 0x00, 0x00, 
0x28, 0x07, 0x00, 0x00, 0x41, 0x00, 0x05, 0x00, 0xB7, 0x00, 
0x00, 0x00, 0x2B, 0x07, 0x00, 0x00, 0x4B, 0x03, 0x00, 0x00, 
0xF2, 0x02, 0x00, 0x00, 0x3D, 0x00, 0x04, 0x00, 0x0C, 0x00, 
0x00, 0x00, 0x2C, 0x07, 0x00, 0x00, 0x2B, 0x07, 0x00, 0x00, 
0x41, 0x00, 0x05, 0x00, 0xB7, 0x00, 0x00, 0x00, 0x2D, 0x07, 
0x00, 0x00, 0x4B, 0x03, 0x00, 0x00, 0x39, 0x02, 0x00, 0x00, 
0x3D, 0x00, 0x04, 0x00, 0x0C, 0x00, 0x00, 0x00, 0x2E, 0x07, 
0x00, 0x00, 0x2D, 0x07, 0x00, 0x00, 0x0C, 0x00, 0x07, 0x00, 
0x0C, 0x00, 0x00, 0x00, 0x2F, 0x07, 0x00, 0x00, 0x01, 0x00, 
0x00, 0x00, 0x25, 0x00, 0x00, 0x00, 0x2C, 0x07, 0x00, 0x00, 
0x2E, 0x07, 0x00, 0x00, 0x41, 0x00, 0x05, 0x00, 0xB7, 0x00, 
0x00, 0x00, 0x31, 0x07, 0x00, 0x00, 0x4B, 0x03, 0x00, 0x00, 
0xF2, 0x02, 0x00, 0x00, 0x3D, 0x00, 0x04, 0x00, 0x0C, 0x00, 
0x00, 0x00, 0x32, 0x07, 0x00, 0x00, 0x31, 0x07, 0x00, 0x00, 
0x83, 0x00, 0x05, 0x00, 0x0C, 0x00, 0x00, 0x00, 0x33, 0x07, 
0x00, 0x00, 0x30, 0x07, 0x00, 0x00, 0x32, 0x07, 0x00, 0x00, 
0x41, 0x00, 0x05, 0x00, 0xB7, 0x00, 0x00, 0x00, 0x34, 0x07, 
0x00, 0x00, 0x4B, 0x03, 0x00, 0x00, 0x39, 0x02, 0x00, 0x00, 
0x3D, 0x00, 0x04, 0x00, 0x0C, 0x00, 0x00, 0x00, 0x35, 0x07, 
0x00, 0x00, 0x34, 0x07, 0x00, 0x00, 0x83, 0x00, 0x05, 0x00, 
0x0C, 0x00, 0x00, 0x00, 0x36, 0x07, 0x00, 0x00, 0x30, 0x07, 
0x00, 0x00, 0x35, 0x07, 0x00, 0x00, 0x0C, 0x00, 0x07, 0x00, 
0x0C, 0x00, 0x00, 0x00, 0x37, 0x07, 0x00, 0x00, 0x01, 0x00, 
0x00, 0x00, 0x25, 0x00, 0x00, 0x00, 0x33, 0x07, 0x00, 0x00, 
0x36, 0x07, 0x00, 0x00, 0x0C, 0x00, 0x07, 0x00, 0x0C, 0x00, 
0x00, 0x00, 0x38, 0x07, 0x00, 0x00, 0x01, 0x00, 0x00, 0x00, 
0x25, 0x00, 0x00, 0x00, 0x2F, 0x07, 0x00, 0x00, 0x37, 0x07, 
0x00, 0x00, 0x0C, 0x00, 0x08, 0x00, 0x0C, 0x00, 0x00, 0x00, 
0x39, 0x07, 0x00, 0x00, 0x01, 0x00, 0x00, 0x00, 0x31, 0x00, 
0x00, 0x00, 0x67, 0x00, 0x00, 0x00, 0x2A, 0x07, 0x00, 0x00, 
0x38, 0x07, 0x00, 0x00, 0x83, 0x00, 0x05, 0x00, 0x0C, 0x00, 
0x00, 0x00, 0x3A, 0x07, 0x00, 0x00, 0x55, 0x00, 0x00, 0x00, 
0x39, 0x07, 0x00, 0x00, 0x3E, 0x00, 0x03, 0x00, 0x29, 0x07, 
0x00, 0x00, 0x3A, 0x07, 0x00, 0x00, 0x3D, 0x00, 0x04, 0x00, 
0x11, 0x00, 0x00, 0x00, 0x3B, 0x07, 0x00, 0x00, 0x45, 0x03, 
0x00, 0x00, 0x6F, 0x00, 0x04, 0x00, 0x0C, 0x00, 0x00, 0x00, 
0x3C, 0x07, 0x00, 0x00, 0x3B, 0x07, 0x00, 0x00, 0x81, 0x00, 
0x05, 0x00, 0x0C, 0x00, 0x00, 0x00, 0x3D, 0x07, 0x00, 0x00, 
0x3C, 0x07, 0x00, 0x00, 0x55, 0x00, 0x00, 0x00, 0x3D, 0x00, 
0x04, 0x00, 0x0C, 0x00, 0x00, 0x00, 0x3E, 0x07, 0x00, 0x00, 
0x0D, 0x07, 0x00, 0x00, 0x41, 0x00, 0x05, 0x00, 0x40, 0x03, 
0x00, 0x00, 0x40, 0x07, 0x00, 0x00, 0x3F, 0x07, 0x00, 0x00, 
0xF2, 0x02, 0x00, 0x00, 0x3D, 0x00, 0x04, 0x00, 0x0C, 0x00, 
0x00, 0x00, 0x41, 0x07, 0x00, 0x00, 0x40, 0x07, 0x00, 0x00, 
0x3D, 0x00, 0x04, 0x00, 0x0C, 0x00, 0x00, 0x00, 0x42, 0x07, 
0x00, 0x00, 0x29, 0x07, 0x00, 0x00, 0x85, 0x00, 0x05, 0x00, 
0x0C, 0x00, 0x00, 0x00, 0x43, 0x07, 0x00, 0x00, 0x41, 0x07, 
0x00, 0x00, 0x42, 0x07, 0x00, 0x00, 0x41, 0x00, 0x05, 0x00, 
0x40, 0x03, 0x00, 0x00, 0x44, 0x07, 0x00, 0x00, 0x3F, 0x07, 
0x00, 0x00, 0xDA, 0x00, 0x00, 0x00, 0x3D, 0x00, 0x04, 0x00, 
0x0C, 0x00, 0x00, 0x00, 0x45, 0x07, 0x00, 0x00, 0x44, 0x07, 
0x00, 0x00, 0x50, 0x00, 0x07, 0x00, 0x39, 0x03, 0x00, 0x00, 
0x46, 0x07, 0x00, 0x00, 0x3D, 0x07, 0x00, 0x00, 0x3E, 0x07, 
0x00, 0x00, 0x43, 0x07, 0x00, 0x00, 0x45, 0x07, 0x00, 0x00, 
0x3E, 0x00, 0x03, 0x00, 0x3B, 0x03, 0x00, 0x00, 0x46, 0x07, 
0x00, 0x00, 0x3D, 0x00, 0x04, 0x00, 0x13, 0x00, 0x00, 0x00, 
0x47, 0x07, 0x00, 0x00, 0xDD, 0x06, 0x00, 0x00, 0x3D, 0x00, 
0x04, 0x00, 0x0C, 0x00, 0x00, 0x00, 0x48, 0x07, 0x00, 0x00, 
0x0D, 0x07, 0x00, 0x00, 0x8E, 0x00, 0x05, 0x00, 0x13, 0x00, 
0x00, 0x00, 0x49, 0x07, 0x00, 0x00, 0x47, 0x07, 0x00, 0x00, 
0x48, 0x07, 0x00, 0x00, 0x8E, 0x00, 0x05, 0x00, 0x13, 0x00, 
0x00, 0x00, 0x4B, 0x07, 0x00, 0x00, 0x49, 0x07, 0x00, 0x00, 
0x4A, 0x07, 0x00, 0x00, 0x3D, 0x00, 0x04, 0x00, 0x13, 0x00, 
0x00, 0x00, 0x4C, 0x07, 0x00, 0x00, 0xE1, 0x06, 0x00, 0x00, 
0x81, 0x00, 0x05, 0x00, 0x13, 0x00, 0x00, 0x00, 0x4D, 0x07, 
0x00, 0x00, 0x4C, 0x07, 0x00, 0x00, 0x4B, 0x07, 0x00, 0x00, 
0x3E, 0x00, 0x03, 0x00, 0xE1, 0x06, 0x00, 0x00, 0x4D, 0x07, 
0x00, 0x00, 0xF9, 0x00, 0x02, 0x00, 0x05, 0x07, 0x00, 0x00, 
0xF8, 0x00, 0x02, 0x00, 0x05, 0x07, 0x00, 0x00, 0x3E, 0x00, 
0x03, 0x00, 0x4E, 0x07, 0x00, 0x00, 0x55, 0x01, 0x00, 0x00, 
0x3D, 0x00, 0x04, 0x00, 0x11, 0x00, 0x00, 0x00, 0x52, 0x07, 
0x00, 0x00, 0x51, 0x07, 0x00, 0x00, 0x8B, 0x00, 0x05, 0x00, 
0x11, 0x00, 0x00, 0x00, 0x53, 0x07, 0x00, 0x00, 0x52, 0x07, 
0x00, 0x00, 0x80, 0x00, 0x00, 0x00, 0x41, 0x00, 0x05, 0x00, 
0x12, 0x00, 0x00, 0x00, 0x54, 0x07, 0x00, 0x00, 0x4E, 0x07, 
0x00, 0x00, 0x53, 0x07, 0x00, 0x00, 0x3D, 0x00, 0x04, 0x00, 
0x11, 0x00, 0x00, 0x00, 0x55, 0x07, 0x00, 0x00, 0x54, 0x07, 
0x00, 0x00, 0x3E, 0x00, 0x03, 0x00, 0x4F, 0x07, 0x00, 0x00, 
0x55, 0x07, 0x00, 0x00, 0x3D, 0x00, 0x04, 0x00, 0x11, 0x00, 
0x00, 0x00, 0x57, 0x07, 0x00, 0x00, 0x4F, 0x07, 0x00, 0x00, 
0xAA, 0x00, 0x05, 0x00, 0x4F, 0x00, 0x00, 0x00, 0x58, 0x07, 
0x00, 0x00, 0x57, 0x07, 0x00, 0x00, 0x59, 0x00, 0x00, 0x00, 
0x3D, 0x00, 0x04, 0x00, 0x11, 0x00, 0x00, 0x00, 0x59, 0x07, 
0x00, 0x00, 0x4F, 0x07, 0x00, 0x00, 0xAA, 0x00, 0x05, 0x00, 
0x4F, 0x00, 0x00, 0x00, 0x5A, 0x07, 0x00, 0x00, 0x59, 0x07, 
0x00, 0x00, 0x62, 0x00, 0x00, 0x00, 0xA6, 0x00, 0x05, 0x00, 
0x4F, 0x00, 0x00, 0x00, 0x5B, 0x07, 0x00, 0x00, 0x58, 0x07, 
0x00, 0x00, 0x5A, 0x07, 0x00, 0x00, 0xA9, 0x00, 0x06, 0x00, 
0x11, 0x00, 0x00, 0x00, 0x5C, 0x07, 0x00, 0x00, 0x5B, 0x07, 
0x00, 0x00, 0x59, 0x00, 0x00, 0x00, 0x74, 0x01, 0x00, 0x00, 
0x6F, 0x00, 0x04, 0x00, 0x0C, 0x00, 0x00, 0x00, 0x5D, 0x07, 
0x00, 0x00, 0x5C, 0x07, 0x00, 0x00, 0x3D, 0x00, 0x04, 0x00, 
0x11, 0x00, 0x00, 0x00, 0x5E, 0x07, 0x00, 0x00, 0x4F, 0x07, 
0x00, 0x00, 0xAF, 0x00, 0x05, 0x00, 0x4F, 0x00, 0x00, 0x00, 
0x5F, 0x07, 0x00, 0x00, 0x5E, 0x07, 0x00, 0x00, 0x62, 0x00, 
0x00, 0x00, 0xA9, 0x00, 0x06, 0x00, 0x11, 0x00, 0x00, 0x00, 
0x60, 0x07, 0x00, 0x00, 0x5F, 0x07, 0x00, 0x00, 0x59, 0x00, 
0x00, 0x00, 0x74, 0x01, 0x00, 0x00, 0x6F, 0x00, 0x04, 0x00, 
0x0C, 0x00, 0x00, 0x00, 0x61, 0x07, 0x00, 0x00, 0x60, 0x07, 
0x00, 0x00, 0x50, 0x00, 0x05, 0x00, 0x1D, 0x00, 0x00, 0x00, 
0x62, 0x07, 0x00, 0x00, 0x5D, 0x07, 0x00, 0x00, 0x61, 0x07, 
0x00, 0x00, 0x3E, 0x00, 0x03, 0x00, 0x56, 0x07, 0x00, 0x00, 
0x62, 0x07, 0x00, 0x00, 0x3D, 0x00, 0x04, 0x00, 0x4F, 0x00, 
0x00, 0x00, 0x64, 0x07, 0x00, 0x00, 0x6E, 0x03, 0x00, 0x00, 
0xF7, 0x00, 0x03, 0x00, 0x67, 0x07, 0x00, 0x00, 0x00, 0x00, 
0x00, 0x00, 0xFA, 0x00, 0x04, 0x00, 0x64, 0x07, 0x00, 0x00, 
0x66, 0x07, 0x00, 0x00, 0x69, 0x07, 0x00, 0x00, 0xF8, 0x00, 
0x02, 0x00, 0x66, 0x07, 0x00, 0x00, 0x3E, 0x00, 0x03, 0x00, 
0x65, 0x07, 0x00, 0x00, 0x68, 0x07, 0x00, 0x00, 0xF9, 0x00, 
0x02, 0x00, 0x67, 0x07, 0x00, 0x00, 0xF8, 0x00, 0x02, 0x00, 
0x69, 0x07, 0x00, 0x00, 0x3D, 0x00, 0x04, 0x00, 0x06, 0x00, 
0x00, 0x00, 0x6B, 0x07, 0x00, 0x00, 0x56, 0x03, 0x00, 0x00, 
0x80, 0x00, 0x05, 0x00, 0x06, 0x00, 0x00, 0x00, 0x6D, 0x07, 
0x00, 0x00, 0x6B, 0x07, 0x00, 0x00, 0x6C, 0x07, 0x00, 0x00, 
0x3E, 0x00, 0x03, 0x00, 0x6E, 0x07, 0x00, 0x00, 0x6D, 0x07, 
0x00, 0x00, 0x39, 0x00, 0x05, 0x00, 0x0C, 0x00, 0x00, 0x00, 
0x6F, 0x07, 0x00, 0x00, 0x0F, 0x00, 0x00, 0x00, 0x6E, 0x07, 
0x00, 0x00, 0x85, 0x00, 0x05, 0x00, 0x0C, 0x00, 0x00, 0x00, 
0x70, 0x07, 0x00, 0x00, 0x6F, 0x07, 0x00, 0x00, 0xB4, 0x02, 
0x00, 0x00, 0x81, 0x00, 0x05, 0x00, 0x0C, 0x00, 0x00, 0x00, 
0x71, 0x07, 0x00, 0x00, 0x6A, 0x07, 0x00, 0x00, 0x70, 0x07, 
0x00, 0x00, 0x3E, 0x00, 0x03, 0x00, 0x65, 0x07, 0x00, 0x00, 
0x71, 0x07, 0x00, 0x00, 0xF9, 0x00, 0x02, 0x00, 0x67, 0x07, 
0x00, 0x00, 0xF8, 0x00, 0x02, 0x00, 0x67, 0x07, 0x00, 0x00, 
0x3D, 0x00, 0x04, 0x00, 0x0C, 0x00, 0x00, 0x00, 0x72, 0x07, 
0x00, 0x00, 0x65, 0x07, 0x00, 0x00, 0x3E, 0x00, 0x03, 0x00, 
0x63, 0x07, 0x00, 0x00, 0x72, 0x07, 0x00, 0x00, 0x41, 0x00, 
0x05, 0x00, 0x40, 0x03, 0x00, 0x00, 0x73, 0x07, 0x00, 0x00, 
0x3F, 0x07, 0x00, 0x00, 0xDA, 0x00, 0x00, 0x00, 0x3D, 0x00, 
0x04, 0x00, 0x0C, 0x00, 0x00, 0x00, 0x74, 0x07, 0x00, 0x00, 
0x73, 0x07, 0x00, 0x00, 0xBA, 0x00, 0x05, 0x00, 0x4F, 0x00, 
0x00, 0x00, 0x75, 0x07, 0x00, 0x00, 0x74, 0x07, 0x00, 0x00, 
0x1F, 0x02, 0x00, 0x00, 0xF7, 0x00, 0x03, 0x00, 0x77, 0x07, 
0x00, 0x00, 0x00, 0x00, 0x00, 0x00, 0xFA, 0x00, 0x04, 0x00, 
0x75, 0x07, 0x00, 0x00, 0x76, 0x07, 0x00, 0x00, 0x77, 0x07, 
0x00, 0x00, 0xF8, 0x00, 0x02, 0x00, 0x76, 0x07, 0x00, 0x00, 
0x3D, 0x00, 0x04, 0x00, 0x4F, 0x00, 0x00, 0x00, 0x78, 0x07, 
0x00, 0x00, 0x6E, 0x03, 0x00, 0x00, 0xA9, 0x00, 0x06, 0x00, 
0x0C, 0x00, 0x00, 0x00, 0x7B, 0x07, 0x00, 0x00, 0x78, 0x07, 
0x00, 0x00, 0x79, 0x07, 0x00, 0x00, 0x7A, 0x07, 0x00, 0x00, 
0x3D, 0x00, 0x04, 0x00, 0x0C, 0x00, 0x00, 0x00, 0x7C, 0x07, 
0x00, 0x00, 0x63, 0x07, 0x00, 0x00, 0x85, 0x00, 0x05, 0x00, 
0x0C, 0x00, 0x00, 0x00, 0x7D, 0x07, 0x00, 0x00, 0x7C, 0x07, 
0x00, 0x00, 0x7B, 0x07, 0x00, 0x00, 0x3E, 0x00, 0x03, 0x00, 
0x63, 0x07, 0x00, 0x00, 0x7D, 0x07, 0x00, 0x00, 0xF9, 0x00, 
0x02, 0x00, 0x77, 0x07, 0x00, 0x00, 0xF8, 0x00, 0x02, 0x00, 
0x77, 0x07, 0x00, 0x00, 0x41, 0x00, 0x05, 0x00, 0x84, 0x07, 
0x00, 0x00, 0x85, 0x07, 0x00, 0x00, 0x83, 0x07, 0x00, 0x00, 
0x4E, 0x00, 0x00, 0x00, 0x3D, 0x00, 0x04, 0x00, 0x80, 0x07, 
0x00, 0x00, 0x86, 0x07, 0x00, 0x00, 0x85, 0x07, 0x00, 0x00, 
0x3D, 0x00, 0x04, 0x00, 0x13, 0x00, 0x00, 0x00, 0x87, 0x07, 
0x00, 0x00, 0xE1, 0x06, 0x00, 0x00, 0x51, 0x00, 0x05, 0x00, 
0x0C, 0x00, 0x00, 0x00, 0x88, 0x07, 0x00, 0x00, 0x87, 0x07, 
0x00, 0x00, 0x00, 0x00, 0x00, 0x00, 0x51, 0x00, 0x05, 0x00, 
0x0C, 0x00, 0x00, 0x00, 0x89, 0x07, 0x00, 0x00, 0x87, 0x07, 
0x00, 0x00, 0x01, 0x00, 0x00, 0x00, 0x51, 0x00, 0x05, 0x00, 
0x0C, 0x00, 0x00, 0x00, 0x8A, 0x07, 0x00, 0x00, 0x87, 0x07, 
0x00, 0x00, 0x02, 0x00, 0x00, 0x00, 0x50, 0x00, 0x07, 0x00, 
0x39, 0x03, 0x00, 0x00, 0x8B, 0x07, 0x00, 0x00, 0x88, 0x07, 
0x00, 0x00, 0x89, 0x07, 0x00, 0x00, 0x8A, 0x07, 0x00, 0x00, 
0x55, 0x00, 0x00, 0x00, 0x91, 0x00, 0x05, 0x00, 0x39, 0x03, 
0x00, 0x00, 0x8C, 0x07, 0x00, 0x00, 0x86, 0x07, 0x00, 0x00, 
0x8B, 0x07, 0x00, 0x00, 0x3E, 0x00, 0x03, 0x00, 0x7F, 0x07, 
0x00, 0x00, 0x8C, 0x07, 0x00, 0x00, 0x41, 0x00, 0x05, 0x00, 
0x40, 0x03, 0x00, 0x00, 0x8D, 0x07, 0x00, 0x00, 0x3F, 0x07, 
0x00, 0x00, 0xDA, 0x00, 0x00, 0x00, 0x3D, 0x00, 0x04, 0x00, 
0x0C, 0x00, 0x00, 0x00, 0x8E, 0x07, 0x00, 0x00, 0x8D, 0x07, 
0x00, 0x00, 0xBA, 0x00, 0x05, 0x00, 0x4F, 0x00, 0x00, 0x00, 
0x8F, 0x07, 0x00, 0x00, 0x8E, 0x07, 0x00, 0x00, 0x1F, 0x02, 
0x00, 0x00, 0x3D, 0x00, 0x04, 0x00, 0x4F, 0x00, 0x00, 0x00, 
0x90, 0x07, 0x00, 0x00, 0x6E, 0x03, 0x00, 0x00, 0xA8, 0x00, 
0x04, 0x00, 0x4F, 0x00, 0x00, 0x00, 0x91, 0x07, 0x00, 0x00, 
0x90, 0x07, 0x00, 0x00, 0xA7, 0x00, 0x05, 0x00, 0x4F, 0x00, 
0x00, 0x00, 0x92, 0x07, 0x00, 0x00, 0x8F, 0x07, 0x00, 0x00, 
0x91, 0x07, 0x00, 0x00, 0xF7, 0x00, 0x03, 0x00, 0x94, 0x07, 
0x00, 0x00, 0x00, 0x00, 0x00, 0x00, 0xFA, 0x00, 0x04, 0x00, 
0x92, 0x07, 0x00, 0x00, 0x93, 0x07, 0x00, 0x00, 0x94, 0x07, 
0x00, 0x00, 0xF8, 0x00, 0x02, 0x00, 0x93, 0x07, 0x00, 0x00, 
0x3D, 0x00, 0x04, 0x00, 0x06, 0x00, 0x00, 0x00, 0x95, 0x07, 
0x00, 0x00, 0x56, 0x03, 0x00, 0x00, 0x80, 0x00, 0x05, 0x00, 
0x06, 0x00, 0x00, 0x00, 0x97, 0x07, 0x00, 0x00, 0x95, 0x07, 
0x00, 0x00, 0x96, 0x07, 0x00, 0x00, 0x3E, 0x00, 0x03, 0x00, 
0x98, 0x07, 0x00, 0x00, 0x97, 0x07, 0x00, 0x00, 0x39, 0x00, 
0x05, 0x00, 0x0C, 0x00, 0x00, 0x00, 0x99, 0x07, 0x00, 0x00, 
0x0F, 0x00, 0x00, 0x00, 0x98, 0x07, 0x00, 0x00, 0xBA, 0x00, 
0x05, 0x00, 0x4F, 0x00, 0x00, 0x00, 0x9B, 0x07, 0x00, 0x00, 
0x99, 0x07, 0x00, 0x00, 0x9A, 0x07, 0x00, 0x00, 0xF9, 0x00, 
0x02, 0x00, 0x94, 0x07, 0x00, 0x00, 0xF8, 0x00, 0x02, 0x00, 
0x94, 0x07, 0x00, 0x00, 0xF5, 0x00, 0x07, 0x00, 0x4F, 0x00, 
0x00, 0x00, 0x9C, 0x07, 0x00, 0x00, 0x92, 0x07, 0x00, 0x00, 
0x77, 0x07, 0x00, 0x00, 0x9B, 0x07, 0x00, 0x00, 0x93, 0x07, 
0x00, 0x00, 0xF7, 0x00, 0x03, 0x00, 0x9E, 0x07, 0x00, 0x00, 
0x00, 0x00, 0x00, 0x00, 0xFA, 0x00, 0x04, 0x00, 0x9C, 0x07, 
0x00, 0x00, 0x9D, 0x07, 0x00, 0x00, 0x9E, 0x07, 0x00, 0x00, 
0xF8, 0x00, 0x02, 0x00, 0x9D, 0x07, 0x00, 0x00, 0x41, 0x00, 
0x05, 0x00, 0xB7, 0x00, 0x00, 0x00, 0xA2, 0x07, 0x00, 0x00, 
0x7F, 0x07, 0x00, 0x00, 0xDA, 0x00, 0x00, 0x00, 0x3D, 0x00, 
0x04, 0x00, 0x0C, 0x00, 0x00, 0x00, 0xA3, 0x07, 0x00, 0x00, 
0xA2, 0x07, 0x00, 0x00, 0x0C, 0x00, 0x08, 0x00, 0x0C, 0x00, 
0x00, 0x00, 0xA4, 0x07, 0x00, 0x00, 0x01, 0x00, 0x00, 0x00, 
0x31, 0x00, 0x00, 0x00, 0xA0, 0x07, 0x00, 0x00, 0xA1, 0x07, 
0x00, 0x00, 0xA3, 0x07, 0x00, 0x00, 0x83, 0x00, 0x05, 0x00, 
0x0C, 0x00, 0x00, 0x00, 0xA5, 0x07, 0x00, 0x00, 0x55, 0x00, 
0x00, 0x00, 0xA4, 0x07, 0x00, 0x00, 0x85, 0x00, 0x05, 0x00, 
0x0C, 0x00, 0x00, 0x00, 0xA6, 0x07, 0x00, 0x00, 0x9F, 0x07, 
0x00, 0x00, 0xA5, 0x07, 0x00, 0x00, 0x81, 0x00, 0x05, 0x00, 
0x0C, 0x00, 0x00, 0x00, 0xA7, 0x07, 0x00, 0x00, 0x55, 0x00, 
0x00, 0x00, 0xA6, 0x07, 0x00, 0x00, 0x3D, 0x00, 0x04, 0x00, 
0x0C, 0x00, 0x00, 0x00, 0xA8, 0x07, 0x00, 0x00, 0x63, 0x07, 
0x00, 0x00, 0x85, 0x00, 0x05, 0x00, 0x0C, 0x00, 0x00, 0x00, 
0xA9, 0x07, 0x00, 0x00, 0xA8, 0x07, 0x00, 0x00, 0xA7, 0x07, 
0x00, 0x00, 0x3E, 0x00, 0x03, 0x00, 0x63, 0x07, 0x00, 0x00, 
0xA9, 0x07, 0x00, 0x00, 0xF9, 0x00, 0x02, 0x00, 0x9E, 0x07, 
0x00, 0x00, 0xF8, 0x00, 0x02, 0x00, 0x9E, 0x07, 0x00, 0x00, 
0x41, 0x00, 0x07, 0x00, 0xAB, 0x07, 0x00, 0x00, 0xAC, 0x07, 
0x00, 0x00, 0x83, 0x07, 0x00, 0x00, 0x4E, 0x00, 0x00, 0x00, 
0x4E, 0x00, 0x00, 0x00, 0xF2, 0x02, 0x00, 0x00, 0x3D, 0x00, 
0x04, 0x00, 0x0C, 0x00, 0x00, 0x00, 0xAD, 0x07, 0x00, 0x00, 
0xAC, 0x07, 0x00, 0x00, 0x41, 0x00, 0x07, 0x00, 0xAB, 0x07, 
0x00, 0x00, 0xAE, 0x07, 0x00, 0x00, 0x83, 0x07, 0x00, 0x00, 
0x4E, 0x00, 0x00, 0x00, 0x59, 0x00, 0x00, 0x00, 0xF2, 0x02, 
0x00, 0x00, 0x3D, 0x00, 0x04, 0x00, 0x0C, 0x00, 0x00, 0x00, 
0xAF, 0x07, 0x00, 0x00, 0xAE, 0x07, 0x00, 0x00, 0x41, 0x00, 
0x07, 0x00, 0xAB, 0x07, 0x00, 0x00, 0xB0, 0x07, 0x00, 0x00, 
0x83, 0x07, 0x00, 0x00, 0x4E, 0x00, 0x00, 0x00, 0x62, 0x00, 
0x00, 0x00, 0xF2, 0x02, 0x00, 0x00, 0x3D, 0x00, 0x04, 0x00, 
0x0C, 0x00, 0x00, 0x00, 0xB1, 0x07, 0x00, 0x00, 0xB0, 0x07, 
0x00, 0x00, 0x50, 0x00, 0x06, 0x00, 0x13, 0x00, 0x00, 0x00, 
0xB2, 0x07, 0x00, 0x00, 0xAD, 0x07, 0x00, 0x00, 0xAF, 0x07, 
0x00, 0x00, 0xB1, 0x07, 0x00, 0x00, 0x0C, 0x00, 0x06, 0x00, 
0x0C, 0x00, 0x00, 0x00, 0xB3, 0x07, 0x00, 0x00, 0x01, 0x00, 
0x00, 0x00, 0x42, 0x00, 0x00, 0x00, 0xB2, 0x07, 0x00, 0x00, 
0x41, 0x00, 0x07, 0x00, 0xAB, 0x07, 0x00, 0x00, 0xB4, 0x07, 
0x00, 0x00, 0x83, 0x07, 0x00, 0x00, 0x4E, 0x00, 0x00, 0x00, 
0x4E, 0x00, 0x00, 0x00, 0x39, 0x02, 0x00, 0x00, 0x3D, 0x00, 
0x04, 0x00, 0x0C, 0x00, 0x00, 0x00, 0xB5, 0x07, 0x00, 0x00, 
0xB4, 0x07, 0x00, 0x00, 0x41, 0x00, 0x07, 0x00, 0xAB, 0x07, 
0x00, 0x00, 0xB6, 0x07, 0x00, 0x00, 0x83, 0x07, 0x00, 0x00, 
0x4E, 0x00, 0x00, 0x00, 0x59, 0x00, 0x00, 0x00, 0x39, 0x02, 
0x00, 0x00, 0x3D, 0x00, 0x04, 0x00, 0x0C, 0x00, 0x00, 0x00, 
0xB7, 0x07, 0x00, 0x00, 0xB6, 0x07, 0x00, 0x00, 0x41, 0x00, 
0x07, 0x00, 0xAB, 0x07, 0x00, 0x00, 0xB8, 0x07, 0x00, 0x00, 
0x83, 0x07, 0x00, 0x00, 0x4E, 0x00, 0x00, 0x00, 0x62, 0x00, 
0x00, 0x00, 0x39, 0x02, 0x00, 0x00, 0x3D, 0x00, 0x04, 0x00, 
0x0C, 0x00, 0x00, 0x00, 0xB9, 0x07, 0x00, 0x00, 0xB8, 0x07, 
0x00, 0x00, 0x50, 0x00, 0x06, 0x00, 0x13, 0x00, 0x00, 0x00, 
0xBA, 0x07, 0x00, 0x00, 0xB5, 0x07, 0x00, 0x00, 0xB7, 0x07, 
0x00, 0x00, 0xB9, 0x07, 0x00, 0x00, 0x0C, 0x00, 0x06, 0x00, 
0x0C, 0x00, 0x00, 0x00, 0xBB, 0x07, 0x00, 0x00, 0x01, 0x00, 
0x00, 0x00, 0x42, 0x00, 0x00, 0x00, 0xBA, 0x07, 0x00, 0x00, 
0x50, 0x00, 0x05, 0x00, 0x1D, 0x00, 0x00, 0x00, 0xBC, 0x07, 
0x00, 0x00, 0xB3, 0x07, 0x00, 0x00, 0xBB, 0x07, 0x00, 0x00, 
0x3E, 0x00, 0x03, 0x00, 0xAA, 0x07, 0x00, 0x00, 0xBC, 0x07, 
0x00, 0x00, 0x3D, 0x00, 0x04, 0x00, 0x1D, 0x00, 0x00, 0x00, 
0xBD, 0x07, 0x00, 0x00, 0x56, 0x07, 0x00, 0x00, 0x3D, 0x00, 
0x04, 0x00, 0x0C, 0x00, 0x00, 0x00, 0xBE, 0x07, 0x00, 0x00, 
0x63, 0x07, 0x00, 0x00, 0x50, 0x00, 0x05, 0x00, 0x1D, 0x00, 
0x00, 0x00, 0xBF, 0x07, 0x00, 0x00, 0xBE, 0x07, 0x00, 0x00, 
0xBE, 0x07, 0x00, 0x00, 0x3D, 0x00, 0x04, 0x00, 0x1D, 0x00, 
0x00, 0x00, 0xC0, 0x07, 0x00, 0x00, 0xAA, 0x07, 0x00, 0x00, 
0x85, 0x00, 0x05, 0x00, 0x1D, 0x00, 0x00, 0x00, 0xC1, 0x07, 
0x00, 0x00, 0xBF, 0x07, 0x00, 0x00, 0xC0, 0x07, 0x00, 0x00, 
0x41, 0x00, 0x05, 0x00, 0xB7, 0x00, 0x00, 0x00, 0xC2, 0x07, 
0x00, 0x00, 0x7F, 0x07, 0x00, 0x00, 0xDA, 0x00, 0x00, 0x00, 
0x3D, 0x00, 0x04, 0x00, 0x0C, 0x00, 0x00, 0x00, 0xC3, 0x07, 
0x00, 0x00, 0xC2, 0x07, 0x00, 0x00, 0x3D, 0x00, 0x04, 0x00, 
0x4F, 0x00, 0x00, 0x00, 0xC4, 0x07, 0x00, 0x00, 0x6E, 0x03, 
0x00, 0x00, 0xA9, 0x00, 0x06, 0x00, 0x0C, 0x00, 0x00, 0x00, 
0xC7, 0x07, 0x00, 0x00, 0xC4, 0x07, 0x00, 0x00, 0xC5, 0x07, 
0x00, 0x00, 0xC6, 0x07, 0x00, 0x00, 0x85, 0x00, 0x05, 0x00, 
0x0C, 0x00, 0x00, 0x00, 0xC8, 0x07, 0x00, 0x00, 0xC3, 0x07, 
0x00, 0x00, 0xC7, 0x07, 0x00, 0x00, 0x50, 0x00, 0x05, 0x00, 
0x1D, 0x00, 0x00, 0x00, 0xC9, 0x07, 0x00, 0x00, 0xC8, 0x07, 
0x00, 0x00, 0xC8, 0x07, 0x00, 0x00, 0x0C, 0x00, 0x07, 0x00, 
0x1D, 0x00, 0x00, 0x00, 0xCA, 0x07, 0x00, 0x00, 0x01, 0x00, 
0x00, 0x00, 0x28, 0x00, 0x00, 0x00, 0xC1, 0x07, 0x00, 0x00, 
0xC9, 0x07, 0x00, 0x00, 0x85, 0x00, 0x05, 0x00, 0x1D, 0x00, 
0x00, 0x00, 0xCB, 0x07, 0x00, 0x00, 0xBD, 0x07, 0x00, 0x00, 
0xCA, 0x07, 0x00, 0x00, 0x3D, 0x00, 0x04, 0x00, 0x39, 0x03, 
0x00, 0x00, 0xCC, 0x07, 0x00, 0x00, 0x7F, 0x07, 0x00, 0x00, 
0x4F, 0x00, 0x07, 0x00, 0x1D, 0x00, 0x00, 0x00, 0xCD, 0x07, 
0x00, 0x00, 0xCC, 0x07, 0x00, 0x00, 0xCC, 0x07, 0x00, 0x00, 
0x00, 0x00, 0x00, 0x00, 0x01, 0x00, 0x00, 0x00, 0x81, 0x00, 
0x05, 0x00, 0x1D, 0x00, 0x00, 0x00, 0xCE, 0x07, 0x00, 0x00, 
0xCD, 0x07, 0x00, 0x00, 0xCB, 0x07, 0x00, 0x00, 0x41, 0x00, 
0x05, 0x00, 0xB7, 0x00, 0x00, 0x00, 0xCF, 0x07, 0x00, 0x00, 
0x7F, 0x07, 0x00, 0x00, 0xF2, 0x02, 0x00, 0x00, 0x51, 0x00, 
0x05, 0x00, 0x0C, 0x00, 0x00, 0x00, 0xD0, 0x07, 0x00, 0x00, 
0xCE, 0x07, 0x00, 0x00, 0x00, 0x00, 0x00, 0x00, 0x3E, 0x00, 
0x03, 0x00, 0xCF, 0x07, 0x00, 0x00, 0xD0, 0x07, 0x00, 0x00, 
0x41, 0x00, 0x05, 0x00, 0xB7, 0x00, 0x00, 0x00, 0xD1, 0x07, 
0x00, 0x00, 0x7F, 0x07, 0x00, 0x00, 0x39, 0x02, 0x00, 0x00, 
0x51, 0x00, 0x05, 0x00, 0x0C, 0x00, 0x00, 0x00, 0xD2, 0x07, 
0x00, 0x00, 0xCE, 0x07, 0x00, 0x00, 0x01, 0x00, 0x00, 0x00, 
0x3E, 0x00, 0x03, 0x00, 0xD1, 0x07, 0x00, 0x00, 0xD2, 0x07, 
0x00, 0x00, 0x3D, 0x00, 0x04, 0x00, 0x39, 0x03, 0x00, 0x00, 
0xD7, 0x07, 0x00, 0x00, 0x7F, 0x07, 0x00, 0x00, 0x41, 0x00, 
0x05, 0x00, 0x3A, 0x03, 0x00, 0x00, 0xD8, 0x07, 0x00, 0x00, 
0xD6, 0x07, 0x00, 0x00, 0x4E, 0x00, 0x00, 0x00, 0x3E, 0x00, 
0x03, 0x00, 0xD8, 0x07, 0x00, 0x00, 0xD7, 0x07, 0x00, 0x00, 
0x41, 0x00, 0x05, 0x00, 0xB7, 0x00, 0x00, 0x00, 0xDB, 0x07, 
0x00, 0x00, 0x7F, 0x07, 0x00, 0x00, 0xDA, 0x00, 0x00, 0x00, 
0x3D, 0x00, 0x04, 0x00, 0x0C, 0x00, 0x00, 0x00, 0xDC, 0x07, 
0x00, 0x00, 0xDB, 0x07, 0x00, 0x00, 0x3E, 0x00, 0x03, 0x00, 
0xDA, 0x07, 0x00, 0x00, 0xDC, 0x07, 0x00, 0x00, 0x3D, 0x00, 
0x04, 0x00, 0x39, 0x03, 0x00, 0x00, 0xDE, 0x07, 0x00, 0x00, 
0x5D, 0x03, 0x00, 0x00, 0x4F, 0x00, 0x07, 0x00, 0x1D, 0x00, 
0x00, 0x00, 0xDF, 0x07, 0x00, 0x00, 0xDE, 0x07, 0x00, 0x00, 
0xDE, 0x07, 0x00, 0x00, 0x00, 0x00, 0x00, 0x00, 0x01, 0x00, 
0x00, 0x00, 0x3D, 0x00, 0x04, 0x00, 0x1D, 0x00, 0x00, 0x00, 
0xE0, 0x07, 0x00, 0x00, 0x4B, 0x03, 0x00, 0x00, 0x3D, 0x00, 
0x04, 0x00, 0x39, 0x03, 0x00, 0x00, 0xE1, 0x07, 0x00, 0x00, 
0x5D, 0x03, 0x00, 0x00, 0x4F, 0x00, 0x07, 0x00, 0x1D, 0x00, 
0x00, 0x00, 0xE2, 0x07, 0x00, 0x00, 0xE1, 0x07, 0x00, 0x00, 
0xE1, 0x07, 0x00, 0x00, 0x02, 0x00, 0x00, 0x00, 0x03, 0x00, 
0x00, 0x00, 0x85, 0x00, 0x05, 0x00, 0x1D, 0x00, 0x00, 0x00, 
0xE3, 0x07, 0x00, 0x00, 0xE0, 0x07, 0x00, 0x00, 0xE2, 0x07, 
0x00, 0x00, 0x81, 0x00, 0x05, 0x00, 0x1D, 0x00, 0x00, 0x00, 
0xE4, 0x07, 0x00, 0x00, 0xDF, 0x07, 0x00, 0x00, 0xE3, 0x07, 
0x00, 0x00, 0x3D, 0x00, 0x04, 0x00, 0x1D, 0x00, 0x00, 0x00, 
0xE5, 0x07, 0x00, 0x00, 0x4B, 0x03, 0x00, 0x00, 0x4F, 0x00, 
0x07, 0x00, 0x1D, 0x00, 0x00, 0x00, 0xE6, 0x07, 0x00, 0x00, 
0xE5, 0x07, 0x00, 0x00, 0xE5, 0x07, 0x00, 0x00, 0x01, 0x00, 
0x00, 0x00, 0x00, 0x00, 0x00, 0x00, 0x3D, 0x00, 0x04, 0x00, 
0x39, 0x03, 0x00, 0x00, 0xE8, 0x07, 0x00, 0x00, 0xE7, 0x07, 
0x00, 0x00, 0x4F, 0x00, 0x07, 0x00, 0x1D, 0x00, 0x00, 0x00, 
0xE9, 0x07, 0x00, 0x00, 0xE8, 0x07, 0x00, 0x00, 0xE8, 0x07, 
0x00, 0x00, 0x00, 0x00, 0x00, 0x00, 0x01, 0x00, 0x00, 0x00, 
0x85, 0x00, 0x05, 0x00, 0x1D, 0x00, 0x00, 0x00, 0xEA, 0x07, 
0x00, 0x00, 0xE6, 0x07, 0x00, 0x00, 0xE9, 0x07, 0x00, 0x00, 
0x81, 0x00, 0x05, 0x00, 0x1D, 0x00, 0x00, 0x00, 0xEB, 0x07, 
0x00, 0x00, 0xE4, 0x07, 0x00, 0x00, 0xEA, 0x07, 0x00, 0x00, 
0x3D, 0x00, 0x04, 0x00, 0x39, 0x03, 0x00, 0x00, 0xED, 0x07, 
0x00, 0x00, 0xEC, 0x07, 0x00, 0x00, 0x4F, 0x00, 0x07, 0x00, 
0x1D, 0x00, 0x00, 0x00, 0xEE, 0x07, 0x00, 0x00, 0xED, 0x07, 
0x00, 0x00, 0xED, 0x07, 0x00, 0x00, 0x00, 0x00, 0x00, 0x00, 
0x01, 0x00, 0x00, 0x00, 0x3D, 0x00, 0x04, 0x00, 0x1D, 0x00, 
0x00, 0x00, 0xEF, 0x07, 0x00, 0x00, 0x4B, 0x03, 0x00, 0x00, 
0x3D, 0x00, 0x04, 0x00, 0x39, 0x03, 0x00, 0x00, 0xF0, 0x07, 
0x00, 0x00, 0xEC, 0x07, 0x00, 0x00, 0x4F, 0x00, 0x07, 0x00, 
0x1D, 0x00, 0x00, 0x00, 0xF1, 0x07, 0x00, 0x00, 0xF0, 0x07, 
0x00, 0x00, 0xF0, 0x07, 0x00, 0x00, 0x02, 0x00, 0x00, 0x00, 
0x03, 0x00, 0x00, 0x00, 0x85, 0x00, 0x05, 0x00, 0x1D, 0x00, 
0x00, 0x00, 0xF2, 0x07, 0x00, 0x00, 0xEF, 0x07, 0x00, 0x00, 
0xF1, 0x07, 0x00, 0x00, 0x81, 0x00, 0x05, 0x00, 0x1D, 0x00, 
0x00, 0x00, 0xF3, 0x07, 0x00, 0x00, 0xEE, 0x07, 0x00, 0x00, 
0xF2, 0x07, 0x00, 0x00, 0x51, 0x00, 0x05, 0x00, 0x0C, 0x00, 
0x00, 0x00, 0xF4, 0x07, 0x00, 0x00, 0xEB, 0x07, 0x00, 0x00, 
0x00, 0x00, 0x00, 0x00, 0x51, 0x00, 0x05, 0x00, 0x0C, 0x00, 
0x00, 0x00, 0xF5, 0x07, 0x00, 0x00, 0xEB, 0x07, 0x00, 0x00, 
0x01, 0x00, 0x00, 0x00, 0x51, 0x00, 0x05, 0x00, 0x0C, 0x00, 
0x00, 0x00, 0xF6, 0x07, 0x00, 0x00, 0xF3, 0x07, 0x00, 0x00, 
0x00, 0x00, 0x00, 0x00, 0x51, 0x00, 0x05, 0x00, 0x0C, 0x00, 
0x00, 0x00, 0xF7, 0x07, 0x00, 0x00, 0xF3, 0x07, 0x00, 0x00, 
0x01, 0x00, 0x00, 0x00, 0x50, 0x00, 0x07, 0x00, 0x39, 0x03, 
0x00, 0x00, 0xF8, 0x07, 0x00, 0x00, 0xF4, 0x07, 0x00, 0x00, 
0xF5, 0x07, 0x00, 0x00, 0xF6, 0x07, 0x00, 0x00, 0xF7, 0x07, 
0x00, 0x00, 0x3E, 0x00, 0x03, 0x00, 0xDD, 0x07, 0x00, 0x00, 
0xF8, 0x07, 0x00, 0x00, 0x3D, 0x00, 0x04, 0x00, 0x1D, 0x00, 
0x00, 0x00, 0xFB, 0x07, 0x00, 0x00, 0x56, 0x07, 0x00, 0x00, 
0x3E, 0x00, 0x03, 0x00, 0xFA, 0x07, 0x00, 0x00, 0xFB, 0x07, 
0x00, 0x00, 0x3E, 0x00, 0x03, 0x00, 0xFD, 0x07, 0x00, 0x00, 
0xFE, 0x07, 0x00, 0x00, 0x3D, 0x00, 0x04, 0x00, 0x39, 0x03, 
0x00, 0x00, 0x00, 0x08, 0x00, 0x00, 0xE7, 0x07, 0x00, 0x00, 
0x4F, 0x00, 0x07, 0x00, 0x1D, 0x00, 0x00, 0x00, 0x01, 0x08, 
0x00, 0x00, 0x00, 0x08, 0x00, 0x00, 0x00, 0x08, 0x00, 0x00, 
0x02, 0x00, 0x00, 0x00, 0x03, 0x00, 0x00, 0x00, 0x3E, 0x00, 
0x03, 0x00, 0xFF, 0x07, 0x00, 0x00, 0x01, 0x08, 0x00, 0x00, 
0x3D, 0x00, 0x04, 0x00, 0x1D, 0x00, 0x00, 0x00, 0x03, 0x08, 
0x00, 0x00, 0x4B, 0x03, 0x00, 0x00, 0x8E, 0x00, 0x05, 0x00, 
0x1D, 0x00, 0x00, 0x00, 0x05, 0x08, 0x00, 0x00, 0x03, 0x08, 
0x00, 0x00, 0x04, 0x08, 0x00, 0x00, 0x41, 0x00, 0x05, 0x00, 
0x40, 0x03, 0x00, 0x00, 0x06, 0x08, 0x00, 0x00, 0xEB, 0x06, 
0x00, 0x00, 0xDA, 0x00, 0x00, 0x00, 0x3D, 0x00, 0x04, 0x00, 
0x0C, 0x00, 0x00, 0x00, 0x07, 0x08, 0x00, 0x00, 0x06, 0x08, 
0x00, 0x00, 0x3D, 0x00, 0x04, 0x00, 0x06, 0x00, 0x00, 0x00, 
0x09, 0x08, 0x00, 0x00, 0x56, 0x03, 0x00, 0x00, 0x3E, 0x00, 
0x03, 0x00, 0x08, 0x08, 0x00, 0x00, 0x09, 0x08, 0x00, 0x00, 
0x39, 0x00, 0x05, 0x00, 0x0C, 0x00, 0x00, 0x00, 0x0A, 0x08, 
0x00, 0x00, 0x0F, 0x00, 0x00, 0x00, 0x08, 0x08, 0x00, 0x00, 
0x51, 0x00, 0x05, 0x00, 0x0C, 0x00, 0x00, 0x00, 0x0B, 0x08, 
0x00, 0x00, 0x05, 0x08, 0x00, 0x00, 0x00, 0x00, 0x00, 0x00, 
0x51, 0x00, 0x05, 0x00, 0x0C, 0x00, 0x00, 0x00, 0x0C, 0x08, 
0x00, 0x00, 0x05, 0x08, 0x00, 0x00, 0x01, 0x00, 0x00, 0x00, 
0x50, 0x00, 0x07, 0x00, 0x39, 0x03, 0x00, 0x00, 0x0D, 0x08, 
0x00, 0x00, 0x0B, 0x08, 0x00, 0x00, 0x0C, 0x08, 0x00, 0x00, 
0x07, 0x08, 0x00, 0x00, 0x0A, 0x08, 0x00, 0x00, 0x3E, 0x00, 
0x03, 0x00, 0x02, 0x08, 0x00, 0x00, 0x0D, 0x08, 0x00, 0x00, 
0x3D, 0x00, 0x04, 0x00, 0x13, 0x00, 0x00, 0x00, 0x0F, 0x08, 
0x00, 0x00, 0xDD, 0x06, 0x00, 0x00, 0x3D, 0x00, 0x04, 0x00, 
0x4F, 0x00, 0x00, 0x00, 0x10, 0x08, 0x00, 0x00, 0x6E, 0x03, 
0x00, 0x00, 0xA9, 0x00, 0x06, 0x00, 0x11, 0x00, 0x00, 0x00, 
0x11, 0x08, 0x00, 0x00, 0x10, 0x08, 0x00, 0x00, 0xC1, 0x01, 
0x00, 0x00, 0x69, 0x03, 0x00, 0x00, 0x3D, 0x00, 0x04, 0x00, 
0x4F, 0x00, 0x00, 0x00, 0x12, 0x08, 0x00, 0x00, 0x75, 0x03, 
0x00, 0x00, 0xA9, 0x00, 0x06, 0x00, 0x11, 0x00, 0x00, 0x00, 
0x14, 0x08, 0x00, 0x00, 0x12, 0x08, 0x00, 0x00, 0x13, 0x08, 
0x00, 0x00, 0x4E, 0x00, 0x00, 0x00, 0x80, 0x00, 0x05, 0x00, 
0x11, 0x00, 0x00, 0x00, 0x15, 0x08, 0x00, 0x00, 0x11, 0x08, 
0x00, 0x00, 0x14, 0x08, 0x00, 0x00, 0x6F, 0x00, 0x04, 0x00, 
0x0C, 0x00, 0x00, 0x00, 0x16, 0x08, 0x00, 0x00, 0x15, 0x08, 
0x00, 0x00, 0x51, 0x00, 0x05, 0x00, 0x0C, 0x00, 0x00, 0x00, 
0x17, 0x08, 0x00, 0x00, 0x0F, 0x08, 0x00, 0x00, 0x00, 0x00, 
0x00, 0x00, 0x51, 0x00, 0x05, 0x00, 0x0C, 0x00, 0x00, 0x00, 
0x18, 0x08, 0x00, 0x00, 0x0F, 0x08, 0x00, 0x00, 0x01, 0x00, 
0x00, 0x00, 0x51, 0x00, 0x05, 0x00, 0x0C, 0x00, 0x00, 0x00, 
0x19, 0x08, 0x00, 0x00, 0x0F, 0x08, 0x00, 0x00, 0x02, 0x00, 
0x00, 0x00, 0x50, 0x00, 0x07, 0x00, 0x39, 0x03, 0x00, 0x00, 
0x1A, 0x08, 0x00, 0x00, 0x17, 0x08, 0x00, 0x00, 0x18, 0x08, 
0x00, 0x00, 0x19, 0x08, 0x00, 0x00, 0x16, 0x08, 0x00, 0x00, 
0x3E, 0x00, 0x03, 0x00, 0x0E, 0x08, 0x00, 0x00, 0x1A, 0x08, 
0x00, 0x00, 0x3D, 0x00, 0x04, 0x00, 0x4F, 0x00, 0x00, 0x00, 
0x1B, 0x08, 0x00, 0x00, 0x6E, 0x03, 0x00, 0x00, 0xA8, 0x00, 
0x04, 0x00, 0x4F, 0x00, 0x00, 0x00, 0x1C, 0x08, 0x00, 0x00, 
0x1B, 0x08, 0x00, 0x00, 0xF7, 0x00, 0x03, 0x00, 0x1E, 0x08, 
0x00, 0x00, 0x00, 0x00, 0x00, 0x00, 0xFA, 0x00, 0x04, 0x00, 
0x1C, 0x08, 0x00, 0x00, 0x1D, 0x08, 0x00, 0x00, 0x1E, 0x08, 
0x00, 0x00, 0xF8, 0x00, 0x02, 0x00, 0x1D, 0x08, 0x00, 0x00, 
0x3D, 0x00, 0x04, 0x00, 0x06, 0x00, 0x00, 0x00, 0x1F, 0x08, 
0x00, 0x00, 0x56, 0x03, 0x00, 0x00, 0x80, 0x00, 0x05, 0x00, 
0x06, 0x00, 0x00, 0x00, 0x21, 0x08, 0x00, 0x00, 0x1F, 0x08, 
0x00, 0x00, 0x20, 0x08, 0x00, 0x00, 0x3E, 0x00, 0x03, 0x00, 
0x22, 0x08, 0x00, 0x00, 0x21, 0x08, 0x00, 0x00, 0x39, 0x00, 
0x05, 0x00, 0x0C, 0x00, 0x00, 0x00, 0x23, 0x08, 0x00, 0x00, 
0x0F, 0x00, 0x00, 0x00, 0x22, 0x08, 0x00, 0x00, 0x3D, 0x00, 
0x04, 0x00, 0x4F, 0x00, 0x00, 0x00, 0x24, 0x08, 0x00, 0x00, 
0x75, 0x03, 0x00, 0x00, 0xA9, 0x00, 0x06, 0x00, 0x0C, 0x00, 
0x00, 0x00, 0x26, 0x08, 0x00, 0x00, 0x24, 0x08, 0x00, 0x00, 
0xFD, 0x00, 0x00, 0x00, 0x25, 0x08, 0x00, 0x00, 0xBA, 0x00, 
0x05, 0x00, 0x4F, 0x00, 0x00, 0x00, 0x27, 0x08, 0x00, 0x00, 
0x23, 0x08, 0x00, 0x00, 0x26, 0x08, 0x00, 0x00, 0xF9, 0x00, 
0x02, 0x00, 0x1E, 0x08, 0x00, 0x00, 0xF8, 0x00, 0x02, 0x00, 
0x1E, 0x08, 0x00, 0x00, 0xF5, 0x00, 0x07, 0x00, 0x4F, 0x00, 
0x00, 0x00, 0x28, 0x08, 0x00, 0x00, 0x1C, 0x08, 0x00, 0x00, 
0x9E, 0x07, 0x00, 0x00, 0x27, 0x08, 0x00, 0x00, 0x1D, 0x08, 
0x00, 0x00, 0xF7, 0x00, 0x03, 0x00, 0x2A, 0x08, 0x00, 0x00, 
0x00, 0x00, 0x00, 0x00, 0xFA, 0x00, 0x04, 0x00, 0x28, 0x08, 
0x00, 0x00, 0x29, 0x08, 0x00, 0x00, 0x2A, 0x08, 0x00, 0x00, 
0xF8, 0x00, 0x02, 0x00, 0x29, 0x08, 0x00, 0x00, 0x41, 0x00, 
0x05, 0x00, 0x3A, 0x03, 0x00, 0x00, 0x2C, 0x08, 0x00, 0x00, 
0xD6, 0x07, 0x00, 0x00, 0x4E, 0x00, 0x00, 0x00, 0x3E, 0x00, 
0x03, 0x00, 0x2C, 0x08, 0x00, 0x00, 0x2B, 0x08, 0x00, 0x00, 
0xF9, 0x00, 0x02, 0x00, 0x2A, 0x08, 0x00, 0x00, 0xF8, 0x00, 
0x02, 0x00, 0x2A, 0x08, 0x00, 0x00, 0xFD, 0x00, 0x01, 0x00, 
0xF8, 0x00, 0x02, 0x00, 0x6C, 0x03, 0x00, 0x00, 0x3D, 0x00, 
0x04, 0x00, 0x11, 0x00, 0x00, 0x00, 0x2F, 0x08, 0x00, 0x00, 
0x3D, 0x03, 0x00, 0x00, 0x3E, 0x00, 0x03, 0x00, 0x2E, 0x08, 
0x00, 0x00, 0x2F, 0x08, 0x00, 0x00, 0x3D, 0x00, 0x04, 0x00, 
0x11, 0x00, 0x00, 0x00, 0x30, 0x08, 0x00, 0x00, 0x3D, 0x03, 
0x00, 0x00, 0xAA, 0x00, 0x05, 0x00, 0x4F, 0x00, 0x00, 0x00, 
0x31, 0x08, 0x00, 0x00, 0x30, 0x08, 0x00, 0x00, 0x13, 0x08, 
0x00, 0x00, 0xF7, 0x00, 0x03, 0x00, 0x33, 0x08, 0x00, 0x00, 
0x00, 0x00, 0x00, 0x00, 0xFA, 0x00, 0x04, 0x00, 0x31, 0x08, 
0x00, 0x00, 0x32, 0x08, 0x00, 0x00, 0x33, 0x08, 0x00, 0x00, 
0xF8, 0x00, 0x02, 0x00, 0x32, 0x08, 0x00, 0x00, 0x3E, 0x00, 
0x03, 0x00, 0x37, 0x08, 0x00, 0x00, 0x38, 0x08, 0x00, 0x00, 
0x3D, 0x00, 0x04, 0x00, 0x06, 0x00, 0x00, 0x00, 0x3A, 0x08, 
0x00, 0x00, 0x56, 0x03, 0x00, 0x00, 0x3E, 0x00, 0x03, 0x00, 
0x39, 0x08, 0x00, 0x00, 0x3A, 0x08, 0x00, 0x00, 0x39, 0x00, 
0x05, 0x00, 0x0C, 0x00, 0x00, 0x00, 0x3B, 0x08, 0x00, 0x00, 
0x0F, 0x00, 0x00, 0x00, 0x39, 0x08, 0x00, 0x00, 0x85, 0x00, 
0x05, 0x00, 0x0C, 0x00, 0x00, 0x00, 0x3C, 0x08, 0x00, 0x00, 
0x3B, 0x08, 0x00, 0x00, 0x67, 0x00, 0x00, 0x00, 0x6E, 0x00, 
0x04, 0x00, 0x11, 0x00, 0x00, 0x00, 0x3D, 0x08, 0x00, 0x00, 
0x3C, 0x08, 0x00, 0x00, 0x41, 0x00, 0x05, 0x00, 0x12, 0x00, 
0x00, 0x00, 0x3E, 0x08, 0x00, 0x00, 0x37, 0x08, 0x00, 0x00, 
0x3D, 0x08, 0x00, 0x00, 0x3D, 0x00, 0x04, 0x00, 0x11, 0x00, 
0x00, 0x00, 0x3F, 0x08, 0x00, 0x00, 0x3E, 0x08, 0x00, 0x00, 
0x3E, 0x00, 0x03, 0x00, 0x2E, 0x08, 0x00, 0x00, 0x3F, 0x08, 
0x00, 0x00, 0xF9, 0x00, 0x02, 0x00, 0x33, 0x08, 0x00, 0x00, 
0xF8, 0x00, 0x02, 0x00, 0x33, 0x08, 0x00, 0x00, 0x3D, 0x00, 
0x04, 0x00, 0x11, 0x00, 0x00, 0x00, 0x44, 0x08, 0x00, 0x00, 
0x2E, 0x08, 0x00, 0x00, 0x3E, 0x00, 0x03, 0x00, 0x43, 0x08, 
0x00, 0x00, 0x44, 0x08, 0x00, 0x00, 0x3D, 0x00, 0x04, 0x00, 
0x11, 0x00, 0x00, 0x00, 0x46, 0x08, 0x00, 0x00, 0x51, 0x07, 
0x00, 0x00, 0x3E, 0x00, 0x03, 0x00, 0x45, 0x08, 0x00, 0x00, 
0x46, 0x08, 0x00, 0x00, 0x3D, 0x00, 0x04, 0x00, 0x06, 0x00, 
0x00, 0x00, 0x48, 0x08, 0x00, 0x00, 0x56, 0x03, 0x00, 0x00, 
0x3E, 0x00, 0x03, 0x00, 0x47, 0x08, 0x00, 0x00, 0x48, 0x08, 
0x00, 0x00, 0x39, 0x00, 0x0A, 0x00, 0x02, 0x00, 0x00, 0x00, 
0x4C, 0x08, 0x00, 0x00, 0x26, 0x00, 0x00, 0x00, 0x43, 0x08, 
0x00, 0x00, 0x45, 0x08, 0x00, 0x00, 0x47, 0x08, 0x00, 0x00, 
0x49, 0x08, 0x00, 0x00, 0x4A, 0x08, 0x00, 0x00, 0x4B, 0x08, 
0x00, 0x00, 0x3D, 0x00, 0x04, 0x00, 0x13, 0x00, 0x00, 0x00, 
0x4D, 0x08, 0x00, 0x00, 0x49, 0x08, 0x00, 0x00, 0x3E, 0x00, 
0x03, 0x00, 0x40, 0x08, 0x00, 0x00, 0x4D, 0x08, 0x00, 0x00, 
0x3D, 0x00, 0x04, 0x00, 0x13, 0x00, 0x00, 0x00, 0x4E, 0x08, 
0x00, 0x00, 0x4A, 0x08, 0x00, 0x00, 0x3E, 0x00, 0x03, 0x00, 
0x41, 0x08, 0x00, 0x00, 0x4E, 0x08, 0x00, 0x00, 0x3D, 0x00, 
0x04, 0x00, 0x1D, 0x00, 0x00, 0x00, 0x4F, 0x08, 0x00, 0x00, 
0x4B, 0x08, 0x00, 0x00, 0x3E, 0x00, 0x03, 0x00, 0x42, 0x08, 
0x00, 0x00, 0x4F, 0x08, 0x00, 0x00, 0x3D, 0x00, 0x04, 0x00, 
0x39, 0x03, 0x00, 0x00, 0x51, 0x08, 0x00, 0x00, 0x3F, 0x03, 
0x00, 0x00, 0x4F, 0x00, 0x08, 0x00, 0x13, 0x00, 0x00, 0x00, 
0x52, 0x08, 0x00, 0x00, 0x51, 0x08, 0x00, 0x00, 0x51, 0x08, 
0x00, 0x00, 0x00, 0x00, 0x00, 0x00, 0x01, 0x00, 0x00, 0x00, 
0x02, 0x00, 0x00, 0x00, 0x0C, 0x00, 0x06, 0x00, 0x13, 0x00, 
0x00, 0x00, 0x53, 0x08, 0x00, 0x00, 0x01, 0x00, 0x00, 0x00, 
0x45, 0x00, 0x00, 0x00, 0x52, 0x08, 0x00, 0x00, 0x3E, 0x00, 
0x03, 0x00, 0x50, 0x08, 0x00, 0x00, 0x53, 0x08, 0x00, 0x00, 
0x3D, 0x00, 0x04, 0x00, 0x39, 0x03, 0x00, 0x00, 0x55, 0x08, 
0x00, 0x00, 0xE4, 0x06, 0x00, 0x00, 0x4F, 0x00, 0x08, 0x00, 
0x13, 0x00, 0x00, 0x00, 0x56, 0x08, 0x00, 0x00, 0x55, 0x08, 
0x00, 0x00, 0x55, 0x08, 0x00, 0x00, 0x00, 0x00, 0x00, 0x00, 
0x01, 0x00, 0x00, 0x00, 0x02, 0x00, 0x00, 0x00, 0x0C, 0x00, 
0x06, 0x00, 0x13, 0x00, 0x00, 0x00, 0x57, 0x08, 0x00, 0x00, 
0x01, 0x00, 0x00, 0x00, 0x45, 0x00, 0x00, 0x00, 0x56, 0x08, 
0x00, 0x00, 0x3E, 0x00, 0x03, 0x00, 0x54, 0x08, 0x00, 0x00, 
0x57, 0x08, 0x00, 0x00, 0x3D, 0x00, 0x04, 0x00, 0x13, 0x00, 
0x00, 0x00, 0x59, 0x08, 0x00, 0x00, 0x50, 0x08, 0x00, 0x00, 
0x3D, 0x00, 0x04, 0x00, 0x13, 0x00, 0x00, 0x00, 0x5A, 0x08, 
0x00, 0x00, 0x54, 0x08, 0x00, 0x00, 0x0C, 0x00, 0x07, 0x00, 
0x13, 0x00, 0x00, 0x00, 0x5B, 0x08, 0x00, 0x00, 0x01, 0x00, 
0x00, 0x00, 0x44, 0x00, 0x00, 0x00, 0x59, 0x08, 0x00, 0x00, 
0x5A, 0x08, 0x00, 0x00, 0x0C, 0x00, 0x06, 0x00, 0x13, 0x00, 
0x00, 0x00, 0x5C, 0x08, 0x00, 0x00, 0x01, 0x00, 0x00, 0x00, 
0x45, 0x00, 0x00, 0x00, 0x5B, 0x08, 0x00, 0x00, 0x3E, 0x00, 
0x03, 0x00, 0x58, 0x08, 0x00, 0x00, 0x5C, 0x08, 0x00, 0x00, 
0x3D, 0x00, 0x04, 0x00, 0x13, 0x00, 0x00, 0x00, 0x5F, 0x08, 
0x00, 0x00, 0x54, 0x08, 0x00, 0x00, 0x3D, 0x00, 0x04, 0x00, 
0x13, 0x00, 0x00, 0x00, 0x60, 0x08, 0x00, 0x00, 0x58, 0x08, 
0x00, 0x00, 0x3D, 0x00, 0x04, 0x00, 0x13, 0x00, 0x00, 0x00, 
0x61, 0x08, 0x00, 0x00, 0x50, 0x08, 0x00, 0x00, 0x51, 0x00, 
0x05, 0x00, 0x0C, 0x00, 0x00, 0x00, 0x62, 0x08, 0x00, 0x00, 
0x5F, 0x08, 0x00, 0x00, 0x00, 0x00, 0x00, 0x00, 0x51, 0x00, 
0x05, 0x00, 0x0C, 0x00, 0x00, 0x00, 0x63, 0x08, 0x00, 0x00, 
0x5F, 0x08, 0x00, 0x00, 0x01, 0x00, 0x00, 0x00, 0x51, 0x00, 
0x05, 0x00, 0x0C, 0x00, 0x00, 0x00, 0x64, 0x08, 0x00, 0x00, 
0x5F, 0x08, 0x00, 0x00, 0x02, 0x00, 0x00, 0x00, 0x51, 0x00, 
0x05, 0x00, 0x0C, 0x00, 0x00, 0x00, 0x65, 0x08, 0x00, 0x00, 
0x60, 0x08, 0x00, 0x00, 0x00, 0x00, 0x00, 0x00, 0x51, 0x00, 
0x05, 0x00, 0x0C, 0x00, 0x00, 0x00, 0x66, 0x08, 0x00, 0x00, 
0x60, 0x08, 0x00, 0x00, 0x01, 0x00, 0x00, 0x00, 0x51, 0x00, 
0x05, 0x00, 0x0C, 0x00, 0x00, 0x00, 0x67, 0x08, 0x00, 0x00, 
0x60, 0x08, 0x00, 0x00, 0x02, 0x00, 0x00, 0x00, 0x51, 0x00, 
0x05, 0x00, 0x0C, 0x00, 0x00, 0x00, 0x68, 0x08, 0x00, 0x00, 
0x61, 0x08, 0x00, 0x00, 0x00, 0x00, 0x00, 0x00, 0x51, 0x00, 
0x05, 0x00, 0x0C, 0x00, 0x00, 0x00, 0x69, 0x08, 0x00, 0x00, 
0x61, 0x08, 0x00, 0x00, 0x01, 0x00, 0x00, 0x00, 0x51, 0x00, 
0x05, 0x00, 0x0C, 0x00, 0x00, 0x00, 0x6A, 0x08, 0x00, 0x00, 
0x61, 0x08, 0x00, 0x00, 0x02, 0x00, 0x00, 0x00, 0x50, 0x00, 
0x06, 0x00, 0x13, 0x00, 0x00, 0x00, 0x6B, 0x08, 0x00, 0x00, 
0x62, 0x08, 0x00, 0x00, 0x63, 0x08, 0x00, 0x00, 0x64, 0x08, 
0x00, 0x00, 0x50, 0x00, 0x06, 0x00, 0x13, 0x00, 0x00, 0x00, 
0x6C, 0x08, 0x00, 0x00, 0x65, 0x08, 0x00, 0x00, 0x66, 0x08, 
0x00, 0x00, 0x67, 0x08, 0x00, 0x00, 0x50, 0x00, 0x06, 0x00, 
0x13, 0x00, 0x00, 0x00, 0x6D, 0x08, 0x00, 0x00, 0x68, 0x08, 
0x00, 0x00, 0x69, 0x08, 0x00, 0x00, 0x6A, 0x08, 0x00, 0x00, 
0x50, 0x00, 0x06, 0x00, 0x28, 0x00, 0x00, 0x00, 0x6E, 0x08, 
0x00, 0x00, 0x6B, 0x08, 0x00, 0x00, 0x6C, 0x08, 0x00, 0x00, 
0x6D, 0x08, 0x00, 0x00, 0x3E, 0x00, 0x03, 0x00, 0x5E, 0x08, 
0x00, 0x00, 0x6E, 0x08, 0x00, 0x00, 0x3D, 0x00, 0x04, 0x00, 
0x06, 0x00, 0x00, 0x00, 0x71, 0x08, 0x00, 0x00, 0x56, 0x03, 
0x00, 0x00, 0x3E, 0x00, 0x03, 0x00, 0x70, 0x08, 0x00, 0x00, 
0x71, 0x08, 0x00, 0x00, 0x39, 0x00, 0x05, 0x00, 0x28, 0x00, 
0x00, 0x00, 0x72, 0x08, 0x00, 0x00, 0x2B, 0x00, 0x00, 0x00, 
0x70, 0x08, 0x00, 0x00, 0x3E, 0x00, 0x03, 0x00, 0x6F, 0x08, 
0x00, 0x00, 0x72, 0x08, 0x00, 0x00, 0x3D, 0x00, 0x04, 0x00, 
0x11, 0x00, 0x00, 0x00, 0x73, 0x08, 0x00, 0x00, 0x2E, 0x08, 
0x00, 0x00, 0xAA, 0x00, 0x05, 0x00, 0x4F, 0x00, 0x00, 0x00, 
0x74, 0x08, 0x00, 0x00, 0x73, 0x08, 0x00, 0x00, 0x59, 0x00, 
0x00, 0x00, 0x3D, 0x00, 0x04, 0x00, 0x11, 0x00, 0x00, 0x00, 
0x75, 0x08, 0x00, 0x00, 0x2E, 0x08, 0x00, 0x00, 0xAA, 0x00, 
0x05, 0x00, 0x4F, 0x00, 0x00, 0x00, 0x76, 0x08, 0x00, 0x00, 
0x75, 0x08, 0x00, 0x00, 0x90, 0x00, 0x00, 0x00, 0xA6, 0x00, 
0x05, 0x00, 0x4F, 0x00, 0x00, 0x00, 0x77, 0x08, 0x00, 0x00, 
0x74, 0x08, 0x00, 0x00, 0x76, 0x08, 0x00, 0x00, 0x3D, 0x00, 
0x04, 0x00, 0x11, 0x00, 0x00, 0x00, 0x78, 0x08, 0x00, 0x00, 
0x2E, 0x08, 0x00, 0x00, 0xAA, 0x00, 0x05, 0x00, 0x4F, 0x00, 
0x00, 0x00, 0x79, 0x08, 0x00, 0x00, 0x78, 0x08, 0x00, 0x00, 
0x98, 0x00, 0x00, 0x00, 0xA6, 0x00, 0x05, 0x00, 0x4F, 0x00, 
0x00, 0x00, 0x7A, 0x08, 0x00, 0x00, 0x77, 0x08, 0x00, 0x00, 
0x79, 0x08, 0x00, 0x00, 0xF7, 0x00, 0x03, 0x00, 0x7C, 0x08, 
0x00, 0x00, 0x00, 0x00, 0x00, 0x00, 0xFA, 0x00, 0x04, 0x00, 
0x7A, 0x08, 0x00, 0x00, 0x7B, 0x08, 0x00, 0x00, 0x7C, 0x08, 
0x00, 0x00, 0xF8, 0x00, 0x02, 0x00, 0x7B, 0x08, 0x00, 0x00, 
0x3D, 0x00, 0x04, 0x00, 0x06, 0x00, 0x00, 0x00, 0x7E, 0x08, 
0x00, 0x00, 0x56, 0x03, 0x00, 0x00, 0x80, 0x00, 0x05, 0x00, 
0x06, 0x00, 0x00, 0x00, 0x80, 0x08, 0x00, 0x00, 0x7E, 0x08, 
0x00, 0x00, 0x7F, 0x08, 0x00, 0x00, 0x3E, 0x00, 0x03, 0x00, 
0x81, 0x08, 0x00, 0x00, 0x80, 0x08, 0x00, 0x00, 0x39, 0x00, 
0x05, 0x00, 0x0C, 0x00, 0x00, 0x00, 0x82, 0x08, 0x00, 0x00, 
0x0F, 0x00, 0x00, 0x00, 0x81, 0x08, 0x00, 0x00, 0x85, 0x00, 
0x05, 0x00, 0x0C, 0x00, 0x00, 0x00, 0x83, 0x08, 0x00, 0x00, 
0x82, 0x08, 0x00, 0x00, 0x65, 0x00, 0x00, 0x00, 0x3E, 0x00, 
0x03, 0x00, 0x7D, 0x08, 0x00, 0x00, 0x83, 0x08, 0x00, 0x00, 
0x3D, 0x00, 0x04, 0x00, 0x0C, 0x00, 0x00, 0x00, 0x84, 0x08, 
0x00, 0x00, 0x7D, 0x08, 0x00, 0x00, 0x0C, 0x00, 0x06, 0x00, 
0x0C, 0x00, 0x00, 0x00, 0x85, 0x08, 0x00, 0x00, 0x01, 0x00, 
0x00, 0x00, 0x0E, 0x00, 0x00, 0x00, 0x84, 0x08, 0x00, 0x00, 
0x3D, 0x00, 0x04, 0x00, 0x0C, 0x00, 0x00, 0x00, 0x86, 0x08, 
0x00, 0x00, 0x7D, 0x08, 0x00, 0x00, 0x0C, 0x00, 0x06, 0x00, 
0x0C, 0x00, 0x00, 0x00, 0x87, 0x08, 0x00, 0x00, 0x01, 0x00, 
0x00, 0x00, 0x0D, 0x00, 0x00, 0x00, 0x86, 0x08, 0x00, 0x00, 
0x3D, 0x00, 0x04, 0x00, 0x0C, 0x00, 0x00, 0x00, 0x89, 0x08, 
0x00, 0x00, 0x7D, 0x08, 0x00, 0x00, 0x0C, 0x00, 0x06, 0x00, 
0x0C, 0x00, 0x00, 0x00, 0x8A, 0x08, 0x00, 0x00, 0x01, 0x00, 
0x00, 0x00, 0x0D, 0x00, 0x00, 0x00, 0x89, 0x08, 0x00, 0x00, 
0x85, 0x00, 0x05, 0x00, 0x0C, 0x00, 0x00, 0x00, 0x8B, 0x08, 
0x00, 0x00, 0x88, 0x08, 0x00, 0x00, 0x8A, 0x08, 0x00, 0x00, 
0x3D, 0x00, 0x04, 0x00, 0x0C, 0x00, 0x00, 0x00, 0x8C, 0x08, 
0x00, 0x00, 0x7D, 0x08, 0x00, 0x00, 0x0C, 0x00, 0x06, 0x00, 
0x0C, 0x00, 0x00, 0x00, 0x8D, 0x08, 0x00, 0x00, 0x01, 0x00, 
0x00, 0x00, 0x0D, 0x00, 0x00, 0x00, 0x8C, 0x08, 0x00, 0x00, 
0x7F, 0x00, 0x04, 0x00, 0x0C, 0x00, 0x00, 0x00, 0x8E, 0x08, 
0x00, 0x00, 0x8D, 0x08, 0x00, 0x00, 0x3D, 0x00, 0x04, 0x00, 
0x0C, 0x00, 0x00, 0x00, 0x8F, 0x08, 0x00, 0x00, 0x7D, 0x08, 
0x00, 0x00, 0x0C, 0x00, 0x06, 0x00, 0x0C, 0x00, 0x00, 0x00, 
0x90, 0x08, 0x00, 0x00, 0x01, 0x00, 0x00, 0x00, 0x0E, 0x00, 
0x00, 0x00, 0x8F, 0x08, 0x00, 0x00, 0x3D, 0x00, 0x04, 0x00, 
0x0C, 0x00, 0x00, 0x00, 0x91, 0x08, 0x00, 0x00, 0x7D, 0x08, 
0x00, 0x00, 0x0C, 0x00, 0x06, 0x00, 0x0C, 0x00, 0x00, 0x00, 
0x92, 0x08, 0x00, 0x00, 0x01, 0x00, 0x00, 0x00, 0x0E, 0x00, 
0x00, 0x00, 0x91, 0x08, 0x00, 0x00, 0x85, 0x00, 0x05, 0x00, 
0x0C, 0x00, 0x00, 0x00, 0x93, 0x08, 0x00, 0x00, 0x88, 0x08, 
0x00, 0x00, 0x92, 0x08, 0x00, 0x00, 0x50, 0x00, 0x06, 0x00, 
0x13, 0x00, 0x00, 0x00, 0x94, 0x08, 0x00, 0x00, 0x85, 0x08, 
0x00, 0x00, 0x87, 0x08, 0x00, 0x00, 0x8B, 0x08, 0x00, 0x00, 
0x50, 0x00, 0x06, 0x00, 0x13, 0x00, 0x00, 0x00, 0x95, 0x08, 
0x00, 0x00, 0x8E, 0x08, 0x00, 0x00, 0x90, 0x08, 0x00, 0x00, 
0x93, 0x08, 0x00, 0x00, 0x50, 0x00, 0x06, 0x00, 0x13, 0x00, 
0x00, 0x00, 0x96, 0x08, 0x00, 0x00, 0x54, 0x00, 0x00, 0x00, 
0x54, 0x00, 0x00, 0x00, 0x55, 0x00, 0x00, 0x00, 0x50, 0x00, 
0x06, 0x00, 0x28, 0x00, 0x00, 0x00, 0x97, 0x08, 0x00, 0x00, 
0x94, 0x08, 0x00, 0x00, 0x95, 0x08, 0x00, 0x00, 0x96, 0x08, 
0x00, 0x00, 0x3E, 0x00, 0x03, 0x00, 0x6F, 0x08, 0x00, 0x00, 
0x97, 0x08, 0x00, 0x00, 0xF9, 0x00, 0x02, 0x00, 0x7C, 0x08, 
0x00, 0x00, 0xF8, 0x00, 0x02, 0x00, 0x7C, 0x08, 0x00, 0x00, 
0x41, 0x00, 0x05, 0x00, 0x40, 0x03, 0x00, 0x00, 0x99, 0x08, 
0x00, 0x00, 0x7D, 0x03, 0x00, 0x00, 0xDA, 0x00, 0x00, 0x00, 
0x3D, 0x00, 0x04, 0x00, 0x0C, 0x00, 0x00, 0x00, 0x9A, 0x08, 
0x00, 0x00, 0x99, 0x08, 0x00, 0x00, 0x3D, 0x00, 0x04, 0x00, 
0x39, 0x03, 0x00, 0x00, 0x9B, 0x08, 0x00, 0x00, 0xE4, 0x06, 
0x00, 0x00, 0x4F, 0x00, 0x08, 0x00, 0x13, 0x00, 0x00, 0x00, 
0x9C, 0x08, 0x00, 0x00, 0x9B, 0x08, 0x00, 0x00, 0x9B, 0x08, 
0x00, 0x00, 0x00, 0x00, 0x00, 0x00, 0x01, 0x00, 0x00, 0x00, 
0x02, 0x00, 0x00, 0x00, 0x0C, 0x00, 0x06, 0x00, 0x0C, 0x00, 
0x00, 0x00, 0x9D, 0x08, 0x00, 0x00, 0x01, 0x00, 0x00, 0x00, 
0x42, 0x00, 0x00, 0x00, 0x9C, 0x08, 0x00, 0x00, 0x3D, 0x00, 
0x04, 0x00, 0x39, 0x03, 0x00, 0x00, 0x9E, 0x08, 0x00, 0x00, 
0xEB, 0x06, 0x00, 0x00, 0x4F, 0x00, 0x08, 0x00, 0x13, 0x00, 
0x00, 0x00, 0x9F, 0x08, 0x00, 0x00, 0x9E, 0x08, 0x00, 0x00, 
0x9E, 0x08, 0x00, 0x00, 0x00, 0x00, 0x00, 0x00, 0x01, 0x00, 
0x00, 0x00, 0x02, 0x00, 0x00, 0x00, 0x0C, 0x00, 0x06, 0x00, 
0x0C, 0x00, 0x00, 0x00, 0xA0, 0x08, 0x00, 0x00, 0x01, 0x00, 
0x00, 0x00, 0x42, 0x00, 0x00, 0x00, 0x9F, 0x08, 0x00, 0x00, 
0x85, 0x00, 0x05, 0x00, 0x0C, 0x00, 0x00, 0x00, 0xA1, 0x08, 
0x00, 0x00, 0x9D, 0x08, 0x00, 0x00, 0xA0, 0x08, 0x00, 0x00, 
0x0C, 0x00, 0x06, 0x00, 0x0C, 0x00, 0x00, 0x00, 0xA2, 0x08, 
0x00, 0x00, 0x01, 0x00, 0x00, 0x00, 0x1F, 0x00, 0x00, 0x00, 
0xA1, 0x08, 0x00, 0x00, 0x85, 0x00, 0x05, 0x00, 0x0C, 0x00, 
0x00, 0x00, 0xA3, 0x08, 0x00, 0x00, 0x9A, 0x08, 0x00, 0x00, 
0xA2, 0x08, 0x00, 0x00, 0x3D, 0x00, 0x04, 0x00, 0x06, 0x00, 
0x00, 0x00, 0xA5, 0x08, 0x00, 0x00, 0x56, 0x03, 0x00, 0x00, 
0x80, 0x00, 0x05, 0x00, 0x06, 0x00, 0x00, 0x00, 0xA6, 0x08, 
0x00, 0x00, 0xA5, 0x08, 0x00, 0x00, 0x39, 0x02, 0x00, 0x00, 
0x3E, 0x00, 0x03, 0x00, 0xA7, 0x08, 0x00, 0x00, 0xA6, 0x08, 
0x00, 0x00, 0x39, 0x00, 0x05, 0x00, 0x0C, 0x00, 0x00, 0x00, 
0xA8, 0x08, 0x00, 0x00, 0x0F, 0x00, 0x00, 0x00, 0xA7, 0x08, 
0x00, 0x00, 0x85, 0x00, 0x05, 0x00, 0x0C, 0x00, 0x00, 0x00, 
0xAA, 0x08, 0x00, 0x00, 0xA8, 0x08, 0x00, 0x00, 0xA9, 0x08, 
0x00, 0x00, 0x81, 0x00, 0x05, 0x00, 0x0C, 0x00, 0x00, 0x00, 
0xAB, 0x08, 0x00, 0x00, 0xA4, 0x08, 0x00, 0x00, 0xAA, 0x08, 
0x00, 0x00, 0x85, 0x00, 0x05, 0x00, 0x0C, 0x00, 0x00, 0x00, 
0xAC, 0x08, 0x00, 0x00, 0xA3, 0x08, 0x00, 0x00, 0xAB, 0x08, 
0x00, 0x00, 0x3E, 0x00, 0x03, 0x00, 0x98, 0x08, 0x00, 0x00, 
0xAC, 0x08, 0x00, 0x00, 0x3D, 0x00, 0x04, 0x00, 0x0C, 0x00, 
0x00, 0x00, 0xAD, 0x08, 0x00, 0x00, 0x98, 0x08, 0x00, 0x00, 
0x0C, 0x00, 0x07, 0x00, 0x0C, 0x00, 0x00, 0x00, 0xAE, 0x08, 
0x00, 0x00, 0x01, 0x00, 0x00, 0x00, 0x25, 0x00, 0x00, 0x00, 
0xAD, 0x08, 0x00, 0x00, 0x67, 0x00, 0x00, 0x00, 0x3E, 0x00, 
0x03, 0x00, 0x98, 0x08, 0x00, 0x00, 0xAE, 0x08, 0x00, 0x00, 
0x3D, 0x00, 0x04, 0x00, 0x11, 0x00, 0x00, 0x00, 0xAF, 0x08, 
0x00, 0x00, 0x3D, 0x03, 0x00, 0x00, 0xAA, 0x00, 0x05, 0x00, 
0x4F, 0x00, 0x00, 0x00, 0xB0, 0x08, 0x00, 0x00, 0xAF, 0x08, 
0x00, 0x00, 0x13, 0x08, 0x00, 0x00, 0xF7, 0x00, 0x03, 0x00, 
0xB2, 0x08, 0x00, 0x00, 0x00, 0x00, 0x00, 0x00, 0xFA, 0x00, 
0x04, 0x00, 0xB0, 0x08, 0x00, 0x00, 0xB1, 0x08, 0x00, 0x00, 
0xB2, 0x08, 0x00, 0x00, 0xF8, 0x00, 0x02, 0x00, 0xB1, 0x08, 
0x00, 0x00, 0x3D, 0x00, 0x04, 0x00, 0x11, 0x00, 0x00, 0x00, 
0xB3, 0x08, 0x00, 0x00, 0x45, 0x03, 0x00, 0x00, 0xAA, 0x00, 
0x05, 0x00, 0x4F, 0x00, 0x00, 0x00, 0xB4, 0x08, 0x00, 0x00, 
0xB3, 0x08, 0x00, 0x00, 0x4E, 0x00, 0x00, 0x00, 0xF7, 0x00, 
0x03, 0x00, 0xB7, 0x08, 0x00, 0x00, 0x00, 0x00, 0x00, 0x00, 
0xFA, 0x00, 0x04, 0x00, 0xB4, 0x08, 0x00, 0x00, 0xB6, 0x08, 
0x00, 0x00, 0xB8, 0x08, 0x00, 0x00, 0xF8, 0x00, 0x02, 0x00, 
0xB6, 0x08, 0x00, 0x00, 0x3E, 0x00, 0x03, 0x00, 0xB5, 0x08, 
0x00, 0x00, 0xC9, 0x02, 0x00, 0x00, 0xF9, 0x00, 0x02, 0x00, 
0xB7, 0x08, 0x00, 0x00, 0xF8, 0x00, 0x02, 0x00, 0xB8, 0x08, 
0x00, 0x00, 0x3D, 0x00, 0x04, 0x00, 0x11, 0x00, 0x00, 0x00, 
0xB9, 0x08, 0x00, 0x00, 0x45, 0x03, 0x00, 0x00, 0xAA, 0x00, 
0x05, 0x00, 0x4F, 0x00, 0x00, 0x00, 0xBA, 0x08, 0x00, 0x00, 
0xB9, 0x08, 0x00, 0x00, 0x59, 0x00, 0x00, 0x00, 0xA9, 0x00, 
0x06, 0x00, 0x0C, 0x00, 0x00, 0x00, 0xBB, 0x08, 0x00, 0x00, 
0xBA, 0x08, 0x00, 0x00, 0x95, 0x03, 0x00, 0x00, 0x1F, 0x02, 
0x00, 0x00, 0x3E, 0x00, 0x03, 0x00, 0xB5, 0x08, 0x00, 0x00, 
0xBB, 0x08, 0x00, 0x00, 0xF9, 0x00, 0x02, 0x00, 0xB7, 0x08, 
0x00, 0x00, 0xF8, 0x00, 0x02, 0x00, 0xB7, 0x08, 0x00, 0x00, 
0x3D, 0x00, 0x04, 0x00, 0x0C, 0x00, 0x00, 0x00, 0xBC, 0x08, 
0x00, 0x00, 0xB5, 0x08, 0x00, 0x00, 0x3D, 0x00, 0x04, 0x00, 
0x0C, 0x00, 0x00, 0x00, 0xBD, 0x08, 0x00, 0x00, 0x98, 0x08, 
0x00, 0x00, 0x85, 0x00, 0x05, 0x00, 0x0C, 0x00, 0x00, 0x00, 
0xBE, 0x08, 0x00, 0x00, 0xBD, 0x08, 0x00, 0x00, 0xBC, 0x08, 
0x00, 0x00, 0x3E, 0x00, 0x03, 0x00, 0x98, 0x08, 0x00, 0x00, 
0xBE, 0x08, 0x00, 0x00, 0xF9, 0x00, 0x02, 0x00, 0xB2, 0x08, 
0x00, 0x00, 0xF8, 0x00, 0x02, 0x00, 0xB2, 0x08, 0x00, 0x00, 
0x3D, 0x00, 0x04, 0x00, 0x39, 0x03, 0x00, 0x00, 0xC0, 0x08, 
0x00, 0x00, 0x7D, 0x03, 0x00, 0x00, 0x4F, 0x00, 0x08, 0x00, 
0x13, 0x00, 0x00, 0x00, 0xC1, 0x08, 0x00, 0x00, 0xC0, 0x08, 
0x00, 0x00, 0xC0, 0x08, 0x00, 0x00, 0x00, 0x00, 0x00, 0x00, 
0x01, 0x00, 0x00, 0x00, 0x02, 0x00, 0x00, 0x00, 0x3D, 0x00, 
0x04, 0x00, 0x39, 0x03, 0x00, 0x00, 0xC2, 0x08, 0x00, 0x00, 
0xE4, 0x06, 0x00, 0x00, 0x4F, 0x00, 0x08, 0x00, 0x13, 0x00, 
0x00, 0x00, 0xC3, 0x08, 0x00, 0x00, 0xC2, 0x08, 0x00, 0x00, 
0xC2, 0x08, 0x00, 0x00, 0x00, 0x00, 0x00, 0x00, 0x01, 0x00, 
0x00, 0x00, 0x02, 0x00, 0x00, 0x00, 0x41, 0x00, 0x05, 0x00, 
0xB7, 0x00, 0x00, 0x00, 0xC4, 0x08, 0x00, 0x00, 0x4B, 0x03, 
0x00, 0x00, 0xF2, 0x02, 0x00, 0x00, 0x3D, 0x00, 0x04, 0x00, 
0x0C, 0x00, 0x00, 0x00, 0xC5, 0x08, 0x00, 0x00, 0xC4, 0x08, 
0x00, 0x00, 0x8E, 0x00, 0x05, 0x00, 0x13, 0x00, 0x00, 0x00, 
0xC6, 0x08, 0x00, 0x00, 0xC3, 0x08, 0x00, 0x00, 0xC5, 0x08, 
0x00, 0x00, 0x81, 0x00, 0x05, 0x00, 0x13, 0x00, 0x00, 0x00, 
0xC7, 0x08, 0x00, 0x00, 0xC1, 0x08, 0x00, 0x00, 0xC6, 0x08, 
0x00, 0x00, 0x3D, 0x00, 0x04, 0x00, 0x39, 0x03, 0x00, 0x00, 
0xC8, 0x08, 0x00, 0x00, 0xEB, 0x06, 0x00, 0x00, 0x4F, 0x00, 
0x08, 0x00, 0x13, 0x00, 0x00, 0x00, 0xC9, 0x08, 0x00, 0x00, 
0xC8, 0x08, 0x00, 0x00, 0xC8, 0x08, 0x00, 0x00, 0x00, 0x00, 
0x00, 0x00, 0x01, 0x00, 0x00, 0x00, 0x02, 0x00, 0x00, 0x00, 
0x41, 0x00, 0x05, 0x00, 0xB7, 0x00, 0x00, 0x00, 0xCA, 0x08, 
0x00, 0x00, 0x4B, 0x03, 0x00, 0x00, 0x39, 0x02, 0x00, 0x00, 
0x3D, 0x00, 0x04, 0x00, 0x0C, 0x00, 0x00, 0x00, 0xCB, 0x08, 
0x00, 0x00, 0xCA, 0x08, 0x00, 0x00, 0x8E, 0x00, 0x05, 0x00, 
0x13, 0x00, 0x00, 0x00, 0xCC, 0x08, 0x00, 0x00, 0xC9, 0x08, 
0x00, 0x00, 0xCB, 0x08, 0x00, 0x00, 0x81, 0x00, 0x05, 0x00, 
0x13, 0x00, 0x00, 0x00, 0xCD, 0x08, 0x00, 0x00, 0xC7, 0x08, 
0x00, 0x00, 0xCC, 0x08, 0x00, 0x00, 0x3E, 0x00, 0x03, 0x00, 
0xBF, 0x08, 0x00, 0x00, 0xCD, 0x08, 0x00, 0x00, 0x3D, 0x00, 
0x04, 0x00, 0x13, 0x00, 0x00, 0x00, 0xCE, 0x08, 0x00, 0x00, 
0x50, 0x08, 0x00, 0x00, 0x3D, 0x00, 0x04, 0x00, 0x0C, 0x00, 
0x00, 0x00, 0xCF, 0x08, 0x00, 0x00, 0x98, 0x08, 0x00, 0x00, 
0x8E, 0x00, 0x05, 0x00, 0x13, 0x00, 0x00, 0x00, 0xD0, 0x08, 
0x00, 0x00, 0xCE, 0x08, 0x00, 0x00, 0xCF, 0x08, 0x00, 0x00, 
0x3D, 0x00, 0x04, 0x00, 0x11, 0x00, 0x00, 0x00, 0xD1, 0x08, 
0x00, 0x00, 0x45, 0x03, 0x00, 0x00, 0x6F, 0x00, 0x04, 0x00, 
0x0C, 0x00, 0x00, 0x00, 0xD2, 0x08, 0x00, 0x00, 0xD1, 0x08, 
0x00, 0x00, 0x85, 0x00, 0x05, 0x00, 0x0C, 0x00, 0x00, 0x00, 
0xD3, 0x08, 0x00, 0x00, 0xD2, 0x08, 0x00, 0x00, 0xA4, 0x08, 
0x00, 0x00, 0x81, 0x00, 0x05, 0x00, 0x0C, 0x00, 0x00, 0x00, 
0xD4, 0x08, 0x00, 0x00, 0x93, 0x01, 0x00, 0x00, 0xD3, 0x08, 
0x00, 0x00, 0x3D, 0x00, 0x04, 0x00, 0x06, 0x00, 0x00, 0x00, 
0xD5, 0x08, 0x00, 0x00, 0x56, 0x03, 0x00, 0x00, 0x80, 0x00, 
0x05, 0x00, 0x06, 0x00, 0x00, 0x00, 0xD6, 0x08, 0x00, 0x00, 
0xD5, 0x08, 0x00, 0x00, 0x4B, 0x02, 0x00, 0x00, 0x3E, 0x00, 
0x03, 0x00, 0xD7, 0x08, 0x00, 0x00, 0xD6, 0x08, 0x00, 0x00, 
0x39, 0x00, 0x05, 0x00, 0x0C, 0x00, 0x00, 0x00, 0xD8, 0x08, 
0x00, 0x00, 0x0F, 0x00, 0x00, 0x00, 0xD7, 0x08, 0x00, 0x00, 
0x85, 0x00, 0x05, 0x00, 0x0C, 0x00, 0x00, 0x00, 0xD9, 0x08, 
0x00, 0x00, 0xD8, 0x08, 0x00, 0x00, 0x93, 0x01, 0x00, 0x00, 
0x81, 0x00, 0x05, 0x00, 0x0C, 0x00, 0x00, 0x00, 0xDA, 0x08, 
0x00, 0x00, 0xD4, 0x08, 0x00, 0x00, 0xD9, 0x08, 0x00, 0x00, 
0x8E, 0x00, 0x05, 0x00, 0x13, 0x00, 0x00, 0x00, 0xDB, 0x08, 
0x00, 0x00, 0xD0, 0x08, 0x00, 0x00, 0xDA, 0x08, 0x00, 0x00, 
0x3D, 0x00, 0x04, 0x00, 0x13, 0x00, 0x00, 0x00, 0xDC, 0x08, 
0x00, 0x00, 0xBF, 0x08, 0x00, 0x00, 0x81, 0x00, 0x05, 0x00, 
0x13, 0x00, 0x00, 0x00, 0xDD, 0x08, 0x00, 0x00, 0xDC, 0x08, 
0x00, 0x00, 0xDB, 0x08, 0x00, 0x00, 0x3E, 0x00, 0x03, 0x00, 
0xBF, 0x08, 0x00, 0x00, 0xDD, 0x08, 0x00, 0x00, 0x41, 0x00, 
0x05, 0x00, 0x84, 0x07, 0x00, 0x00, 0xDF, 0x08, 0x00, 0x00, 
0x83, 0x07, 0x00, 0x00, 0x4E, 0x00, 0x00, 0x00, 0x3D, 0x00, 
0x04, 0x00, 0x80, 0x07, 0x00, 0x00, 0xE0, 0x08, 0x00, 0x00, 
0xDF, 0x08, 0x00, 0x00, 0x3D, 0x00, 0x04, 0x00, 0x13, 0x00, 
0x00, 0x00, 0xE1, 0x08, 0x00, 0x00, 0xBF, 0x08, 0x00, 0x00, 
0x3D, 0x00, 0x04, 0x00, 0x28, 0x00, 0x00, 0x00, 0xE2, 0x08, 
0x00, 0x00, 0x5E, 0x08, 0x00, 0x00, 0x3D, 0x00, 0x04, 0x00, 
0x28, 0x00, 0x00, 0x00, 0xE3, 0x08, 0x00, 0x00, 0x6F, 0x08, 
0x00, 0x00, 0x92, 0x00, 0x05, 0x00, 0x28, 0x00, 0x00, 0x00, 
0xE4, 0x08, 0x00, 0x00, 0xE2, 0x08, 0x00, 0x00, 0xE3, 0x08, 
0x00, 0x00, 0x3D, 0x00, 0x04, 0x00, 0x13, 0x00, 0x00, 0x00, 
0xE5, 0x08, 0x00, 0x00, 0x40, 0x08, 0x00, 0x00, 0x91, 0x00, 
0x05, 0x00, 0x13, 0x00, 0x00, 0x00, 0xE6, 0x08, 0x00, 0x00, 
0xE4, 0x08, 0x00, 0x00, 0xE5, 0x08, 0x00, 0x00, 0x3D, 0x00, 
0x04, 0x00, 0x0C, 0x00, 0x00, 0x00, 0xE7, 0x08, 0x00, 0x00, 
0x98, 0x08, 0x00, 0x00, 0x8E, 0x00, 0x05, 0x00, 0x13, 0x00, 
0x00, 0x00, 0xE8, 0x08, 0x00, 0x00, 0xE6, 0x08, 0x00, 0x00, 
0xE7, 0x08, 0x00, 0x00, 0x81, 0x00, 0x05, 0x00, 0x13, 0x00, 
0x00, 0x00, 0xE9, 0x08, 0x00, 0x00, 0xE1, 0x08, 0x00, 0x00, 
0xE8, 0x08, 0x00, 0x00, 0x51, 0x00, 0x05, 0x00, 0x0C, 0x00, 
0x00, 0x00, 0xEA, 0x08, 0x00, 0x00, 0xE9, 0x08, 0x00, 0x00, 
0x00, 0x00, 0x00, 0x00, 0x51, 0x00, 0x05, 0x00, 0x0C, 0x00, 
0x00, 0x00, 0xEB, 0x08, 0x00, 0x00, 0xE9, 0x08, 0x00, 0x00, 
0x01, 0x00, 0x00, 0x00, 0x51, 0x00, 0x05, 0x00, 0x0C, 0x00, 
0x00, 0x00, 0xEC, 0x08, 0x00, 0x00, 0xE9, 0x08, 0x00, 0x00, 
0x02, 0x00, 0x00, 0x00, 0x50, 0x00, 0x07, 0x00, 0x39, 0x03, 
0x00, 0x00, 0xED, 0x08, 0x00, 0x00, 0xEA, 0x08, 0x00, 0x00, 
0xEB, 0x08, 0x00, 0x00, 0xEC, 0x08, 0x00, 0x00, 0x55, 0x00, 
0x00, 0x00, 0x91, 0x00, 0x05, 0x00, 0x39, 0x03, 0x00, 0x00, 
0xEE, 0x08, 0x00, 0x00, 0xE0, 0x08, 0x00, 0x00, 0xED, 0x08, 
0x00, 0x00, 0x3E, 0x00, 0x03, 0x00, 0xDE, 0x08, 0x00, 0x00, 
0xEE, 0x08, 0x00, 0x00, 0x3D, 0x00, 0x04, 0x00, 0x39, 0x03, 
0x00, 0x00, 0xEF, 0x08, 0x00, 0x00, 0xDE, 0x08, 0x00, 0x00, 
0x41, 0x00, 0x05, 0x00, 0x3A, 0x03, 0x00, 0x00, 0xF0, 0x08, 
0x00, 0x00, 0xD6, 0x07, 0x00, 0x00, 0x4E, 0x00, 0x00, 0x00, 
0x3E, 0x00, 0x03, 0x00, 0xF0, 0x08, 0x00, 0x00, 0xEF, 0x08, 
0x00, 0x00, 0x41, 0x00, 0x05, 0x00, 0xB7, 0x00, 0x00, 0x00, 
0xF1, 0x08, 0x00, 0x00, 0xDE, 0x08, 0x00, 0x00, 0xDA, 0x00, 
0x00, 0x00, 0x3D, 0x00, 0x04, 0x00, 0x0C, 0x00, 0x00, 0x00, 
0xF2, 0x08, 0x00, 0x00, 0xF1, 0x08, 0x00, 0x00, 0x3E, 0x00, 
0x03, 0x00, 0xDA, 0x07, 0x00, 0x00, 0xF2, 0x08, 0x00, 0x00, 
0x3D, 0x00, 0x04, 0x00, 0x39, 0x03, 0x00, 0x00, 0xF3, 0x08, 
0x00, 0x00, 0x5D, 0x03, 0x00, 0x00, 0x4F, 0x00, 0x07, 0x00, 
0x1D, 0x00, 0x00, 0x00, 0xF4, 0x08, 0x00, 0x00, 0xF3, 0x08, 
0x00, 0x00, 0xF3, 0x08, 0x00, 0x00, 0x00, 0x00, 0x00, 0x00, 
0x01, 0x00, 0x00, 0x00, 0x3D, 0x00, 0x04, 0x00, 0x1D, 0x00, 
0x00, 0x00, 0xF5, 0x08, 0x00, 0x00, 0x4B, 0x03, 0x00, 0x00, 
0x3D, 0x00, 0x04, 0x00, 0x39, 0x03, 0x00, 0x00, 0xF6, 0x08, 
0x00, 0x00, 0x5D, 0x03, 0x00, 0x00, 0x4F, 0x00, 0x07, 0x00, 
0x1D, 0x00, 0x00, 0x00, 0xF7, 0x08, 0x00, 0x00, 0xF6, 0x08, 
0x00, 0x00, 0xF6, 0x08, 0x00, 0x00, 0x02, 0x00, 0x00, 0x00, 
0x03, 0x00, 0x00, 0x00, 0x85, 0x00, 0x05, 0x00, 0x1D, 0x00, 
0x00, 0x00, 0xF8, 0x08, 0x00, 0x00, 0xF5, 0x08, 0x00, 0x00, 
0xF7, 0x08, 0x00, 0x00, 0x81, 0x00, 0x05, 0x00, 0x1D, 0x00, 
0x00, 0x00, 0xF9, 0x08, 0x00, 0x00, 0xF4, 0x08, 0x00, 0x00, 
0xF8, 0x08, 0x00, 0x00, 0x3D, 0x00, 0x04, 0x00, 0x1D, 0x00, 
0x00, 0x00, 0xFA, 0x08, 0x00, 0x00, 0x4B, 0x03, 0x00, 0x00, 
0x4F, 0x00, 0x07, 0x00, 0x1D, 0x00, 0x00, 0x00, 0xFB, 0x08, 
0x00, 0x00, 0xFA, 0x08, 0x00, 0x00, 0xFA, 0x08, 0x00, 0x00, 
0x01, 0x00, 0x00, 0x00, 0x00, 0x00, 0x00, 0x00, 0x3D, 0x00, 
0x04, 0x00, 0x39, 0x03, 0x00, 0x00, 0xFC, 0x08, 0x00, 0x00, 
0xE7, 0x07, 0x00, 0x00, 0x4F, 0x00, 0x07, 0x00, 0x1D, 0x00, 
0x00, 0x00, 0xFD, 0x08, 0x00, 0x00, 0xFC, 0x08, 0x00, 0x00, 
0xFC, 0x08, 0x00, 0x00, 0x00, 0x00, 0x00, 0x00, 0x01, 0x00, 
0x00, 0x00, 0x85, 0x00, 0x05, 0x00, 0x1D, 0x00, 0x00, 0x00, 
0xFE, 0x08, 0x00, 0x00, 0xFB, 0x08, 0x00, 0x00, 0xFD, 0x08, 
0x00, 0x00, 0x81, 0x00, 0x05, 0x00, 0x1D, 0x00, 0x00, 0x00, 
0xFF, 0x08, 0x00, 0x00, 0xF9, 0x08, 0x00, 0x00, 0xFE, 0x08, 
0x00, 0x00, 0x3D, 0x00, 0x04, 0x00, 0x39, 0x03, 0x00, 0x00, 
0x00, 0x09, 0x00, 0x00, 0xEC, 0x07, 0x00, 0x00, 0x4F, 0x00, 
0x07, 0x00, 0x1D, 0x00, 0x00, 0x00, 0x01, 0x09, 0x00, 0x00, 
0x00, 0x09, 0x00, 0x00, 0x00, 0x09, 0x00, 0x00, 0x00, 0x00, 
0x00, 0x00, 0x01, 0x00, 0x00, 0x00, 0x3D, 0x00, 0x04, 0x00, 
0x1D, 0x00, 0x00, 0x00, 0x02, 0x09, 0x00, 0x00, 0x4B, 0x03, 
0x00, 0x00, 0x3D, 0x00, 0x04, 0x00, 0x39, 0x03, 0x00, 0x00, 
0x03, 0x09, 0x00, 0x00, 0xEC, 0x07, 0x00, 0x00, 0x4F, 0x00, 
0x07, 0x00, 0x1D, 0x00, 0x00, 0x00, 0x04, 0x09, 0x00, 0x00, 
0x03, 0x09, 0x00, 0x00, 0x03, 0x09, 0x00, 0x00, 0x02, 0x00, 
0x00, 0x00, 0x03, 0x00, 0x00, 0x00, 0x85, 0x00, 0x05, 0x00, 
0x1D, 0x00, 0x00, 0x00, 0x05, 0x09, 0x00, 0x00, 0x02, 0x09, 
0x00, 0x00, 0x04, 0x09, 0x00, 0x00, 0x81, 0x00, 0x05, 0x00, 
0x1D, 0x00, 0x00, 0x00, 0x06, 0x09, 0x00, 0x00, 0x01, 0x09, 
0x00, 0x00, 0x05, 0x09, 0x00, 0x00, 0x51, 0x00, 0x05, 0x00, 
0x0C, 0x00, 0x00, 0x00, 0x07, 0x09, 0x00, 0x00, 0xFF, 0x08, 
0x00, 0x00, 0x00, 0x00, 0x00, 0x00, 0x51, 0x00, 0x05, 0x00, 
0x0C, 0x00, 0x00, 0x00, 0x08, 0x09, 0x00, 0x00, 0xFF, 0x08, 
0x00, 0x00, 0x01, 0x00, 0x00, 0x00, 0x51, 0x00, 0x05, 0x00, 
0x0C, 0x00, 0x00, 0x00, 0x09, 0x09, 0x00, 0x00, 0x06, 0x09, 
0x00, 0x00, 0x00, 0x00, 0x00, 0x00, 0x51, 0x00, 0x05, 0x00, 
0x0C, 0x00, 0x00, 0x00, 0x0A, 0x09, 0x00, 0x00, 0x06, 0x09, 
0x00, 0x00, 0x01, 0x00, 0x00, 0x00, 0x50, 0x00, 0x07, 0x00, 
0x39, 0x03, 0x00, 0x00, 0x0B, 0x09, 0x00, 0x00, 0x07, 0x09, 
0x00, 0x00, 0x08, 0x09, 0x00, 0x00, 0x09, 0x09, 0x00, 0x00, 
0x0A, 0x09, 0x00, 0x00, 0x3E, 0x00, 0x03, 0x00, 0xDD, 0x07, 
0x00, 0x00, 0x0B, 0x09, 0x00, 0x00, 0x3D, 0x00, 0x04, 0x00, 
0x11, 0x00, 0x00, 0x00, 0x0C, 0x09, 0x00, 0x00, 0x2E, 0x08, 
0x00, 0x00, 0xAA, 0x00, 0x05, 0x00, 0x4F, 0x00, 0x00, 0x00, 
0x0D, 0x09, 0x00, 0x00, 0x0C, 0x09, 0x00, 0x00, 0x59, 0x00, 
0x00, 0x00, 0xF7, 0x00, 0x03, 0x00, 0x10, 0x09, 0x00, 0x00, 
0x00, 0x00, 0x00, 0x00, 0xFA, 0x00, 0x04, 0x00, 0x0D, 0x09, 
0x00, 0x00, 0x0F, 0x09, 0x00, 0x00, 0x12, 0x09, 0x00, 0x00, 
0xF8, 0x00, 0x02, 0x00, 0x0F, 0x09, 0x00, 0x00, 0x3D, 0x00, 
0x04, 0x00, 0x1D, 0x00, 0x00, 0x00, 0x11, 0x09, 0x00, 0x00, 
0x42, 0x08, 0x00, 0x00, 0x3E, 0x00, 0x03, 0x00, 0x0E, 0x09, 
0x00, 0x00, 0x11, 0x09, 0x00, 0x00, 0xF9, 0x00, 0x02, 0x00, 
0x10, 0x09, 0x00, 0x00, 0xF8, 0x00, 0x02, 0x00, 0x12, 0x09, 
0x00, 0x00, 0x3D, 0x00, 0x04, 0x00, 0x13, 0x00, 0x00, 0x00, 
0x13, 0x09, 0x00, 0x00, 0x40, 0x08, 0x00, 0x00, 0x4F, 0x00, 
0x07, 0x00, 0x1D, 0x00, 0x00, 0x00, 0x14, 0x09, 0x00, 0x00, 
0x13, 0x09, 0x00, 0x00, 0x13, 0x09, 0x00, 0x00, 0x00, 0x00, 
0x00, 0x00, 0x01, 0x00, 0x00, 0x00, 0x3E, 0x00, 0x03, 0x00, 
0x0E, 0x09, 0x00, 0x00, 0x14, 0x09, 0x00, 0x00, 0xF9, 0x00, 
0x02, 0x00, 0x10, 0x09, 0x00, 0x00, 0xF8, 0x00, 0x02, 0x00, 
0x10, 0x09, 0x00, 0x00, 0x3D, 0x00, 0x04, 0x00, 0x1D, 0x00, 
0x00, 0x00, 0x15, 0x09, 0x00, 0x00, 0x0E, 0x09, 0x00, 0x00, 
0x3E, 0x00, 0x03, 0x00, 0xFA, 0x07, 0x00, 0x00, 0x15, 0x09, 
0x00, 0x00, 0x41, 0x00, 0x05, 0x00, 0x40, 0x03, 0x00, 0x00, 
0x16, 0x09, 0x00, 0x00, 0xE4, 0x06, 0x00, 0x00, 0xDA, 0x00, 
0x00, 0x00, 0x3D, 0x00, 0x04, 0x00, 0x0C, 0x00, 0x00, 0x00, 
0x17, 0x09, 0x00, 0x00, 0x16, 0x09, 0x00, 0x00, 0x6E, 0x00, 
0x04, 0x00, 0x11, 0x00, 0x00, 0x00, 0x18, 0x09, 0x00, 0x00, 
0x17, 0x09, 0x00, 0x00, 0x3E, 0x00, 0x03, 0x00, 0xFD, 0x07, 
0x00, 0x00, 0x18, 0x09, 0x00, 0x00, 0x3D, 0x00, 0x04, 0x00, 
0x39, 0x03, 0x00, 0x00, 0x19, 0x09, 0x00, 0x00, 0xE7, 0x07, 
0x00, 0x00, 0x4F, 0x00, 0x07, 0x00, 0x1D, 0x00, 0x00, 0x00, 
0x1A, 0x09, 0x00, 0x00, 0x19, 0x09, 0x00, 0x00, 0x19, 0x09, 
0x00, 0x00, 0x02, 0x00, 0x00, 0x00, 0x03, 0x00, 0x00, 0x00, 
0x3E, 0x00, 0x03, 0x00, 0xFF, 0x07, 0x00, 0x00, 0x1A, 0x09, 
0x00, 0x00, 0x3D, 0x00, 0x04, 0x00, 0x1D, 0x00, 0x00, 0x00, 
0x1B, 0x09, 0x00, 0x00, 0x4B, 0x03, 0x00, 0x00, 0x8E, 0x00, 
0x05, 0x00, 0x1D, 0x00, 0x00, 0x00, 0x1C, 0x09, 0x00, 0x00, 
0x1B, 0x09, 0x00, 0x00, 0x04, 0x08, 0x00, 0x00, 0x41, 0x00, 
0x05, 0x00, 0x40, 0x03, 0x00, 0x00, 0x1D, 0x09, 0x00, 0x00, 
0xEB, 0x06, 0x00, 0x00, 0xDA, 0x00, 0x00, 0x00, 0x3D, 0x00, 
0x04, 0x00, 0x0C, 0x00, 0x00, 0x00, 0x1E, 0x09, 0x00, 0x00, 
0x1D, 0x09, 0x00, 0x00, 0x3D, 0x00, 0x04, 0x00, 0x06, 0x00, 
0x00, 0x00, 0x20, 0x09, 0x00, 0x00, 0x56, 0x03, 0x00, 0x00, 
0x3E, 0x00, 0x03, 0x00, 0x1F, 0x09, 0x00, 0x00, 0x20, 0x09, 
0x00, 0x00, 0x39, 0x00, 0x05, 0x00, 0x0C, 0x00, 0x00, 0x00, 
0x21, 0x09, 0x00, 0x00, 0x0F, 0x00, 0x00, 0x00, 0x1F, 0x09, 
0x00, 0x00, 0x51, 0x00, 0x05, 0x00, 0x0C, 0x00, 0x00, 0x00, 
0x22, 0x09, 0x00, 0x00, 0x1C, 0x09, 0x00, 0x00, 0x00, 0x00, 
0x00, 0x00, 0x51, 0x00, 0x05, 0x00, 0x0C, 0x00, 0x00, 0x00, 
0x23, 0x09, 0x00, 0x00, 0x1C, 0x09, 0x00, 0x00, 0x01, 0x00, 
0x00, 0x00, 0x50, 0x00, 0x07, 0x00, 0x39, 0x03, 0x00, 0x00, 
0x24, 0x09, 0x00, 0x00, 0x22, 0x09, 0x00, 0x00, 0x23, 0x09, 
0x00, 0x00, 0x1E, 0x09, 0x00, 0x00, 0x21, 0x09, 0x00, 0x00, 
0x3E, 0x00, 0x03, 0x00, 0x02, 0x08, 0x00, 0x00, 0x24, 0x09, 
0x00, 0x00, 0x3D, 0x00, 0x04, 0x00, 0x28, 0x00, 0x00, 0x00, 
0x25, 0x09, 0x00, 0x00, 0x5E, 0x08, 0x00, 0x00, 0x3D, 0x00, 
0x04, 0x00, 0x28, 0x00, 0x00, 0x00, 0x26, 0x09, 0x00, 0x00, 
0x6F, 0x08, 0x00, 0x00, 0x92, 0x00, 0x05, 0x00, 0x28, 0x00, 
0x00, 0x00, 0x27, 0x09, 0x00, 0x00, 0x25, 0x09, 0x00, 0x00, 
0x26, 0x09, 0x00, 0x00, 0x3D, 0x00, 0x04, 0x00, 0x13, 0x00, 
0x00, 0x00, 0x28, 0x09, 0x00, 0x00, 0x41, 0x08, 0x00, 0x00, 
0x91, 0x00, 0x05, 0x00, 0x13, 0x00, 0x00, 0x00, 0x29, 0x09, 
0x00, 0x00, 0x27, 0x09, 0x00, 0x00, 0x28, 0x09, 0x00, 0x00, 
0x0C, 0x00, 0x06, 0x00, 0x13, 0x00, 0x00, 0x00, 0x2A, 0x09, 
0x00, 0x00, 0x01, 0x00, 0x00, 0x00, 0x45, 0x00, 0x00, 0x00, 
0x29, 0x09, 0x00, 0x00, 0x3D, 0x00, 0x04, 0x00, 0x11, 0x00, 
0x00, 0x00, 0x2B, 0x09, 0x00, 0x00, 0x2E, 0x08, 0x00, 0x00, 
0x6F, 0x00, 0x04, 0x00, 0x0C, 0x00, 0x00, 0x00, 0x2C, 0x09, 
0x00, 0x00, 0x2B, 0x09, 0x00, 0x00, 0x51, 0x00, 0x05, 0x00, 
0x0C, 0x00, 0x00, 0x00, 0x2D, 0x09, 0x00, 0x00, 0x2A, 0x09, 
0x00, 0x00, 0x00, 0x00, 0x00, 0x00, 0x51, 0x00, 0x05, 0x00, 
0x0C, 0x00, 0x00, 0x00, 0x2E, 0x09, 0x00, 0x00, 0x2A, 0x09, 
0x00, 0x00, 0x01, 0x00, 0x00, 0x00, 0x51, 0x00, 0x05, 0x00, 
0x0C, 0x00, 0x00, 0x00, 0x2F, 0x09, 0x00, 0x00, 0x2A, 0x09, 
0x00, 0x00, 0x02, 0x00, 0x00, 0x00, 0x50, 0x00, 0x07, 0x00, 
0x39, 0x03, 0x00, 0x00, 0x30, 0x09, 0x00, 0x00, 0x2D, 0x09, 
0x00, 0x00, 0x2E, 0x09, 0x00, 0x00, 0x2F, 0x09, 0x00, 0x00, 
0x2C, 0x09, 0x00, 0x00, 0x3E, 0x00, 0x03, 0x00, 0x0E, 0x08, 
0x00, 0x00, 0x30, 0x09, 0x00, 0x00, 0xFD, 0x00, 0x01, 0x00, 
0x38, 0x00, 0x01, 0x00, 0x36, 0x00, 0x05, 0x00, 0x06, 0x00, 
0x00, 0x00, 0x0A, 0x00, 0x00, 0x00, 0x00, 0x00, 0x00, 0x00, 
0x08, 0x00, 0x00, 0x00, 0x37, 0x00, 0x03, 0x00, 0x07, 0x00, 
0x00, 0x00, 0x09, 0x00, 0x00, 0x00, 0xF8, 0x00, 0x02, 0x00, 
0x0B, 0x00, 0x00, 0x00, 0x3D, 0x00, 0x04, 0x00, 0x06, 0x00, 
0x00, 0x00, 0x2D, 0x00, 0x00, 0x00, 0x09, 0x00, 0x00, 0x00, 
0xC2, 0x00, 0x05, 0x00, 0x06, 0x00, 0x00, 0x00, 0x2F, 0x00, 
0x00, 0x00, 0x2D, 0x00, 0x00, 0x00, 0x2E, 0x00, 0x00, 0x00, 
0x3D, 0x00, 0x04, 0x00, 0x06, 0x00, 0x00, 0x00, 0x30, 0x00, 
0x00, 0x00, 0x09, 0x00, 0x00, 0x00, 0xC6, 0x00, 0x05, 0x00, 
0x06, 0x00, 0x00, 0x00, 0x31, 0x00, 0x00, 0x00, 0x30, 0x00, 
0x00, 0x00, 0x2F, 0x00, 0x00, 0x00, 0x3E, 0x00, 0x03, 0x00, 
0x09, 0x00, 0x00, 0x00, 0x31, 0x00, 0x00, 0x00, 0x3D, 0x00, 
0x04, 0x00, 0x06, 0x00, 0x00, 0x00, 0x33, 0x00, 0x00, 0x00, 
0x09, 0x00, 0x00, 0x00, 0x84, 0x00, 0x05, 0x00, 0x06, 0x00, 
0x00, 0x00, 0x34, 0x00, 0x00, 0x00, 0x33, 0x00, 0x00, 0x00, 
0x32, 0x00, 0x00, 0x00, 0x3E, 0x00, 0x03, 0x00, 0x09, 0x00, 
0x00, 0x00, 0x34, 0x00, 0x00, 0x00, 0x3D, 0x00, 0x04, 0x00, 
0x06, 0x00, 0x00, 0x00, 0x35, 0x00, 0x00, 0x00, 0x09, 0x00, 
0x00, 0x00, 0xC2, 0x00, 0x05, 0x00, 0x06, 0x00, 0x00, 0x00, 
0x37, 0x00, 0x00, 0x00, 0x35, 0x00, 0x00, 0x00, 0x36, 0x00, 
0x00, 0x00, 0x3D, 0x00, 0x04, 0x00, 0x06, 0x00, 0x00, 0x00, 
0x38, 0x00, 0x00, 0x00, 0x09, 0x00, 0x00, 0x00, 0xC6, 0x00, 
0x05, 0x00, 0x06, 0x00, 0x00, 0x00, 0x39, 0x00, 0x00, 0x00, 
0x38, 0x00, 0x00, 0x00, 0x37, 0x00, 0x00, 0x00, 0x3E, 0x00, 
0x03, 0x00, 0x09, 0x00, 0x00, 0x00, 0x39, 0x00, 0x00, 0x00, 
0x3D, 0x00, 0x04, 0x00, 0x06, 0x00, 0x00, 0x00, 0x3B, 0x00, 
0x00, 0x00, 0x09, 0x00, 0x00, 0x00, 0x84, 0x00, 0x05, 0x00, 
0x06, 0x00, 0x00, 0x00, 0x3C, 0x00, 0x00, 0x00, 0x3B, 0x00, 
0x00, 0x00, 0x3A, 0x00, 0x00, 0x00, 0x3E, 0x00, 0x03, 0x00, 
0x09, 0x00, 0x00, 0x00, 0x3C, 0x00, 0x00, 0x00, 0x3D, 0x00, 
0x04, 0x00, 0x06, 0x00, 0x00, 0x00, 0x3D, 0x00, 0x00, 0x00, 
0x09, 0x00, 0x00, 0x00, 0x3D, 0x00, 0x04, 0x00, 0x06, 0x00, 
0x00, 0x00, 0x3E, 0x00, 0x00, 0x00, 0x09, 0x00, 0x00, 0x00, 
0xC2, 0x00, 0x05, 0x00, 0x06, 0x00, 0x00, 0x00, 0x3F, 0x00, 
0x00, 0x00, 0x3E, 0x00, 0x00, 0x00, 0x2E, 0x00, 0x00, 0x00, 
0xC6, 0x00, 0x05, 0x00, 0x06, 0x00, 0x00, 0x00, 0x40, 0x00, 
0x00, 0x00, 0x3D, 0x00, 0x00, 0x00, 0x3F, 0x00, 0x00, 0x00, 
0xFE, 0x00, 0x02, 0x00, 0x40, 0x00, 0x00, 0x00, 0x38, 0x00, 
0x01, 0x00, 0x36, 0x00, 0x05, 0x00, 0x0C, 0x00, 0x00, 0x00, 
0x0F, 0x00, 0x00, 0x00, 0x00, 0x00, 0x00, 0x00, 0x0D, 0x00, 
0x00, 0x00, 0x37, 0x00, 0x03, 0x00, 0x07, 0x00, 0x00, 0x00, 
0x0E, 0x00, 0x00, 0x00, 0xF8, 0x00, 0x02, 0x00, 0x10, 0x00, 
0x00, 0x00, 0x3B, 0x00, 0x04, 0x00, 0x07, 0x00, 0x00, 0x00, 
0x43, 0x00, 0x00, 0x00, 0x07, 0x00, 0x00, 0x00, 0x3D, 0x00, 
0x04, 0x00, 0x06, 0x00, 0x00, 0x00, 0x44, 0x00, 0x00, 0x00, 
0x0E, 0x00, 0x00, 0x00, 0x3E, 0x00, 0x03, 0x00, 0x43, 0x00, 
0x00, 0x00, 0x44, 0x00, 0x00, 0x00, 0x39, 0x00, 0x05, 0x00, 
0x06, 0x00, 0x00, 0x00, 0x45, 0x00, 0x00, 0x00, 0x0A, 0x00, 
0x00, 0x00, 0x43, 0x00, 0x00, 0x00, 0xC7, 0x00, 0x05, 0x00, 
0x06, 0x00, 0x00, 0x00, 0x47, 0x00, 0x00, 0x00, 0x45, 0x00, 
0x00, 0x00, 0x46, 0x00, 0x00, 0x00, 0x70, 0x00, 0x04, 0x00, 
0x0C, 0x00, 0x00, 0x00, 0x48, 0x00, 0x00, 0x00, 0x47, 0x00, 
0x00, 0x00, 0x88, 0x00, 0x05, 0x00, 0x0C, 0x00, 0x00, 0x00, 
0x4A, 0x00, 0x00, 0x00, 0x48, 0x00, 0x00, 0x00, 0x49, 0x00, 
0x00, 0x00, 0xFE, 0x00, 0x02, 0x00, 0x4A, 0x00, 0x00, 0x00, 
0x38, 0x00, 0x01, 0x00, 0x36, 0x00, 0x05, 0x00, 0x13, 0x00, 
0x00, 0x00, 0x16, 0x00, 0x00, 0x00, 0x00, 0x00, 0x00, 0x00, 
0x14, 0x00, 0x00, 0x00, 0x37, 0x00, 0x03, 0x00, 0x12, 0x00, 
0x00, 0x00, 0x15, 0x00, 0x00, 0x00, 0xF8, 0x00, 0x02, 0x00, 
0x17, 0x00, 0x00, 0x00, 0x3B, 0x00, 0x04, 0x00, 0x1C, 0x00, 
0x00, 0x00, 0x51, 0x00, 0x00, 0x00, 0x07, 0x00, 0x00, 0x00, 
0x3B, 0x00, 0x04, 0x00, 0x1C, 0x00, 0x00, 0x00, 0x5B, 0x00, 
0x00, 0x00, 0x07, 0x00, 0x00, 0x00, 0x3D, 0x00, 0x04, 0x00, 
0x11, 0x00, 0x00, 0x00, 0x4D, 0x00, 0x00, 0x00, 0x15, 0x00, 
0x00, 0x00, 0xAA, 0x00, 0x05, 0x00, 0x4F, 0x00, 0x00, 0x00, 
0x50, 0x00, 0x00, 0x00, 0x4D, 0x00, 0x00, 0x00, 0x4E, 0x00, 
0x00, 0x00, 0xF7, 0x00, 0x03, 0x00, 0x53, 0x00, 0x00, 0x00, 
0x00, 0x00, 0x00, 0x00, 0xFA, 0x00, 0x04, 0x00, 0x50, 0x00, 
0x00, 0x00, 0x52, 0x00, 0x00, 0x00, 0x57, 0x00, 0x00, 0x00, 
0xF8, 0x00, 0x02, 0x00, 0x52, 0x00, 0x00, 0x00, 0x3E, 0x00, 
0x03, 0x00, 0x51, 0x00, 0x00, 0x00, 0x56, 0x00, 0x00, 0x00, 
0xF9, 0x00, 0x02, 0x00, 0x53, 0x00, 0x00, 0x00, 0xF8, 0x00, 
0x02, 0x00, 0x57, 0x00, 0x00, 0x00, 0x3D, 0x00, 0x04, 0x00, 
0x11, 0x00, 0x00, 0x00, 0x58, 0x00, 0x00, 0x00, 0x15, 0x00, 
0x00, 0x00, 0xAA, 0x00, 0x05, 0x00, 0x4F, 0x00, 0x00, 0x00, 
0x5A, 0x00, 0x00, 0x00, 0x58, 0x00, 0x00, 0x00, 0x59, 0x00, 
0x00, 0x00, 0xF7, 0x00, 0x03, 0x00, 0x5D, 0x00, 0x00, 0x00, 
0x00, 0x00, 0x00, 0x00, 0xFA, 0x00, 0x04, 0x00, 0x5A, 0x00, 
0x00, 0x00, 0x5C, 0x00, 0x00, 0x00, 0x60, 0x00, 0x00, 0x00, 
0xF8, 0x00, 0x02, 0x00, 0x5C, 0x00, 0x00, 0x00, 0x3E, 0x00, 
0x03, 0x00, 0x5B, 0x00, 0x00, 0x00, 0x5F, 0x00, 0x00, 0x00, 
0xF9, 0x00, 0x02, 0x00, 0x5D, 0x00, 0x00, 0x00, 0xF8, 0x00, 
0x02, 0x00, 0x60, 0x00, 0x00, 0x00, 0x3D, 0x00, 0x04, 0x00, 
0x11, 0x00, 0x00, 0x00, 0x61, 0x00, 0x00, 0x00, 0x15, 0x00, 
0x00, 0x00, 0x82, 0x00, 0x05, 0x00, 0x11, 0x00, 0x00, 0x00, 
0x63, 0x00, 0x00, 0x00, 0x61, 0x00, 0x00, 0x00, 0x62, 0x00, 
0x00, 0x00, 0x6F, 0x00, 0x04, 0x00, 0x0C, 0x00, 0x00, 0x00, 
0x64, 0x00, 0x00, 0x00, 0x63, 0x00, 0x00, 0x00, 0x85, 0x00, 
0x05, 0x00, 0x0C, 0x00, 0x00, 0x00, 0x66, 0x00, 0x00, 0x00, 
0x64, 0x00, 0x00, 0x00, 0x65, 0x00, 0x00, 0x00, 0x88, 0x00, 
0x05, 0x00, 0x0C, 0x00, 0x00, 0x00, 0x68, 0x00, 0x00, 0x00, 
0x66, 0x00, 0x00, 0x00, 0x67, 0x00, 0x00, 0x00, 0x0C, 0x00, 
0x06, 0x00, 0x0C, 0x00, 0x00, 0x00, 0x69, 0x00, 0x00, 0x00, 
0x01, 0x00, 0x00, 0x00, 0x0E, 0x00, 0x00, 0x00, 0x68, 0x00, 
0x00, 0x00, 0x3D, 0x00, 0x04, 0x00, 0x11, 0x00, 0x00, 0x00, 
0x6A, 0x00, 0x00, 0x00, 0x15, 0x00, 0x00, 0x00, 0x82, 0x00, 
0x05, 0x00, 0x11, 0x00, 0x00, 0x00, 0x6B, 0x00, 0x00, 0x00, 
0x6A, 0x00, 0x00, 0x00, 0x62, 0x00, 0x00, 0x00, 0x6F, 0x00, 
0x04, 0x00, 0x0C, 0x00, 0x00, 0x00, 0x6C, 0x00, 0x00, 0x00, 
0x6B, 0x00, 0x00, 0x00, 0x85, 0x00, 0x05, 0x00, 0x0C, 0x00, 
0x00, 0x00, 0x6D, 0x00, 0x00, 0x00, 0x6C, 0x00, 0x00, 0x00, 
0x65, 0x00, 0x00, 0x00, 0x88, 0x00, 0x05, 0x00, 0x0C, 0x00, 
0x00, 0x00, 0x6E, 0x00, 0x00, 0x00, 0x6D, 0x00, 0x00, 0x00, 
0x67, 0x00, 0x00, 0x00, 0x0C, 0x00, 0x06, 0x00, 0x0C, 0x00, 
0x00, 0x00, 0x6F, 0x00, 0x00, 0x00, 0x01, 0x00, 0x00, 0x00, 
0x0D, 0x00, 0x00, 0x00, 0x6E, 0x00, 0x00, 0x00, 0x50, 0x00, 
0x06, 0x00, 0x13, 0x00, 0x00, 0x00, 0x70, 0x00, 0x00, 0x00, 
0x69, 0x00, 0x00, 0x00, 0x6F, 0x00, 0x00, 0x00, 0x54, 0x00, 
0x00, 0x00, 0x3E, 0x00, 0x03, 0x00, 0x5B, 0x00, 0x00, 0x00, 
0x70, 0x00, 0x00, 0x00, 0xF9, 0x00, 0x02, 0x00, 0x5D, 0x00, 
0x00, 0x00, 0xF8, 0x00, 0x02, 0x00, 0x5D, 0x00, 0x00, 0x00, 
0x3D, 0x00, 0x04, 0x00, 0x13, 0x00, 0x00, 0x00, 0x71, 0x00, 
0x00, 0x00, 0x5B, 0x00, 0x00, 0x00, 0x3E, 0x00, 0x03, 0x00, 
0x51, 0x00, 0x00, 0x00, 0x71, 0x00, 0x00, 0x00, 0xF9, 0x00, 
0x02, 0x00, 0x53, 0x00, 0x00, 0x00, 0xF8, 0x00, 0x02, 0x00, 
0x53, 0x00, 0x00, 0x00, 0x3D, 0x00, 0x04, 0x00, 0x13, 0x00, 
0x00, 0x00, 0x72, 0x00, 0x00, 0x00, 0x51, 0x00, 0x00, 0x00, 
0xFE, 0x00, 0x02, 0x00, 0x72, 0x00, 0x00, 0x00, 0x38, 0x00, 
0x01, 0x00, 0x36, 0x00, 0x05, 0x00, 0x11, 0x00, 0x00, 0x00, 
0x1A, 0x00, 0x00, 0x00, 0x00, 0x00, 0x00, 0x00, 0x18, 0x00, 
0x00, 0x00, 0x37, 0x00, 0x03, 0x00, 0x12, 0x00, 0x00, 0x00, 
0x19, 0x00, 0x00, 0x00, 0xF8, 0x00, 0x02, 0x00, 0x1B, 0x00, 
0x00, 0x00, 0x3B, 0x00, 0x04, 0x00, 0x12, 0x00, 0x00, 0x00, 
0x77, 0x00, 0x00, 0x00, 0x07, 0x00, 0x00, 0x00, 0x3B, 0x00, 
0x04, 0x00, 0x12, 0x00, 0x00, 0x00, 0x83, 0x00, 0x00, 0x00, 
0x07, 0x00, 0x00, 0x00, 0x3B, 0x00, 0x04, 0x00, 0x12, 0x00, 
0x00, 0x00, 0x8A, 0x00, 0x00, 0x00, 0x07, 0x00, 0x00, 0x00, 
0x3B, 0x00, 0x04, 0x00, 0x12, 0x00, 0x00, 0x00, 0x92, 0x00, 
0x00, 0x00, 0x07, 0x00, 0x00, 0x00, 0x3D, 0x00, 0x04, 0x00, 
0x11, 0x00, 0x00, 0x00, 0x75, 0x00, 0x00, 0x00, 0x19, 0x00, 
0x00, 0x00, 0xAA, 0x00, 0x05, 0x00, 0x4F, 0x00, 0x00, 0x00, 
0x76, 0x00, 0x00, 0x00, 0x75, 0x00, 0x00, 0x00, 0x59, 0x00, 
0x00, 0x00, 0xF7, 0x00, 0x03, 0x00, 0x79, 0x00, 0x00, 0x00, 
0x00, 0x00, 0x00, 0x00, 0xFA, 0x00, 0x04, 0x00, 0x76, 0x00, 
0x00, 0x00, 0x78, 0x00, 0x00, 0x00, 0x7B, 0x00, 0x00, 0x00, 
0xF8, 0x00, 0x02, 0x00, 0x78, 0x00, 0x00, 0x00, 0x3E, 0x00, 
0x03, 0x00, 0x77, 0x00, 0x00, 0x00, 0x7A, 0x00, 0x00, 0x00, 
0xF9, 0x00, 0x02, 0x00, 0x79, 0x00, 0x00, 0x00, 0xF8, 0x00, 
0x02, 0x00, 0x7B, 0x00, 0x00, 0x00, 0x3D, 0x00, 0x04, 0x00, 
0x11, 0x00, 0x00, 0x00, 0x7C, 0x00, 0x00, 0x00, 0x19, 0x00, 
0x00, 0x00, 0xAA, 0x00, 0x05, 0x00, 0x4F, 0x00, 0x00, 0x00, 
0x7E, 0x00, 0x00, 0x00, 0x7C, 0x00, 0x00, 0x00, 0x7D, 0x00, 
0x00, 0x00, 0x3D, 0x00, 0x04, 0x00, 0x11, 0x00, 0x00, 0x00, 
0x7F, 0x00, 0x00, 0x00, 0x19, 0x00, 0x00, 0x00, 0xAA, 0x00, 
0x05, 0x00, 0x4F, 0x00, 0x00, 0x00, 0x81, 0x00, 0x00, 0x00, 
0x7F, 0x00, 0x00, 0x00, 0x80, 0x00, 0x00, 0x00, 0xA6, 0x00, 
0x05, 0x00, 0x4F, 0x00, 0x00, 0x00, 0x82, 0x00, 0x00, 0x00, 
0x7E, 0x00, 0x00, 0x00, 0x81, 0x00, 0x00, 0x00, 0xF7, 0x00, 
0x03, 0x00, 0x85, 0x00, 0x00, 0x00, 0x00, 0x00, 0x00, 0x00, 
0xFA, 0x00, 0x04, 0x00, 0x82, 0x00, 0x00, 0x00, 0x84, 0x00, 
0x00, 0x00, 0x86, 0x00, 0x00, 0x00, 0xF8, 0x00, 0x02, 0x00, 
0x84, 0x00, 0x00, 0x00, 0x3E, 0x00, 0x03, 0x00, 0x83, 0x00, 
0x00, 0x00, 0x7A, 0x00, 0x00, 0x00, 0xF9, 0x00, 0x02, 0x00, 
0x85, 0x00, 0x00, 0x00, 0xF8, 0x00, 0x02, 0x00, 0x86, 0x00, 
0x00, 0x00, 0x3D, 0x00, 0x04, 0x00, 0x11, 0x00, 0x00, 0x00, 
0x87, 0x00, 0x00, 0x00, 0x19, 0x00, 0x00, 0x00, 0xAA, 0x00, 
0x05, 0x00, 0x4F, 0x00, 0x00, 0x00, 0x89, 0x00, 0x00, 0x00, 
0x87, 0x00, 0x00, 0x00, 0x88, 0x00, 0x00, 0x00, 0xF7, 0x00, 
0x03, 0x00, 0x8C, 0x00, 0x00, 0x00, 0x00, 0x00, 0x00, 0x00, 
0xFA, 0x00, 0x04, 0x00, 0x89, 0x00, 0x00, 0x00, 0x8B, 0x00, 
0x00, 0x00, 0x8E, 0x00, 0x00, 0x00, 0xF8, 0x00, 0x02, 0x00, 
0x8B, 0x00, 0x00, 0x00, 0x3E, 0x00, 0x03, 0x00, 0x8A, 0x00, 
0x00, 0x00, 0x8D, 0x00, 0x00, 0x00, 0xF9, 0x00, 0x02, 0x00, 
0x8C, 0x00, 0x00, 0x00, 0xF8, 0x00, 0x02, 0x00, 0x8E, 0x00, 
0x00, 0x00, 0x3D, 0x00, 0x04, 0x00, 0x11, 0x00, 0x00, 0x00, 
0x8F, 0x00, 0x00, 0x00, 0x19, 0x00, 0x00, 0x00, 0xAA, 0x00, 
0x05, 0x00, 0x4F, 0x00, 0x00, 0x00, 0x91, 0x00, 0x00, 0x00, 
0x8F, 0x00, 0x00, 0x00, 0x90, 0x00, 0x00, 0x00, 0xF7, 0x00, 
0x03, 0x00, 0x94, 0x00, 0x00, 0x00, 0x00, 0x00, 0x00, 0x00, 
0xFA, 0x00, 0x04, 0x00, 0x91, 0x00, 0x00, 0x00, 0x93, 0x00, 
0x00, 0x00, 0x96, 0x00, 0x00, 0x00, 0xF8, 0x00, 0x02, 0x00, 
0x93, 0x00, 0x00, 0x00, 0x3E, 0x00, 0x03, 0x00, 0x92, 0x00, 
0x00, 0x00, 0x95, 0x00, 0x00, 0x00, 0xF9, 0x00, 0x02, 0x00, 
0x94, 0x00, 0x00, 0x00, 0xF8, 0x00, 0x02, 0x00, 0x96, 0x00, 
0x00, 0x00, 0x3D, 0x00, 0x04, 0x00, 0x11, 0x00, 0x00, 0x00, 
0x97, 0x00, 0x00, 0x00, 0x19, 0x00, 0x00, 0x00, 0xAA, 0x00, 
0x05, 0x00, 0x4F, 0x00, 0x00, 0x00, 0x99, 0x00, 0x00, 0x00, 
0x97, 0x00, 0x00, 0x00, 0x98, 0x00, 0x00, 0x00, 0xA9, 0x00, 
0x06, 0x00, 0x11, 0x00, 0x00, 0x00, 0x9C, 0x00, 0x00, 0x00, 
0x99, 0x00, 0x00, 0x00, 0x9A, 0x00, 0x00, 0x00, 0x9B, 0x00, 
0x00, 0x00, 0x3E, 0x00, 0x03, 0x00, 0x92, 0x00, 0x00, 0x00, 
0x9C, 0x00, 0x00, 0x00, 0xF9, 0x00, 0x02, 0x00, 0x94, 0x00, 
0x00, 0x00, 0xF8, 0x00, 0x02, 0x00, 0x94, 0x00, 0x00, 0x00, 
0x3D, 0x00, 0x04, 0x00, 0x11, 0x00, 0x00, 0x00, 0x9D, 0x00, 
0x00, 0x00, 0x92, 0x00, 0x00, 0x00, 0x3E, 0x00, 0x03, 0x00, 
0x8A, 0x00, 0x00, 0x00, 0x9D, 0x00, 0x00, 0x00, 0xF9, 0x00, 
0x02, 0x00, 0x8C, 0x00, 0x00, 0x00, 0xF8, 0x00, 0x02, 0x00, 
0x8C, 0x00, 0x00, 0x00, 0x3D, 0x00, 0x04, 0x00, 0x11, 0x00, 
0x00, 0x00, 0x9E, 0x00, 0x00, 0x00, 0x8A, 0x00, 0x00, 0x00, 
0x3E, 0x00, 0x03, 0x00, 0x83, 0x00, 0x00, 0x00, 0x9E, 0x00, 
0x00, 0x00, 0xF9, 0x00, 0x02, 0x00, 0x85, 0x00, 0x00, 0x00, 
0xF8, 0x00, 0x02, 0x00, 0x85, 0x00, 0x00, 0x00, 0x3D, 0x00, 
0x04, 0x00, 0x11, 0x00, 0x00, 0x00, 0x9F, 0x00, 0x00, 0x00, 
0x83, 0x00, 0x00, 0x00, 0x3E, 0x00, 0x03, 0x00, 0x77, 0x00, 
0x00, 0x00, 0x9F, 0x00, 0x00, 0x00, 0xF9, 0x00, 0x02, 0x00, 
0x79, 0x00, 0x00, 0x00, 0xF8, 0x00, 0x02, 0x00, 0x79, 0x00, 
0x00, 0x00, 0x3D, 0x00, 0x04, 0x00, 0x11, 0x00, 0x00, 0x00, 
0xA0, 0x00, 0x00, 0x00, 0x77, 0x00, 0x00, 0x00, 0xFE, 0x00, 
0x02, 0x00, 0xA0, 0x00, 0x00, 0x00, 0x38, 0x00, 0x01, 0x00, 
0x36, 0x00, 0x05, 0x00, 0x02, 0x00, 0x00, 0x00, 0x26, 0x00, 
0x00, 0x00, 0x00, 0x00, 0x00, 0x00, 0x1F, 0x00, 0x00, 0x00, 
0x37, 0x00, 0x03, 0x00, 0x12, 0x00, 0x00, 0x00, 0x20, 0x00, 
0x00, 0x00, 0x37, 0x00, 0x03, 0x00, 0x12, 0x00, 0x00, 0x00, 
0x21, 0x00, 0x00, 0x00, 0x37, 0x00, 0x03, 0x00, 0x07, 0x00, 
0x00, 0x00, 0x22, 0x00, 0x00, 0x00, 0x37, 0x00, 0x03, 0x00, 
0x1C, 0x00, 0x00, 0x00, 0x23, 0x00, 0x00, 0x00, 0x37, 0x00, 
0x03, 0x00, 0x1C, 0x00, 0x00, 0x00, 0x24, 0x00, 0x00, 0x00, 
0x37, 0x00, 0x03, 0x00, 0x1E, 0x00, 0x00, 0x00, 0x25, 0x00, 
0x00, 0x00, 0xF8, 0x00, 0x02, 0x00, 0x27, 0x00, 0x00, 0x00, 
0x3B, 0x00, 0x04, 0x00, 0x12, 0x00, 0x00, 0x00, 0xA6, 0x00, 
0x00, 0x00, 0x07, 0x00, 0x00, 0x00, 0x3B, 0x00, 0x04, 0x00, 
0x12, 0x00, 0x00, 0x00, 0xAD, 0x00, 0x00, 0x00, 0x07, 0x00, 
0x00, 0x00, 0x3B, 0x00, 0x04, 0x00, 0x12, 0x00, 0x00, 0x00, 
0xB0, 0x00, 0x00, 0x00, 0x07, 0x00, 0x00, 0x00, 0x3B, 0x00, 
0x04, 0x00, 0xB7, 0x00, 0x00, 0x00, 0xB8, 0x00, 0x00, 0x00, 
0x07, 0x00, 0x00, 0x00, 0x3B, 0x00, 0x04, 0x00, 0x1E, 0x00, 
0x00, 0x00, 0xC4, 0x00, 0x00, 0x00, 0x07, 0x00, 0x00, 0x00, 
0x3B, 0x00, 0x04, 0x00, 0xDC, 0x00, 0x00, 0x00, 0xDD, 0x00, 
0x00, 0x00, 0x07, 0x00, 0x00, 0x00, 0x3B, 0x00, 0x04, 0x00, 
0x12, 0x00, 0x00, 0x00, 0xE9, 0x00, 0x00, 0x00, 0x07, 0x00, 
0x00, 0x00, 0x3B, 0x00, 0x04, 0x00, 0xF2, 0x00, 0x00, 0x00, 
0xF3, 0x00, 0x00, 0x00, 0x07, 0x00, 0x00, 0x00, 0x3B, 0x00, 
0x04, 0x00, 0x12, 0x00, 0x00, 0x00, 0xF6, 0x00, 0x00, 0x00, 
0x07, 0x00, 0x00, 0x00, 0x3B, 0x00, 0x04, 0x00, 0x07, 0x00, 
0x00, 0x00, 0x06, 0x01, 0x00, 0x00, 0x07, 0x00, 0x00, 0x00, 
0x3B, 0x00, 0x04, 0x00, 0x12, 0x00, 0x00, 0x00, 0x14, 0x01, 
0x00, 0x00, 0x07, 0x00, 0x00, 0x00, 0x3B, 0x00, 0x04, 0x00, 
0x12, 0x00, 0x00, 0x00, 0x43, 0x01, 0x00, 0x00, 0x07, 0x00, 
0x00, 0x00, 0x3B, 0x00, 0x04, 0x00, 0x12, 0x00, 0x00, 0x00, 
0x46, 0x01, 0x00, 0x00, 0x07, 0x00, 0x00, 0x00, 0x3B, 0x00, 
0x04, 0x00, 0x12, 0x00, 0x00, 0x00, 0x49, 0x01, 0x00, 0x00, 
0x07, 0x00, 0x00, 0x00, 0x3B, 0x00, 0x04, 0x00, 0x12, 0x00, 
0x00, 0x00, 0x4D, 0x01, 0x00, 0x00, 0x07, 0x00, 0x00, 0x00, 
0x3B, 0x00, 0x04, 0x00, 0x53, 0x01, 0x00, 0x00, 0x54, 0x01, 
0x00, 0x00, 0x07, 0x00, 0x00, 0x00, 0x3B, 0x00, 0x04, 0x00, 
0x12, 0x00, 0x00, 0x00, 0x56, 0x01, 0x00, 0x00, 0x07, 0x00, 
0x00, 0x00, 0x3B, 0x00, 0x04, 0x00, 0x12, 0x00, 0x00, 0x00, 
0x7D, 0x01, 0x00, 0x00, 0x07, 0x00, 0x00, 0x00, 0x3B, 0x00, 
0x04, 0x00, 0x12, 0x00, 0x00, 0x00, 0x80, 0x01, 0x00, 0x00, 
0x07, 0x00, 0x00, 0x00, 0x3B, 0x00, 0x04, 0x00, 0x53, 0x01, 
0x00, 0x00, 0x83, 0x01, 0x00, 0x00, 0x07, 0x00, 0x00, 0x00, 
0x3B, 0x00, 0x04, 0x00, 0xB7, 0x00, 0x00, 0x00, 0x88, 0x01, 
0x00, 0x00, 0x07, 0x00, 0x00, 0x00, 0x3B, 0x00, 0x04, 0x00, 
0xB7, 0x00, 0x00, 0x00, 0x92, 0x01, 0x00, 0x00, 0x07, 0x00, 
0x00, 0x00, 0x3B, 0x00, 0x04, 0x00, 0x07, 0x00, 0x00, 0x00, 
0x9F, 0x01, 0x00, 0x00, 0x07, 0x00, 0x00, 0x00, 0x3B, 0x00, 
0x04, 0x00, 0x1E, 0x00, 0x00, 0x00, 0xA5, 0x01, 0x00, 0x00, 
0x07, 0x00, 0x00, 0x00, 0x3B, 0x00, 0x04, 0x00, 0x12, 0x00, 
0x00, 0x00, 0xBF, 0x01, 0x00, 0x00, 0x07, 0x00, 0x00, 0x00, 
0x3B, 0x00, 0x04, 0x00, 0x12, 0x00, 0x00, 0x00, 0xC4, 0x01, 
0x00, 0x00, 0x07, 0x00, 0x00, 0x00, 0x3B, 0x00, 0x04, 0x00, 
0x12, 0x00, 0x00, 0x00, 0xCC, 0x01, 0x00, 0x00, 0x07, 0x00, 
0x00, 0x00, 0x3B, 0x00, 0x04, 0x00, 0xB7, 0x00, 0x00, 0x00, 
0xD6, 0x01, 0x00, 0x00, 0x07, 0x00, 0x00, 0x00, 0x3B, 0x00, 
0x04, 0x00, 0xB7, 0x00, 0x00, 0x00, 0xDB, 0x01, 0x00, 0x00, 
0x07, 0x00, 0x00, 0x00, 0x3B, 0x00, 0x04, 0x00, 0x07, 0x00, 
0x00, 0x00, 0xE1, 0x01, 0x00, 0x00, 0x07, 0x00, 0x00, 0x00, 
0x3B, 0x00, 0x04, 0x00, 0x12, 0x00, 0x00, 0x00, 0xFC, 0x01, 
0x00, 0x00, 0x07, 0x00, 0x00, 0x00, 0x3B, 0x00, 0x04, 0x00, 
0x12, 0x00, 0x00, 0x00, 0x00, 0x02, 0x00, 0x00, 0x07, 0x00, 
0x00, 0x00, 0x3B, 0x00, 0x04, 0x00, 0x53, 0x01, 0x00, 0x00, 
0x04, 0x02, 0x00, 0x00, 0x07, 0x00, 0x00, 0x00, 0x3B, 0x00, 
0x04, 0x00, 0x12, 0x00, 0x00, 0x00, 0x05, 0x02, 0x00, 0x00, 
0x07, 0x00, 0x00, 0x00, 0x3B, 0x00, 0x04, 0x00, 0xB7, 0x00, 
0x00, 0x00, 0x0A, 0x02, 0x00, 0x00, 0x07, 0x00, 0x00, 0x00, 
0x3B, 0x00, 0x04, 0x00, 0xB7, 0x00, 0x00, 0x00, 0x12, 0x02, 
0x00, 0x00, 0x07, 0x00, 0x00, 0x00, 0x3B, 0x00, 0x04, 0x00, 
0xB7, 0x00, 0x00, 0x00, 0x19, 0x02, 0x00, 0x00, 0x07, 0x00, 
0x00, 0x00, 0x3B, 0x00, 0x04, 0x00, 0x07, 0x00, 0x00, 0x00, 
0x1A, 0x02, 0x00, 0x00, 0x07, 0x00, 0x00, 0x00, 0x3B, 0x00, 
0x04, 0x00, 0x12, 0x00, 0x00, 0x00, 0x5B, 0x02, 0x00, 0x00, 
0x07, 0x00, 0x00, 0x00, 0x3B, 0x00, 0x04, 0x00, 0x12, 0x00, 
0x00, 0x00, 0x5E, 0x02, 0x00, 0x00, 0x07, 0x00, 0x00, 0x00, 
0x3B, 0x00, 0x04, 0x00, 0x12, 0x00, 0x00, 0x00, 0x62, 0x02, 
0x00, 0x00, 0x07, 0x00, 0x00, 0x00, 0x3B, 0x00, 0x04, 0x00, 
0x53, 0x01, 0x00, 0x00, 0x65, 0x02, 0x00, 0x00, 0x07, 0x00, 
0x00, 0x00, 0x3B, 0x00, 0x04, 0x00, 0x12, 0x00, 0x00, 0x00, 
0x66, 0x02, 0x00, 0x00, 0x07, 0x00, 0x00, 0x00, 0x3B, 0x00, 
0x04, 0x00, 0xB7, 0x00, 0x00, 0x00, 0x6B, 0x02, 0x00, 0x00, 
0x07, 0x00, 0x00, 0x00, 0x3B, 0x00, 0x04, 0x00, 0xB7, 0x00, 
0x00, 0x00, 0x77, 0x02, 0x00, 0x00, 0x07, 0x00, 0x00, 0x00, 
0x3B, 0x00, 0x04, 0x00, 0xB7, 0x00, 0x00, 0x00, 0xB3, 0x02, 
0x00, 0x00, 0x07, 0x00, 0x00, 0x00, 0x3B, 0x00, 0x04, 0x00, 
0x07, 0x00, 0x00, 0x00, 0xB8, 0x02, 0x00, 0x00, 0x07, 0x00, 
0x00, 0x00, 0x3E, 0x00, 0x03, 0x00, 0x23, 0x00, 0x00, 0x00, 
0xA3, 0x00, 0x00, 0x00, 0x3E, 0x00, 0x03, 0x00, 0x24, 0x00, 
0x00, 0x00, 0x56, 0x00, 0x00, 0x00, 0x3E, 0x00, 0x03, 0x00, 
0x25, 0x00, 0x00, 0x00, 0xA4, 0x00, 0x00, 0x00, 0x3D, 0x00, 
0x04, 0x00, 0x11, 0x00, 0x00, 0x00, 0xA5, 0x00, 0x00, 0x00, 
0x21, 0x00, 0x00, 0x00, 0x3D, 0x00, 0x04, 0x00, 0x11, 0x00, 
0x00, 0x00, 0xA7, 0x00, 0x00, 0x00, 0x20, 0x00, 0x00, 0x00, 
0x3E, 0x00, 0x03, 0x00, 0xA6, 0x00, 0x00, 0x00, 0xA7, 0x00, 
0x00, 0x00, 0x39, 0x00, 0x05, 0x00, 0x11, 0x00, 0x00, 0x00, 
0xA8, 0x00, 0x00, 0x00, 0x1A, 0x00, 0x00, 0x00, 0xA6, 0x00, 
0x00, 0x00, 0xAF, 0x00, 0x05, 0x00, 0x4F, 0x00, 0x00, 0x00, 
0xA9, 0x00, 0x00, 0x00, 0xA5, 0x00, 0x00, 0x00, 0xA8, 0x00, 
0x00, 0x00, 0xF7, 0x00, 0x03, 0x00, 0xAB, 0x00, 0x00, 0x00, 
0x00, 0x00, 0x00, 0x00, 0xFA, 0x00, 0x04, 0x00, 0xA9, 0x00, 
0x00, 0x00, 0xAA, 0x00, 0x00, 0x00, 0xAB, 0x00, 0x00, 0x00, 
0xF8, 0x00, 0x02, 0x00, 0xAA, 0x00, 0x00, 0x00, 0xFD, 0x00, 
0x01, 0x00, 0xF8, 0x00, 0x02, 0x00, 0xAB, 0x00, 0x00, 0x00, 
0x3D, 0x00, 0x04, 0x00, 0x11, 0x00, 0x00, 0x00, 0xAE, 0x00, 
0x00, 0x00, 0x21, 0x00, 0x00, 0x00, 0x87, 0x00, 0x05, 0x00, 
0x11, 0x00, 0x00, 0x00, 0xAF, 0x00, 0x00, 0x00, 0xAE, 0x00, 
0x00, 0x00, 0x7D, 0x00, 0x00, 0x00, 0x3E, 0x00, 0x03, 0x00, 
0xAD, 0x00, 0x00, 0x00, 0xAF, 0x00, 0x00, 0x00, 0x3D, 0x00, 
0x04, 0x00, 0x11, 0x00, 0x00, 0x00, 0xB1, 0x00, 0x00, 0x00, 
0x21, 0x00, 0x00, 0x00, 0x8B, 0x00, 0x05, 0x00, 0x11, 0x00, 
0x00, 0x00, 0xB2, 0x00, 0x00, 0x00, 0xB1, 0x00, 0x00, 0x00, 
0x7D, 0x00, 0x00, 0x00, 0x3E, 0x00, 0x03, 0x00, 0xB0, 0x00, 
0x00, 0x00, 0xB2, 0x00, 0x00, 0x00, 0x3D, 0x00, 0x04, 0x00, 
0x11, 0x00, 0x00, 0x00, 0xB3, 0x00, 0x00, 0x00, 0x20, 0x00, 
0x00, 0x00, 0xAA, 0x00, 0x05, 0x00, 0x4F, 0x00, 0x00, 0x00, 
0xB4, 0x00, 0x00, 0x00, 0xB3, 0x00, 0x00, 0x00, 0x59, 0x00, 
0x00, 0x00, 0xF7, 0x00, 0x03, 0x00, 0xB6, 0x00, 0x00, 0x00, 
0x00, 0x00, 0x00, 0x00, 0xFA, 0x00, 0x04, 0x00, 0xB4, 0x00, 
0x00, 0x00, 0xB5, 0x00, 0x00, 0x00, 0xD2, 0x00, 0x00, 0x00, 
0xF8, 0x00, 0x02, 0x00, 0xB5, 0x00, 0x00, 0x00, 0x3D, 0x00, 
0x04, 0x00, 0x11, 0x00, 0x00, 0x00, 0xB9, 0x00, 0x00, 0x00, 
0xAD, 0x00, 0x00, 0x00, 0x3D, 0x00, 0x04, 0x00, 0x11, 0x00, 
0x00, 0x00, 0xBA, 0x00, 0x00, 0x00, 0xB0, 0x00, 0x00, 0x00, 
0xAA, 0x00, 0x05, 0x00, 0x4F, 0x00, 0x00, 0x00, 0xBB, 0x00, 
0x00, 0x00, 0xBA, 0x00, 0x00, 0x00, 0x62, 0x00, 0x00, 0x00, 
0xA9, 0x00, 0x06, 0x00, 0x11, 0x00, 0x00, 0x00, 0xBC, 0x00, 
0x00, 0x00, 0xBB, 0x00, 0x00, 0x00, 0x59, 0x00, 0x00, 0x00, 
0x4E, 0x00, 0x00, 0x00, 0x80, 0x00, 0x05, 0x00, 0x11, 0x00, 
0x00, 0x00, 0xBD, 0x00, 0x00, 0x00, 0xB9, 0x00, 0x00, 0x00, 
0xBC, 0x00, 0x00, 0x00, 0x6F, 0x00, 0x04, 0x00, 0x0C, 0x00, 
0x00, 0x00, 0xBE, 0x00, 0x00, 0x00, 0xBD, 0x00, 0x00, 0x00, 
0x85, 0x00, 0x05, 0x00, 0x0C, 0x00, 0x00, 0x00, 0xBF, 0x00, 
0x00, 0x00, 0xBE, 0x00, 0x00, 0x00, 0x65, 0x00, 0x00, 0x00, 
0x88, 0x00, 0x05, 0x00, 0x0C, 0x00, 0x00, 0x00, 0xC1, 0x00, 
0x00, 0x00, 0xBF, 0x00, 0x00, 0x00, 0xC0, 0x00, 0x00, 0x00, 
0x3E, 0x00, 0x03, 0x00, 0xB8, 0x00, 0x00, 0x00, 0xC1, 0x00, 
0x00, 0x00, 0x3D, 0x00, 0x04, 0x00, 0x11, 0x00, 0x00, 0x00, 
0xC2, 0x00, 0x00, 0x00, 0xB0, 0x00, 0x00, 0x00, 0xAA, 0x00, 
0x05, 0x00, 0x4F, 0x00, 0x00, 0x00, 0xC3, 0x00, 0x00, 0x00, 
0xC2, 0x00, 0x00, 0x00, 0x4E, 0x00, 0x00, 0x00, 0xF7, 0x00, 
0x03, 0x00, 0xC6, 0x00, 0x00, 0x00, 0x00, 0x00, 0x00, 0x00, 
0xFA, 0x00, 0x04, 0x00, 0xC3, 0x00, 0x00, 0x00, 0xC5, 0x00, 
0x00, 0x00, 0xC7, 0x00, 0x00, 0x00, 0xF8, 0x00, 0x02, 0x00, 
0xC5, 0x00, 0x00, 0x00, 0x3E, 0x00, 0x03, 0x00, 0xC4, 0x00, 
0x00, 0x00, 0xA4, 0x00, 0x00, 0x00, 0xF9, 0x00, 0x02, 0x00, 
0xC6, 0x00, 0x00, 0x00, 0xF8, 0x00, 0x02, 0x00, 0xC7, 0x00, 
0x00, 0x00, 0x3D, 0x00, 0x04, 0x00, 0x0C, 0x00, 0x00, 0x00, 
0xC8, 0x00, 0x00, 0x00, 0xB8, 0x00, 0x00, 0x00, 0x0C, 0x00, 
0x06, 0x00, 0x0C, 0x00, 0x00, 0x00, 0xC9, 0x00, 0x00, 0x00, 
0x01, 0x00, 0x00, 0x00, 0x0E, 0x00, 0x00, 0x00, 0xC8, 0x00, 
0x00, 0x00, 0x3D, 0x00, 0x04, 0x00, 0x0C, 0x00, 0x00, 0x00, 
0xCA, 0x00, 0x00, 0x00, 0xB8, 0x00, 0x00, 0x00, 0x0C, 0x00, 
0x06, 0x00, 0x0C, 0x00, 0x00, 0x00, 0xCB, 0x00, 0x00, 0x00, 
0x01, 0x00, 0x00, 0x00, 0x0D, 0x00, 0x00, 0x00, 0xCA, 0x00, 
0x00, 0x00, 0x50, 0x00, 0x05, 0x00, 0x1D, 0x00, 0x00, 0x00, 
0xCC, 0x00, 0x00, 0x00, 0xC9, 0x00, 0x00, 0x00, 0xCB, 0x00, 
0x00, 0x00, 0x3E, 0x00, 0x03, 0x00, 0xC4, 0x00, 0x00, 0x00, 
0xCC, 0x00, 0x00, 0x00, 0xF9, 0x00, 0x02, 0x00, 0xC6, 0x00, 
0x00, 0x00, 0xF8, 0x00, 0x02, 0x00, 0xC6, 0x00, 0x00, 0x00, 
0x3D, 0x00, 0x04, 0x00, 0x1D, 0x00, 0x00, 0x00, 0xCD, 0x00, 
0x00, 0x00, 0xC4, 0x00, 0x00, 0x00, 0x3E, 0x00, 0x03, 0x00, 
0x25, 0x00, 0x00, 0x00, 0xCD, 0x00, 0x00, 0x00, 0x3D, 0x00, 
0x04, 0x00, 0x1D, 0x00, 0x00, 0x00, 0xCE, 0x00, 0x00, 0x00, 
0x25, 0x00, 0x00, 0x00, 0x51, 0x00, 0x05, 0x00, 0x0C, 0x00, 
0x00, 0x00, 0xCF, 0x00, 0x00, 0x00, 0xCE, 0x00, 0x00, 0x00, 
0x00, 0x00, 0x00, 0x00, 0x51, 0x00, 0x05, 0x00, 0x0C, 0x00, 
0x00, 0x00, 0xD0, 0x00, 0x00, 0x00, 0xCE, 0x00, 0x00, 0x00, 
0x01, 0x00, 0x00, 0x00, 0x50, 0x00, 0x06, 0x00, 0x13, 0x00, 
0x00, 0x00, 0xD1, 0x00, 0x00, 0x00, 0xCF, 0x00, 0x00, 0x00, 
0xD0, 0x00, 0x00, 0x00, 0x54, 0x00, 0x00, 0x00, 0x3E, 0x00, 
0x03, 0x00, 0x23, 0x00, 0x00, 0x00, 0xD1, 0x00, 0x00, 0x00, 
0xF9, 0x00, 0x02, 0x00, 0xB6, 0x00, 0x00, 0x00, 0xF8, 0x00, 
0x02, 0x00, 0xD2, 0x00, 0x00, 0x00, 0x3D, 0x00, 0x04, 0x00, 
0x11, 0x00, 0x00, 0x00, 0xD3, 0x00, 0x00, 0x00, 0x20, 0x00, 
0x00, 0x00, 0xAA, 0x00, 0x05, 0x00, 0x4F, 0x00, 0x00, 0x00, 
0xD4, 0x00, 0x00, 0x00, 0xD3, 0x00, 0x00, 0x00, 0x7D, 0x00, 
0x00, 0x00, 0x3D, 0x00, 0x04, 0x00, 0x11, 0x00, 0x00, 0x00, 
0xD5, 0x00, 0x00, 0x00, 0x20, 0x00, 0x00, 0x00, 0xAA, 0x00, 
0x05, 0x00, 0x4F, 0x00, 0x00, 0x00, 0xD6, 0x00, 0x00, 0x00, 
0xD5, 0x00, 0x00, 0x00, 0x80, 0x00, 0x00, 0x00, 0xA6, 0x00, 
0x05, 0x00, 0x4F, 0x00, 0x00, 0x00, 0xD7, 0x00, 0x00, 0x00, 
0xD4, 0x00, 0x00, 0x00, 0xD6, 0x00, 0x00, 0x00, 0xF7, 0x00, 
0x03, 0x00, 0xD9, 0x00, 0x00, 0x00, 0x00, 0x00, 0x00, 0x00, 
0xFA, 0x00, 0x04, 0x00, 0xD7, 0x00, 0x00, 0x00, 0xD8, 0x00, 
0x00, 0x00, 0x3E, 0x01, 0x00, 0x00, 0xF8, 0x00, 0x02, 0x00, 
0xD8, 0x00, 0x00, 0x00, 0x3D, 0x00, 0x04, 0x00, 0x11, 0x00, 
0x00, 0x00, 0xDE, 0x00, 0x00, 0x00, 0xAD, 0x00, 0x00, 0x00, 
0xB1, 0x00, 0x05, 0x00, 0x4F, 0x00, 0x00, 0x00, 0xDF, 0x00, 
0x00, 0x00, 0xDE, 0x00, 0x00, 0x00, 0x88, 0x00, 0x00, 0x00, 
0xA9, 0x00, 0x06, 0x00, 0x11, 0x00, 0x00, 0x00, 0xE0, 0x00, 
0x00, 0x00, 0xDF, 0x00, 0x00, 0x00, 0x4E, 0x00, 0x00, 0x00, 
0x59, 0x00, 0x00, 0x00, 0x3D, 0x00, 0x04, 0x00, 0x11, 0x00, 
0x00, 0x00, 0xE1, 0x00, 0x00, 0x00, 0xAD, 0x00, 0x00, 0x00, 
0x8B, 0x00, 0x05, 0x00, 0x11, 0x00, 0x00, 0x00, 0xE2, 0x00, 
0x00, 0x00, 0xE1, 0x00, 0x00, 0x00, 0x88, 0x00, 0x00, 0x00, 
0x80, 0x00, 0x05, 0x00, 0x11, 0x00, 0x00, 0x00, 0xE3, 0x00, 
0x00, 0x00, 0x62, 0x00, 0x00, 0x00, 0xE2, 0x00, 0x00, 0x00, 
0x3D, 0x00, 0x04, 0x00, 0x11, 0x00, 0x00, 0x00, 0xE4, 0x00, 
0x00, 0x00, 0xAD, 0x00, 0x00, 0x00, 0x80, 0x00, 0x05, 0x00, 
0x11, 0x00, 0x00, 0x00, 0xE5, 0x00, 0x00, 0x00, 0xE4, 0x00, 
0x00, 0x00, 0x59, 0x00, 0x00, 0x00, 0x8B, 0x00, 0x05, 0x00, 
0x11, 0x00, 0x00, 0x00, 0xE6, 0x00, 0x00, 0x00, 0xE5, 0x00, 
0x00, 0x00, 0x88, 0x00, 0x00, 0x00, 0x80, 0x00, 0x05, 0x00, 
0x11, 0x00, 0x00, 0x00, 0xE7, 0x00, 0x00, 0x00, 0x62, 0x00, 
0x00, 0x00, 0xE6, 0x00, 0x00, 0x00, 0x50, 0x00, 0x06, 0x00, 
0xDB, 0x00, 0x00, 0x00, 0xE8, 0x00, 0x00, 0x00, 0xE0, 0x00, 
0x00, 0x00, 0xE3, 0x00, 0x00, 0x00, 0xE7, 0x00, 0x00, 0x00, 
0x3E, 0x00, 0x03, 0x00, 0xDD, 0x00, 0x00, 0x00, 0xE8, 0x00, 
0x00, 0x00, 0x3E, 0x00, 0x03, 0x00, 0xE9, 0x00, 0x00, 0x00, 
0x4E, 0x00, 0x00, 0x00, 0xF9, 0x00, 0x02, 0x00, 0xEA, 0x00, 
0x00, 0x00, 0xF8, 0x00, 0x02, 0x00, 0xEA, 0x00, 0x00, 0x00, 
0xF6, 0x00, 0x04, 0x00, 0xEC, 0x00, 0x00, 0x00, 0xED, 0x00, 
0x00, 0x00, 0x00, 0x00, 0x00, 0x00, 0xF9, 0x00, 0x02, 0x00, 
0xEE, 0x00, 0x00, 0x00, 0xF8, 0x00, 0x02, 0x00, 0xEE, 0x00, 
0x00, 0x00, 0x3D, 0x00, 0x04, 0x00, 0x11, 0x00, 0x00, 0x00, 
0xEF, 0x00, 0x00, 0x00, 0xE9, 0x00, 0x00, 0x00, 0xB1, 0x00, 
0x05, 0x00, 0x4F, 0x00, 0x00, 0x00, 0xF0, 0x00, 0x00, 0x00, 
0xEF, 0x00, 0x00, 0x00, 0x7D, 0x00, 0x00, 0x00, 0xFA, 0x00, 
0x04, 0x00, 0xF0, 0x00, 0x00, 0x00, 0xEB, 0x00, 0x00, 0x00, 
0xEC, 0x00, 0x00, 0x00, 0xF8, 0x00, 0x02, 0x00, 0xEB, 0x00, 
0x00, 0x00, 0x3D, 0x00, 0x04, 0x00, 0x11, 0x00, 0x00, 0x00, 
0xF4, 0x00, 0x00, 0x00, 0xE9, 0x00, 0x00, 0x00, 0x3D, 0x00, 
0x04, 0x00, 0x11, 0x00, 0x00, 0x00, 0xF5, 0x00, 0x00, 0x00, 
0xE9, 0x00, 0x00, 0x00, 0x41, 0x00, 0x05, 0x00, 0x12, 0x00, 
0x00, 0x00, 0xF7, 0x00, 0x00, 0x00, 0xDD, 0x00, 0x00, 0x00, 
0xF5, 0x00, 0x00, 0x00, 0x3D, 0x00, 0x04, 0x00, 0x11, 0x00, 
0x00, 0x00, 0xF8, 0x00, 0x00, 0x00, 0xF7, 0x00, 0x00, 0x00, 
0x3E, 0x00, 0x03, 0x00, 0xF6, 0x00, 0x00, 0x00, 0xF8, 0x00, 
0x00, 0x00, 0x39, 0x00, 0x05, 0x00, 0x13, 0x00, 0x00, 0x00, 
0xF9, 0x00, 0x00, 0x00, 0x16, 0x00, 0x00, 0x00, 0xF6, 0x00, 
0x00, 0x00, 0x41, 0x00, 0x05, 0x00, 0x1C, 0x00, 0x00, 0x00, 
0xFA, 0x00, 0x00, 0x00, 0xF3, 0x00, 0x00, 0x00, 0xF4, 0x00, 
0x00, 0x00, 0x3E, 0x00, 0x03, 0x00, 0xFA, 0x00, 0x00, 0x00, 
0xF9, 0x00, 0x00, 0x00, 0x3D, 0x00, 0x04, 0x00, 0x11, 0x00, 
0x00, 0x00, 0xFB, 0x00, 0x00, 0x00, 0xE9, 0x00, 0x00, 0x00, 
0x3D, 0x00, 0x04, 0x00, 0x06, 0x00, 0x00, 0x00, 0xFE, 0x00, 
0x00, 0x00, 0x22, 0x00, 0x00, 0x00, 0x3D, 0x00, 0x04, 0x00, 
0x11, 0x00, 0x00, 0x00, 0xFF, 0x00, 0x00, 0x00, 0xE9, 0x00, 
0x00, 0x00, 0x41, 0x00, 0x05, 0x00, 0x12, 0x00, 0x00, 0x00, 
0x00, 0x01, 0x00, 0x00, 0xDD, 0x00, 0x00, 0x00, 0xFF, 0x00, 
0x00, 0x00, 0x3D, 0x00, 0x04, 0x00, 0x11, 0x00, 0x00, 0x00, 
0x01, 0x01, 0x00, 0x00, 0x00, 0x01, 0x00, 0x00, 0x7C, 0x00, 
0x04, 0x00, 0x06, 0x00, 0x00, 0x00, 0x02, 0x01, 0x00, 0x00, 
0x01, 0x01, 0x00, 0x00, 0x84, 0x00, 0x05, 0x00, 0x06, 0x00, 
0x00, 0x00, 0x04, 0x01, 0x00, 0x00, 0x02, 0x01, 0x00, 0x00, 
0x03, 0x01, 0x00, 0x00, 0x80, 0x00, 0x05, 0x00, 0x06, 0x00, 
0x00, 0x00, 0x05, 0x01, 0x00, 0x00, 0xFE, 0x00, 0x00, 0x00, 
0x04, 0x01, 0x00, 0x00, 0x3E, 0x00, 0x03, 0x00, 0x06, 0x01, 
0x00, 0x00, 0x05, 0x01, 0x00, 0x00, 0x39, 0x00, 0x05, 0x00, 
0x0C, 0x00, 0x00, 0x00, 0x07, 0x01, 0x00, 0x00, 0x0F, 0x00, 
0x00, 0x00, 0x06, 0x01, 0x00, 0x00, 0x85, 0x00, 0x05, 0x00, 
0x0C, 0x00, 0x00, 0x00, 0x08, 0x01, 0x00, 0x00, 0xFD, 0x00, 
0x00, 0x00, 0x07, 0x01, 0x00, 0x00, 0x81, 0x00, 0x05, 0x00, 
0x0C, 0x00, 0x00, 0x00, 0x09, 0x01, 0x00, 0x00, 0xFC, 0x00, 
0x00, 0x00, 0x08, 0x01, 0x00, 0x00, 0x41, 0x00, 0x05, 0x00, 
0x1C, 0x00, 0x00, 0x00, 0x0A, 0x01, 0x00, 0x00, 0xF3, 0x00, 
0x00, 0x00, 0xFB, 0x00, 0x00, 0x00, 0x3D, 0x00, 0x04, 0x00, 
0x13, 0x00, 0x00, 0x00, 0x0B, 0x01, 0x00, 0x00, 0x0A, 0x01, 
0x00, 0x00, 0x8E, 0x00, 0x05, 0x00, 0x13, 0x00, 0x00, 0x00, 
0x0C, 0x01, 0x00, 0x00, 0x0B, 0x01, 0x00, 0x00, 0x09, 0x01, 
0x00, 0x00, 0x41, 0x00, 0x05, 0x00, 0x1C, 0x00, 0x00, 0x00, 
0x0D, 0x01, 0x00, 0x00, 0xF3, 0x00, 0x00, 0x00, 0xFB, 0x00, 
0x00, 0x00, 0x3E, 0x00, 0x03, 0x00, 0x0D, 0x01, 0x00, 0x00, 
0x0C, 0x01, 0x00, 0x00, 0xF9, 0x00, 0x02, 0x00, 0xED, 0x00, 
0x00, 0x00, 0xF8, 0x00, 0x02, 0x00, 0xED, 0x00, 0x00, 0x00, 
0x3D, 0x00, 0x04, 0x00, 0x11, 0x00, 0x00, 0x00, 0x0E, 0x01, 
0x00, 0x00, 0xE9, 0x00, 0x00, 0x00, 0x80, 0x00, 0x05, 0x00, 
0x11, 0x00, 0x00, 0x00, 0x0F, 0x01, 0x00, 0x00, 0x0E, 0x01, 
0x00, 0x00, 0x59, 0x00, 0x00, 0x00, 0x3E, 0x00, 0x03, 0x00, 
0xE9, 0x00, 0x00, 0x00, 0x0F, 0x01, 0x00, 0x00, 0xF9, 0x00, 
0x02, 0x00, 0xEA, 0x00, 0x00, 0x00, 0xF8, 0x00, 0x02, 0x00, 
0xEC, 0x00, 0x00, 0x00, 0x3D, 0x00, 0x04, 0x00, 0x11, 0x00, 
0x00, 0x00, 0x10, 0x01, 0x00, 0x00, 0x20, 0x00, 0x00, 0x00, 
0xAA, 0x00, 0x05, 0x00, 0x4F, 0x00, 0x00, 0x00, 0x11, 0x01, 
0x00, 0x00, 0x10, 0x01, 0x00, 0x00, 0x80, 0x00, 0x00, 0x00, 
0xF7, 0x00, 0x03, 0x00, 0x13, 0x01, 0x00, 0x00, 0x00, 0x00, 
0x00, 0x00, 0xFA, 0x00, 0x04, 0x00, 0x11, 0x01, 0x00, 0x00, 
0x12, 0x01, 0x00, 0x00, 0x13, 0x01, 0x00, 0x00, 0xF8, 0x00, 
0x02, 0x00, 0x12, 0x01, 0x00, 0x00, 0x3E, 0x00, 0x03, 0x00, 
0x14, 0x01, 0x00, 0x00, 0x4E, 0x00, 0x00, 0x00, 0xF9, 0x00, 
0x02, 0x00, 0x15, 0x01, 0x00, 0x00, 0xF8, 0x00, 0x02, 0x00, 
0x15, 0x01, 0x00, 0x00, 0xF6, 0x00, 0x04, 0x00, 0x17, 0x01, 
0x00, 0x00, 0x18, 0x01, 0x00, 0x00, 0x00, 0x00, 0x00, 0x00, 
0xF9, 0x00, 0x02, 0x00, 0x19, 0x01, 0x00, 0x00, 0xF8, 0x00, 
0x02, 0x00, 0x19, 0x01, 0x00, 0x00, 0x3D, 0x00, 0x04, 0x00, 
0x11, 0x00, 0x00, 0x00, 0x1A, 0x01, 0x00, 0x00, 0x14, 0x01, 
0x00, 0x00, 0xB1, 0x00, 0x05, 0x00, 0x4F, 0x00, 0x00, 0x00, 
0x1B, 0x01, 0x00, 0x00, 0x1A, 0x01, 0x00, 0x00, 0x7D, 0x00, 
0x00, 0x00, 0xFA, 0x00, 0x04, 0x00, 0x1B, 0x01, 0x00, 0x00, 
0x16, 0x01, 0x00, 0x00, 0x17, 0x01, 0x00, 0x00, 0xF8, 0x00, 
0x02, 0x00, 0x16, 0x01, 0x00, 0x00, 0x3D, 0x00, 0x04, 0x00, 
0x11, 0x00, 0x00, 0x00, 0x1C, 0x01, 0x00, 0x00, 0x14, 0x01, 
0x00, 0x00, 0x41, 0x00, 0x05, 0x00, 0x1C, 0x00, 0x00, 0x00, 
0x21, 0x01, 0x00, 0x00, 0xF3, 0x00, 0x00, 0x00, 0x1C, 0x01, 
0x00, 0x00, 0x3D, 0x00, 0x04, 0x00, 0x13, 0x00, 0x00, 0x00, 
0x22, 0x01, 0x00, 0x00, 0x21, 0x01, 0x00, 0x00, 0x85, 0x00, 
0x05, 0x00, 0x13, 0x00, 0x00, 0x00, 0x23, 0x01, 0x00, 0x00, 
0x22, 0x01, 0x00, 0x00, 0x20, 0x01, 0x00, 0x00, 0x41, 0x00, 
0x05, 0x00, 0x1C, 0x00, 0x00, 0x00, 0x24, 0x01, 0x00, 0x00, 
0xF3, 0x00, 0x00, 0x00, 0x1C, 0x01, 0x00, 0x00, 0x3E, 0x00, 
0x03, 0x00, 0x24, 0x01, 0x00, 0x00, 0x23, 0x01, 0x00, 0x00, 
0xF9, 0x00, 0x02, 0x00, 0x18, 0x01, 0x00, 0x00, 0xF8, 0x00, 
0x02, 0x00, 0x18, 0x01, 0x00, 0x00, 0x3D, 0x00, 0x04, 0x00, 
0x11, 0x00, 0x00, 0x00, 0x25, 0x01, 0x00, 0x00, 0x14, 0x01, 
0x00, 0x00, 0x80, 0x00, 0x05, 0x00, 0x11, 0x00, 0x00, 0x00, 
0x26, 0x01, 0x00, 0x00, 0x25, 0x01, 0x00, 0x00, 0x59, 0x00, 
0x00, 0x00, 0x3E, 0x00, 0x03, 0x00, 0x14, 0x01, 0x00, 0x00, 
0x26, 0x01, 0x00, 0x00, 0xF9, 0x00, 0x02, 0x00, 0x15, 0x01, 
0x00, 0x00, 0xF8, 0x00, 0x02, 0x00, 0x17, 0x01, 0x00, 0x00, 
0xF9, 0x00, 0x02, 0x00, 0x13, 0x01, 0x00, 0x00, 0xF8, 0x00, 
0x02, 0x00, 0x13, 0x01, 0x00, 0x00, 0x3D, 0x00, 0x04, 0x00, 
0x11, 0x00, 0x00, 0x00, 0x27, 0x01, 0x00, 0x00, 0xB0, 0x00, 
0x00, 0x00, 0x41, 0x00, 0x05, 0x00, 0x1C, 0x00, 0x00, 0x00, 
0x28, 0x01, 0x00, 0x00, 0xF3, 0x00, 0x00, 0x00, 0x27, 0x01, 
0x00, 0x00, 0x3D, 0x00, 0x04, 0x00, 0x13, 0x00, 0x00, 0x00, 
0x29, 0x01, 0x00, 0x00, 0x28, 0x01, 0x00, 0x00, 0x3E, 0x00, 
0x03, 0x00, 0x23, 0x00, 0x00, 0x00, 0x29, 0x01, 0x00, 0x00, 
0x41, 0x00, 0x05, 0x00, 0x1C, 0x00, 0x00, 0x00, 0x2A, 0x01, 
0x00, 0x00, 0xF3, 0x00, 0x00, 0x00, 0x59, 0x00, 0x00, 0x00, 
0x3D, 0x00, 0x04, 0x00, 0x13, 0x00, 0x00, 0x00, 0x2B, 0x01, 
0x00, 0x00, 0x2A, 0x01, 0x00, 0x00, 0x41, 0x00, 0x05, 0x00, 
0x1C, 0x00, 0x00, 0x00, 0x2C, 0x01, 0x00, 0x00, 0xF3, 0x00, 
0x00, 0x00, 0x4E, 0x00, 0x00, 0x00, 0x3D, 0x00, 0x04, 0x00, 
0x13, 0x00, 0x00, 0x00, 0x2D, 0x01, 0x00, 0x00, 0x2C, 0x01, 
0x00, 0x00, 0x83, 0x00, 0x05, 0x00, 0x13, 0x00, 0x00, 0x00, 
0x2E, 0x01, 0x00, 0x00, 0x2B, 0x01, 0x00, 0x00, 0x2D, 0x01, 
0x00, 0x00, 0x41, 0x00, 0x05, 0x00, 0x1C, 0x00, 0x00, 0x00, 
0x2F, 0x01, 0x00, 0x00, 0xF3, 0x00, 0x00, 0x00, 0x62, 0x00, 
0x00, 0x00, 0x3D, 0x00, 0x04, 0x00, 0x13, 0x00, 0x00, 0x00, 
0x30, 0x01, 0x00, 0x00, 0x2F, 0x01, 0x00, 0x00, 0x41, 0x00, 
0x05, 0x00, 0x1C, 0x00, 0x00, 0x00, 0x31, 0x01, 0x00, 0x00, 
0xF3, 0x00, 0x00, 0x00, 0x4E, 0x00, 0x00, 0x00, 0x3D, 0x00, 
0x04, 0x00, 0x13, 0x00, 0x00, 0x00, 0x32, 0x01, 0x00, 0x00, 
0x31, 0x01, 0x00, 0x00, 0x83, 0x00, 0x05, 0x00, 0x13, 0x00, 
0x00, 0x00, 0x33, 0x01, 0x00, 0x00, 0x30, 0x01, 0x00, 0x00, 
0x32, 0x01, 0x00, 0x00, 0x0C, 0x00, 0x07, 0x00, 0x13, 0x00, 
0x00, 0x00, 0x34, 0x01, 0x00, 0x00, 0x01, 0x00, 0x00, 0x00, 
0x44, 0x00, 0x00, 0x00, 0x2E, 0x01, 0x00, 0x00, 0x33, 0x01, 
0x00, 0x00, 0x0C, 0x00, 0x06, 0x00, 0x13, 0x00, 0x00, 0x00, 
0x35, 0x01, 0x00, 0x00, 0x01, 0x00, 0x00, 0x00, 0x45, 0x00, 
0x00, 0x00, 0x34, 0x01, 0x00, 0x00, 0x3E, 0x00, 0x03, 0x00, 
0x24, 0x00, 0x00, 0x00, 0x35, 0x01, 0x00, 0x00, 0x3D, 0x00, 
0x04, 0x00, 0x13, 0x00, 0x00, 0x00, 0x36, 0x01, 0x00, 0x00, 
0x24, 0x00, 0x00, 0x00, 0x3D, 0x00, 0x04, 0x00, 0x13, 0x00, 
0x00, 0x00, 0x37, 0x01, 0x00, 0x00, 0x23, 0x00, 0x00, 0x00, 
0x94, 0x00, 0x05, 0x00, 0x0C, 0x00, 0x00, 0x00, 0x38, 0x01, 
0x00, 0x00, 0x36, 0x01, 0x00, 0x00, 0x37, 0x01, 0x00, 0x00, 
0xB8, 0x00, 0x05, 0x00, 0x4F, 0x00, 0x00, 0x00, 0x39, 0x01, 
0x00, 0x00, 0x38, 0x01, 0x00, 0x00, 0x54, 0x00, 0x00, 0x00, 
0xF7, 0x00, 0x03, 0x00, 0x3B, 0x01, 0x00, 0x00, 0x00, 0x00, 
0x00, 0x00, 0xFA, 0x00, 0x04, 0x00, 0x39, 0x01, 0x00, 0x00, 
0x3A, 0x01, 0x00, 0x00, 0x3B, 0x01, 0x00, 0x00, 0xF8, 0x00, 
0x02, 0x00, 0x3A, 0x01, 0x00, 0x00, 0x3D, 0x00, 0x04, 0x00, 
0x13, 0x00, 0x00, 0x00, 0x3C, 0x01, 0x00, 0x00, 0x24, 0x00, 
0x00, 0x00, 0x7F, 0x00, 0x04, 0x00, 0x13, 0x00, 0x00, 0x00, 
0x3D, 0x01, 0x00, 0x00, 0x3C, 0x01, 0x00, 0x00, 0x3E, 0x00, 
0x03, 0x00, 0x24, 0x00, 0x00, 0x00, 0x3D, 0x01, 0x00, 0x00, 
0xF9, 0x00, 0x02, 0x00, 0x3B, 0x01, 0x00, 0x00, 0xF8, 0x00, 
0x02, 0x00, 0x3B, 0x01, 0x00, 0x00, 0xF9, 0x00, 0x02, 0x00, 
0xD9, 0x00, 0x00, 0x00, 0xF8, 0x00, 0x02, 0x00, 0x3E, 0x01, 
0x00, 0x00, 0x3D, 0x00, 0x04, 0x00, 0x11, 0x00, 0x00, 0x00, 
0x3F, 0x01, 0x00, 0x00, 0x20, 0x00, 0x00, 0x00, 0xAA, 0x00, 
0x05, 0x00, 0x4F, 0x00, 0x00, 0x00, 0x40, 0x01, 0x00, 0x00, 
0x3F, 0x01, 0x00, 0x00, 0x88, 0x00, 0x00, 0x00, 0xF7, 0x00, 
0x03, 0x00, 0x42, 0x01, 0x00, 0x00, 0x00, 0x00, 0x00, 0x00, 
0xFA, 0x00, 0x04, 0x00, 0x40, 0x01, 0x00, 0x00, 0x41, 0x01, 
0x00, 0x00, 0x78, 0x01, 0x00, 0x00, 0xF8, 0x00, 0x02, 0x00, 
0x41, 0x01, 0x00, 0x00, 0x3D, 0x00, 0x04, 0x00, 0x11, 0x00, 
0x00, 0x00, 0x44, 0x01, 0x00, 0x00, 0x21, 0x00, 0x00, 0x00, 
0x87, 0x00, 0x05, 0x00, 0x11, 0x00, 0x00, 0x00, 0x45, 0x01, 
0x00, 0x00, 0x44, 0x01, 0x00, 0x00, 0x80, 0x00, 0x00, 0x00, 
0x3E, 0x00, 0x03, 0x00, 0x43, 0x01, 0x00, 0x00, 0x45, 0x01, 
0x00, 0x00, 0x3D, 0x00, 0x04, 0x00, 0x11, 0x00, 0x00, 0x00, 
0x47, 0x01, 0x00, 0x00, 0x43, 0x01, 0x00, 0x00, 0x87, 0x00, 
0x05, 0x00, 0x11, 0x00, 0x00, 0x00, 0x48, 0x01, 0x00, 0x00, 
0x47, 0x01, 0x00, 0x00, 0x62, 0x00, 0x00, 0x00, 0x3E, 0x00, 
0x03, 0x00, 0x46, 0x01, 0x00, 0x00, 0x48, 0x01, 0x00, 0x00, 
0x3D, 0x00, 0x04, 0x00, 0x11, 0x00, 0x00, 0x00, 0x4A, 0x01, 
0x00, 0x00, 0x46, 0x01, 0x00, 0x00, 0x80, 0x00, 0x05, 0x00, 
0x11, 0x00, 0x00, 0x00, 0x4B, 0x01, 0x00, 0x00, 0x4A, 0x01, 
0x00, 0x00, 0x59, 0x00, 0x00, 0x00, 0x8B, 0x00, 0x05, 0x00, 
0x11, 0x00, 0x00, 0x00, 0x4C, 0x01, 0x00, 0x00, 0x4B, 0x01, 
0x00, 0x00, 0x7D, 0x00, 0x00, 0x00, 0x3E, 0x00, 0x03, 0x00, 
0x49, 0x01, 0x00, 0x00, 0x4C, 0x01, 0x00, 0x00, 0x3D, 0x00, 
0x04, 0x00, 0x11, 0x00, 0x00, 0x00, 0x4E, 0x01, 0x00, 0x00, 
0x46, 0x01, 0x00, 0x00, 0x80, 0x00, 0x05, 0x00, 0x11, 0x00, 
0x00, 0x00, 0x4F, 0x01, 0x00, 0x00, 0x4E, 0x01, 0x00, 0x00, 
0x62, 0x00, 0x00, 0x00, 0x8B, 0x00, 0x05, 0x00, 0x11, 0x00, 
0x00, 0x00, 0x50, 0x01, 0x00, 0x00, 0x4F, 0x01, 0x00, 0x00, 
0x7D, 0x00, 0x00, 0x00, 0x3E, 0x00, 0x03, 0x00, 0x4D, 0x01, 
0x00, 0x00, 0x50, 0x01, 0x00, 0x00, 0x3E, 0x00, 0x03, 0x00, 
0x54, 0x01, 0x00, 0x00, 0x55, 0x01, 0x00, 0x00, 0x3D, 0x00, 
0x04, 0x00, 0x11, 0x00, 0x00, 0x00, 0x57, 0x01, 0x00, 0x00, 
0x21, 0x00, 0x00, 0x00, 0x8B, 0x00, 0x05, 0x00, 0x11, 0x00, 
0x00, 0x00, 0x58, 0x01, 0x00, 0x00, 0x57, 0x01, 0x00, 0x00, 
0x80, 0x00, 0x00, 0x00, 0x41, 0x00, 0x05, 0x00, 0x12, 0x00, 
0x00, 0x00, 0x59, 0x01, 0x00, 0x00, 0x54, 0x01, 0x00, 0x00, 
0x58, 0x01, 0x00, 0x00, 0x3D, 0x00, 0x04, 0x00, 0x11, 0x00, 
0x00, 0x00, 0x5A, 0x01, 0x00, 0x00, 0x59, 0x01, 0x00, 0x00, 
0x3E, 0x00, 0x03, 0x00, 0x56, 0x01, 0x00, 0x00, 0x5A, 0x01, 
0x00, 0x00, 0x3D, 0x00, 0x04, 0x00, 0x11, 0x00, 0x00, 0x00, 
0x5B, 0x01, 0x00, 0x00, 0x46, 0x01, 0x00, 0x00, 0x3D, 0x00, 
0x04, 0x00, 0x11, 0x00, 0x00, 0x00, 0x5C, 0x01, 0x00, 0x00, 
0x43, 0x01, 0x00, 0x00, 0x8B, 0x00, 0x05, 0x00, 0x11, 0x00, 
0x00, 0x00, 0x5D, 0x01, 0x00, 0x00, 0x5C, 0x01, 0x00, 0x00, 
0x62, 0x00, 0x00, 0x00, 0xAA, 0x00, 0x05, 0x00, 0x4F, 0x00, 
0x00, 0x00, 0x5E, 0x01, 0x00, 0x00, 0x5D, 0x01, 0x00, 0x00, 
0x4E, 0x00, 0x00, 0x00, 0xA9, 0x00, 0x06, 0x00, 0x0C, 0x00, 
0x00, 0x00, 0x61, 0x01, 0x00, 0x00, 0x5E, 0x01, 0x00, 0x00, 
0x5F, 0x01, 0x00, 0x00, 0x60, 0x01, 0x00, 0x00, 0x41, 0x00, 
0x05, 0x00, 0xB7, 0x00, 0x00, 0x00, 0x62, 0x01, 0x00, 0x00, 
0x23, 0x00, 0x00, 0x00, 0x5B, 0x01, 0x00, 0x00, 0x3E, 0x00, 
0x03, 0x00, 0x62, 0x01, 0x00, 0x00, 0x61, 0x01, 0x00, 0x00, 
0x3D, 0x00, 0x04, 0x00, 0x11, 0x00, 0x00, 0x00, 0x63, 0x01, 
0x00, 0x00, 0x49, 0x01, 0x00, 0x00, 0x3D, 0x00, 0x04, 0x00, 
0x11, 0x00, 0x00, 0x00, 0x64, 0x01, 0x00, 0x00, 0x56, 0x01, 
0x00, 0x00, 0xAA, 0x00, 0x05, 0x00, 0x4F, 0x00, 0x00, 0x00, 
0x65, 0x01, 0x00, 0x00, 0x64, 0x01, 0x00, 0x00, 0x59, 0x00, 
0x00, 0x00, 0x3D, 0x00, 0x04, 0x00, 0x11, 0x00, 0x00, 0x00, 
0x66, 0x01, 0x00, 0x00, 0x56, 0x01, 0x00, 0x00, 0xAA, 0x00, 
0x05, 0x00, 0x4F, 0x00, 0x00, 0x00, 0x67, 0x01, 0x00, 0x00, 
0x66, 0x01, 0x00, 0x00, 0x62, 0x00, 0x00, 0x00, 0xA6, 0x00, 
0x05, 0x00, 0x4F, 0x00, 0x00, 0x00, 0x68, 0x01, 0x00, 0x00, 
0x65, 0x01, 0x00, 0x00, 0x67, 0x01, 0x00, 0x00, 0xA9, 0x00, 
0x06, 0x00, 0x0C, 0x00, 0x00, 0x00, 0x69, 0x01, 0x00, 0x00, 
0x68, 0x01, 0x00, 0x00, 0x60, 0x01, 0x00, 0x00, 0x5F, 0x01, 
0x00, 0x00, 0x41, 0x00, 0x05, 0x00, 0xB7, 0x00, 0x00, 0x00, 
0x6A, 0x01, 0x00, 0x00, 0x23, 0x00, 0x00, 0x00, 0x63, 0x01, 
0x00, 0x00, 0x3E, 0x00, 0x03, 0x00, 0x6A, 0x01, 0x00, 0x00, 
0x69, 0x01, 0x00, 0x00, 0x3D, 0x00, 0x04, 0x00, 0x11, 0x00, 
0x00, 0x00, 0x6B, 0x01, 0x00, 0x00, 0x4D, 0x01, 0x00, 0x00, 
0x3D, 0x00, 0x04, 0x00, 0x11, 0x00, 0x00, 0x00, 0x6C, 0x01, 
0x00, 0x00, 0x56, 0x01, 0x00, 0x00, 0xAF, 0x00, 0x05, 0x00, 
0x4F, 0x00, 0x00, 0x00, 0x6D, 0x01, 0x00, 0x00, 0x6C, 0x01, 
0x00, 0x00, 0x62, 0x00, 0x00, 0x00, 0xA9, 0x00, 0x06, 0x00, 
0x0C, 0x00, 0x00, 0x00, 0x6E, 0x01, 0x00, 0x00, 0x6D, 0x01, 
0x00, 0x00, 0x60, 0x01, 0x00, 0x00, 0x5F, 0x01, 0x00, 0x00, 
0x41, 0x00, 0x05, 0x00, 0xB7, 0x00, 0x00, 0x00, 0x6F, 0x01, 
0x00, 0x00, 0x23, 0x00, 0x00, 0x00, 0x6B, 0x01, 0x00, 0x00, 
0x3E, 0x00, 0x03, 0x00, 0x6F, 0x01, 0x00, 0x00, 0x6E, 0x01, 
0x00, 0x00, 0x3E, 0x00, 0x03, 0x00, 0x24, 0x00, 0x00, 0x00, 
0xA3, 0x00, 0x00, 0x00, 0x3D, 0x00, 0x04, 0x00, 0x11, 0x00, 
0x00, 0x00, 0x70, 0x01, 0x00, 0x00, 0x46, 0x01, 0x00, 0x00, 
0x3D, 0x00, 0x04, 0x00, 0x11, 0x00, 0x00, 0x00, 0x71, 0x01, 
0x00, 0x00, 0x43, 0x01, 0x00, 0x00, 0x8B, 0x00, 0x05, 0x00, 
0x11, 0x00, 0x00, 0x00, 0x72, 0x01, 0x00, 0x00, 0x71, 0x01, 
0x00, 0x00, 0x62, 0x00, 0x00, 0x00, 0xAA, 0x00, 0x05, 0x00, 
0x4F, 0x00, 0x00, 0x00, 0x73, 0x01, 0x00, 0x00, 0x72, 0x01, 
0x00, 0x00, 0x4E, 0x00, 0x00, 0x00, 0xA9, 0x00, 0x06, 0x00, 
0x11, 0x00, 0x00, 0x00, 0x75, 0x01, 0x00, 0x00, 0x73, 0x01, 
0x00, 0x00, 0x74, 0x01, 0x00, 0x00, 0x59, 0x00, 0x00, 0x00, 
0x6F, 0x00, 0x04, 0x00, 0x0C, 0x00, 0x00, 0x00, 0x76, 0x01, 
0x00, 0x00, 0x75, 0x01, 0x00, 0x00, 0x41, 0x00, 0x05, 0x00, 
0xB7, 0x00, 0x00, 0x00, 0x77, 0x01, 0x00, 0x00, 0x24, 0x00, 
0x00, 0x00, 0x70, 0x01, 0x00, 0x00, 0x3E, 0x00, 0x03, 0x00, 
0x77, 0x01, 0x00, 0x00, 0x76, 0x01, 0x00, 0x00, 0xF9, 0x00, 
0x02, 0x00, 0x42, 0x01, 0x00, 0x00, 0xF8, 0x00, 0x02, 0x00, 
0x78, 0x01, 0x00, 0x00, 0x3D, 0x00, 0x04, 0x00, 0x11, 0x00, 
0x00, 0x00, 0x79, 0x01, 0x00, 0x00, 0x20, 0x00, 0x00, 0x00, 
0xAA, 0x00, 0x05, 0x00, 0x4F, 0x00, 0x00, 0x00, 0x7A, 0x01, 
0x00, 0x00, 0x79, 0x01, 0x00, 0x00, 0x90, 0x00, 0x00, 0x00, 
0xF7, 0x00, 0x03, 0x00, 0x7C, 0x01, 0x00, 0x00, 0x00, 0x00, 
0x00, 0x00, 0xFA, 0x00, 0x04, 0x00, 0x7A, 0x01, 0x00, 0x00, 
0x7B, 0x01, 0x00, 0x00, 0xF7, 0x01, 0x00, 0x00, 0xF8, 0x00, 
0x02, 0x00, 0x7B, 0x01, 0x00, 0x00, 0x3D, 0x00, 0x04, 0x00, 
0x11, 0x00, 0x00, 0x00, 0x7E, 0x01, 0x00, 0x00, 0xAD, 0x00, 
0x00, 0x00, 0x87, 0x00, 0x05, 0x00, 0x11, 0x00, 0x00, 0x00, 
0x7F, 0x01, 0x00, 0x00, 0x7E, 0x01, 0x00, 0x00, 0x80, 0x00, 
0x00, 0x00, 0x3E, 0x00, 0x03, 0x00, 0x7D, 0x01, 0x00, 0x00, 
0x7F, 0x01, 0x00, 0x00, 0x3D, 0x00, 0x04, 0x00, 0x11, 0x00, 
0x00, 0x00, 0x81, 0x01, 0x00, 0x00, 0xAD, 0x00, 0x00, 0x00, 
0x8B, 0x00, 0x05, 0x00, 0x11, 0x00, 0x00, 0x00, 0x82, 0x01, 
0x00, 0x00, 0x81, 0x01, 0x00, 0x00, 0x80, 0x00, 0x00, 0x00, 
0x3E, 0x00, 0x03, 0x00, 0x80, 0x01, 0x00, 0x00, 0x82, 0x01, 
0x00, 0x00, 0x3E, 0x00, 0x03, 0x00, 0x83, 0x01, 0x00, 0x00, 
0x55, 0x01, 0x00, 0x00, 0x3D, 0x00, 0x04, 0x00, 0x11, 0x00, 
0x00, 0x00, 0x84, 0x01, 0x00, 0x00, 0x7D, 0x01, 0x00, 0x00, 
0xB1, 0x00, 0x05, 0x00, 0x4F, 0x00, 0x00, 0x00, 0x85, 0x01, 
0x00, 0x00, 0x84, 0x01, 0x00, 0x00, 0x62, 0x00, 0x00, 0x00, 
0xF7, 0x00, 0x03, 0x00, 0x87, 0x01, 0x00, 0x00, 0x00, 0x00, 
0x00, 0x00, 0xFA, 0x00, 0x04, 0x00, 0x85, 0x01, 0x00, 0x00, 
0x86, 0x01, 0x00, 0x00, 0xBE, 0x01, 0x00, 0x00, 0xF8, 0x00, 
0x02, 0x00, 0x86, 0x01, 0x00, 0x00, 0x3D, 0x00, 0x04, 0x00, 
0x11, 0x00, 0x00, 0x00, 0x89, 0x01, 0x00, 0x00, 0x80, 0x01, 
0x00, 0x00, 0x3D, 0x00, 0x04, 0x00, 0x11, 0x00, 0x00, 0x00, 
0x8A, 0x01, 0x00, 0x00, 0xB0, 0x00, 0x00, 0x00, 0xAA, 0x00, 
0x05, 0x00, 0x4F, 0x00, 0x00, 0x00, 0x8B, 0x01, 0x00, 0x00, 
0x8A, 0x01, 0x00, 0x00, 0x62, 0x00, 0x00, 0x00, 0xA9, 0x00, 
0x06, 0x00, 0x11, 0x00, 0x00, 0x00, 0x8C, 0x01, 0x00, 0x00, 
0x8B, 0x01, 0x00, 0x00, 0x59, 0x00, 0x00, 0x00, 0x4E, 0x00, 
0x00, 0x00, 0x80, 0x00, 0x05, 0x00, 0x11, 0x00, 0x00, 0x00, 
0x8D, 0x01, 0x00, 0x00, 0x89, 0x01, 0x00, 0x00, 0x8C, 0x01, 
0x00, 0x00, 0x6F, 0x00, 0x04, 0x00, 0x0C, 0x00, 0x00, 0x00, 
0x8E, 0x01, 0x00, 0x00, 0x8D, 0x01, 0x00, 0x00, 0x85, 0x00, 
0x05, 0x00, 0x0C, 0x00, 0x00, 0x00, 0x8F, 0x01, 0x00, 0x00, 
0x8E, 0x01, 0x00, 0x00, 0x65, 0x00, 0x00, 0x00, 0x88, 0x00, 
0x05, 0x00, 0x0C, 0x00, 0x00, 0x00, 0x91, 0x01, 0x00, 0x00, 
0x8F, 0x01, 0x00, 0x00, 0x90, 0x01, 0x00, 0x00, 0x3E, 0x00, 
0x03, 0x00, 0x88, 0x01, 0x00, 0x00, 0x91, 0x01, 0x00, 0x00, 
0x3D, 0x00, 0x04, 0x00, 0x06, 0x00, 0x00, 0x00, 0x94, 0x01, 
0x00, 0x00, 0x22, 0x00, 0x00, 0x00, 0x3D, 0x00, 0x04, 0x00, 
0x11, 0x00, 0x00, 0x00, 0x95, 0x01, 0x00, 0x00, 0x80, 0x01, 
0x00, 0x00, 0x3D, 0x00, 0x04, 0x00, 0x11, 0x00, 0x00, 0x00, 
0x96, 0x01, 0x00, 0x00, 0xB0, 0x00, 0x00, 0x00, 0xAA, 0x00, 
0x05, 0x00, 0x4F, 0x00, 0x00, 0x00, 0x97, 0x01, 0x00, 0x00, 
0x96, 0x01, 0x00, 0x00, 0x62, 0x00, 0x00, 0x00, 0xA9, 0x00, 
0x06, 0x00, 0x11, 0x00, 0x00, 0x00, 0x98, 0x01, 0x00, 0x00, 
0x97, 0x01, 0x00, 0x00, 0x59, 0x00, 0x00, 0x00, 0x4E, 0x00, 
0x00, 0x00, 0x80, 0x00, 0x05, 0x00, 0x11, 0x00, 0x00, 0x00, 
0x99, 0x01, 0x00, 0x00, 0x95, 0x01, 0x00, 0x00, 0x98, 0x01, 
0x00, 0x00, 0x8B, 0x00, 0x05, 0x00, 0x11, 0x00, 0x00, 0x00, 
0x9A, 0x01, 0x00, 0x00, 0x99, 0x01, 0x00, 0x00, 0x80, 0x00, 
0x00, 0x00, 0x7C, 0x00, 0x04, 0x00, 0x06, 0x00, 0x00, 0x00, 
0x9B, 0x01, 0x00, 0x00, 0x9A, 0x01, 0x00, 0x00, 0x84, 0x00, 
0x05, 0x00, 0x06, 0x00, 0x00, 0x00, 0x9D, 0x01, 0x00, 0x00, 
0x9B, 0x01, 0x00, 0x00, 0x9C, 0x01, 0x00, 0x00, 0x80, 0x00, 
0x05, 0x00, 0x06, 0x00, 0x00, 0x00, 0x9E, 0x01, 0x00, 0x00, 
0x94, 0x01, 0x00, 0x00, 0x9D, 0x01, 0x00, 0x00, 0x3E, 0x00, 
0x03, 0x00, 0x9F, 0x01, 0x00, 0x00, 0x9E, 0x01, 0x00, 0x00, 
0x39, 0x00, 0x05, 0x00, 0x0C, 0x00, 0x00, 0x00, 0xA0, 0x01, 
0x00, 0x00, 0x0F, 0x00, 0x00, 0x00, 0x9F, 0x01, 0x00, 0x00, 
0x85, 0x00, 0x05, 0x00, 0x0C, 0x00, 0x00, 0x00, 0xA1, 0x01, 
0x00, 0x00, 0x93, 0x01, 0x00, 0x00, 0xA0, 0x01, 0x00, 0x00, 
0x81, 0x00, 0x05, 0x00, 0x0C, 0x00, 0x00, 0x00, 0xA2, 0x01, 
0x00, 0x00, 0xFD, 0x00, 0x00, 0x00, 0xA1, 0x01, 0x00, 0x00, 
0x3E, 0x00, 0x03, 0x00, 0x92, 0x01, 0x00, 0x00, 0xA2, 0x01, 
0x00, 0x00, 0x3D, 0x00, 0x04, 0x00, 0x11, 0x00, 0x00, 0x00, 
0xA3, 0x01, 0x00, 0x00, 0xB0, 0x00, 0x00, 0x00, 0xAA, 0x00, 
0x05, 0x00, 0x4F, 0x00, 0x00, 0x00, 0xA4, 0x01, 0x00, 0x00, 
0xA3, 0x01, 0x00, 0x00, 0x4E, 0x00, 0x00, 0x00, 0xF7, 0x00, 
0x03, 0x00, 0xA7, 0x01, 0x00, 0x00, 0x00, 0x00, 0x00, 0x00, 
0xFA, 0x00, 0x04, 0x00, 0xA4, 0x01, 0x00, 0x00, 0xA6, 0x01, 
0x00, 0x00, 0xA8, 0x01, 0x00, 0x00, 0xF8, 0x00, 0x02, 0x00, 
0xA6, 0x01, 0x00, 0x00, 0x3E, 0x00, 0x03, 0x00, 0xA5, 0x01, 
0x00, 0x00, 0xA4, 0x00, 0x00, 0x00, 0xF9, 0x00, 0x02, 0x00, 
0xA7, 0x01, 0x00, 0x00, 0xF8, 0x00, 0x02, 0x00, 0xA8, 0x01, 
0x00, 0x00, 0x3D, 0x00, 0x04, 0x00, 0x0C, 0x00, 0x00, 0x00, 
0xA9, 0x01, 0x00, 0x00, 0x88, 0x01, 0x00, 0x00, 0x0C, 0x00, 
0x06, 0x00, 0x0C, 0x00, 0x00, 0x00, 0xAA, 0x01, 0x00, 0x00, 
0x01, 0x00, 0x00, 0x00, 0x0E, 0x00, 0x00, 0x00, 0xA9, 0x01, 
0x00, 0x00, 0x3D, 0x00, 0x04, 0x00, 0x0C, 0x00, 0x00, 0x00, 
0xAB, 0x01, 0x00, 0x00, 0x88, 0x01, 0x00, 0x00, 0x0C, 0x00, 
0x06, 0x00, 0x0C, 0x00, 0x00, 0x00, 0xAC, 0x01, 0x00, 0x00, 
0x01, 0x00, 0x00, 0x00, 0x0D, 0x00, 0x00, 0x00, 0xAB, 0x01, 
0x00, 0x00, 0x50, 0x00, 0x05, 0x00, 0x1D, 0x00, 0x00, 0x00, 
0xAD, 0x01, 0x00, 0x00, 0xAA, 0x01, 0x00, 0x00, 0xAC, 0x01, 
0x00, 0x00, 0x3D, 0x00, 0x04, 0x00, 0x0C, 0x00, 0x00, 0x00, 
0xAE, 0x01, 0x00, 0x00, 0x92, 0x01, 0x00, 0x00, 0x8E, 0x00, 
0x05, 0x00, 0x1D, 0x00, 0x00, 0x00, 0xAF, 0x01, 0x00, 0x00, 
0xAD, 0x01, 0x00, 0x00, 0xAE, 0x01, 0x00, 0x00, 0x3E, 0x00, 
0x03, 0x00, 0xA5, 0x01, 0x00, 0x00, 0xAF, 0x01, 0x00, 0x00, 
0xF9, 0x00, 0x02, 0x00, 0xA7, 0x01, 0x00, 0x00, 0xF8, 0x00, 
0x02, 0x00, 0xA7, 0x01, 0x00, 0x00, 0x3D, 0x00, 0x04, 0x00, 
0x1D, 0x00, 0x00, 0x00, 0xB0, 0x01, 0x00, 0x00, 0xA5, 0x01, 
0x00, 0x00, 0x3D, 0x00, 0x04, 0x00, 0x11, 0x00, 0x00, 0x00, 
0xB1, 0x01, 0x00, 0x00, 0x7D, 0x01, 0x00, 0x00, 0xAA, 0x00, 
0x05, 0x00, 0x4F, 0x00, 0x00, 0x00, 0xB2, 0x01, 0x00, 0x00, 
0xB1, 0x01, 0x00, 0x00, 0x4E, 0x00, 0x00, 0x00, 0xA9, 0x00, 
0x06, 0x00, 0x0C, 0x00, 0x00, 0x00, 0xB5, 0x01, 0x00, 0x00, 
0xB2, 0x01, 0x00, 0x00, 0xB3, 0x01, 0x00, 0x00, 0xB4, 0x01, 
0x00, 0x00, 0x51, 0x00, 0x05, 0x00, 0x0C, 0x00, 0x00, 0x00, 
0xB6, 0x01, 0x00, 0x00, 0xB0, 0x01, 0x00, 0x00, 0x00, 0x00, 
0x00, 0x00, 0x51, 0x00, 0x05, 0x00, 0x0C, 0x00, 0x00, 0x00, 
0xB7, 0x01, 0x00, 0x00, 0xB0, 0x01, 0x00, 0x00, 0x01, 0x00, 
0x00, 0x00, 0x50, 0x00, 0x06, 0x00, 0x13, 0x00, 0x00, 0x00, 
0xB8, 0x01, 0x00, 0x00, 0xB6, 0x01, 0x00, 0x00, 0xB7, 0x01, 
0x00, 0x00, 0xB5, 0x01, 0x00, 0x00, 0x3E, 0x00, 0x03, 0x00, 
0x23, 0x00, 0x00, 0x00, 0xB8, 0x01, 0x00, 0x00, 0x3D, 0x00, 
0x04, 0x00, 0x11, 0x00, 0x00, 0x00, 0xB9, 0x01, 0x00, 0x00, 
0x7D, 0x01, 0x00, 0x00, 0xAA, 0x00, 0x05, 0x00, 0x4F, 0x00, 
0x00, 0x00, 0xBA, 0x01, 0x00, 0x00, 0xB9, 0x01, 0x00, 0x00, 
0x4E, 0x00, 0x00, 0x00, 0xA9, 0x00, 0x06, 0x00, 0x11, 0x00, 
0x00, 0x00, 0xBB, 0x01, 0x00, 0x00, 0xBA, 0x01, 0x00, 0x00, 
0x59, 0x00, 0x00, 0x00, 0x74, 0x01, 0x00, 0x00, 0x6F, 0x00, 
0x04, 0x00, 0x0C, 0x00, 0x00, 0x00, 0xBC, 0x01, 0x00, 0x00, 
0xBB, 0x01, 0x00, 0x00, 0x50, 0x00, 0x06, 0x00, 0x13, 0x00, 
0x00, 0x00, 0xBD, 0x01, 0x00, 0x00, 0x54, 0x00, 0x00, 0x00, 
0x54, 0x00, 0x00, 0x00, 0xBC, 0x01, 0x00, 0x00, 0x3E, 0x00, 
0x03, 0x00, 0x24, 0x00, 0x00, 0x00, 0xBD, 0x01, 0x00, 0x00, 
0xF9, 0x00, 0x02, 0x00, 0x87, 0x01, 0x00, 0x00, 0xF8, 0x00, 
0x02, 0x00, 0xBE, 0x01, 0x00, 0x00, 0x3D, 0x00, 0x04, 0x00, 
0x11, 0x00, 0x00, 0x00, 0xC0, 0x01, 0x00, 0x00, 0xAD, 0x00, 
0x00, 0x00, 0x82, 0x00, 0x05, 0x00, 0x11, 0x00, 0x00, 0x00, 
0xC2, 0x01, 0x00, 0x00, 0xC0, 0x01, 0x00, 0x00, 0xC1, 0x01, 
0x00, 0x00, 0x87, 0x00, 0x05, 0x00, 0x11, 0x00, 0x00, 0x00, 
0xC3, 0x01, 0x00, 0x00, 0xC2, 0x01, 0x00, 0x00, 0x62, 0x00, 
0x00, 0x00, 0x3E, 0x00, 0x03, 0x00, 0xBF, 0x01, 0x00, 0x00, 
0xC3, 0x01, 0x00, 0x00, 0x3D, 0x00, 0x04, 0x00, 0x11, 0x00, 
0x00, 0x00, 0xC5, 0x01, 0x00, 0x00, 0xAD, 0x00, 0x00, 0x00, 
0x8B, 0x00, 0x05, 0x00, 0x11, 0x00, 0x00, 0x00, 0xC6, 0x01, 
0x00, 0x00, 0xC5, 0x01, 0x00, 0x00, 0x62, 0x00, 0x00, 0x00, 
0x84, 0x00, 0x05, 0x00, 0x11, 0x00, 0x00, 0x00, 0xC7, 0x01, 
0x00, 0x00, 0xC6, 0x01, 0x00, 0x00, 0x7D, 0x00, 0x00, 0x00, 
0x3D, 0x00, 0x04, 0x00, 0x11, 0x00, 0x00, 0x00, 0xC8, 0x01, 
0x00, 0x00, 0xB0, 0x00, 0x00, 0x00, 0x80, 0x00, 0x05, 0x00, 
0x11, 0x00, 0x00, 0x00, 0xC9, 0x01, 0x00, 0x00, 0xC7, 0x01, 
0x00, 0x00, 0xC8, 0x01, 0x00, 0x00, 0x41, 0x00, 0x05, 0x00, 
0x12, 0x00, 0x00, 0x00, 0xCA, 0x01, 0x00, 0x00, 0x83, 0x01, 
0x00, 0x00, 0xC9, 0x01, 0x00, 0x00, 0x3D, 0x00, 0x04, 0x00, 
0x11, 0x00, 0x00, 0x00, 0xCB, 0x01, 0x00, 0x00, 0xCA, 0x01, 
0x00, 0x00, 0x3E, 0x00, 0x03, 0x00, 0xC4, 0x01, 0x00, 0x00, 
0xCB, 0x01, 0x00, 0x00, 0x3D, 0x00, 0x04, 0x00, 0x11, 0x00, 
0x00, 0x00, 0xCD, 0x01, 0x00, 0x00, 0xBF, 0x01, 0x00, 0x00, 
0x3D, 0x00, 0x04, 0x00, 0x11, 0x00, 0x00, 0x00, 0xCE, 0x01, 
0x00, 0x00, 0xC4, 0x01, 0x00, 0x00, 0xAA, 0x00, 0x05, 0x00, 
0x4F, 0x00, 0x00, 0x00, 0xCF, 0x01, 0x00, 0x00, 0xCE, 0x01, 
0x00, 0x00, 0x59, 0x00, 0x00, 0x00, 0x3D, 0x00, 0x04, 0x00, 
0x11, 0x00, 0x00, 0x00, 0xD0, 0x01, 0x00, 0x00, 0xC4, 0x01, 
0x00, 0x00, 0xAA, 0x00, 0x05, 0x00, 0x4F, 0x00, 0x00, 0x00, 
0xD1, 0x01, 0x00, 0x00, 0xD0, 0x01, 0x00, 0x00, 0x62, 0x00, 
0x00, 0x00, 0xA6, 0x00, 0x05, 0x00, 0x4F, 0x00, 0x00, 0x00, 
0xD2, 0x01, 0x00, 0x00, 0xCF, 0x01, 0x00, 0x00, 0xD1, 0x01, 
0x00, 0x00, 0xA9, 0x00, 0x06, 0x00, 0x11, 0x00, 0x00, 0x00, 
0xD3, 0x01, 0x00, 0x00, 0xD2, 0x01, 0x00, 0x00, 0x59, 0x00, 
0x00, 0x00, 0x4E, 0x00, 0x00, 0x00, 0x80, 0x00, 0x05, 0x00, 
0x11, 0x00, 0x00, 0x00, 0xD4, 0x01, 0x00, 0x00, 0xCD, 0x01, 
0x00, 0x00, 0xD3, 0x01, 0x00, 0x00, 0x8B, 0x00, 0x05, 0x00, 
0x11, 0x00, 0x00, 0x00, 0xD5, 0x01, 0x00, 0x00, 0xD4, 0x01, 
0x00, 0x00, 0x80, 0x00, 0x00, 0x00, 0x3E, 0x00, 0x03, 0x00, 
0xCC, 0x01, 0x00, 0x00, 0xD5, 0x01, 0x00, 0x00, 0x3D, 0x00, 
0x04, 0x00, 0x11, 0x00, 0x00, 0x00, 0xD7, 0x01, 0x00, 0x00, 
0xCC, 0x01, 0x00, 0x00, 0x6F, 0x00, 0x04, 0x00, 0x0C, 0x00, 
0x00, 0x00, 0xD8, 0x01, 0x00, 0x00, 0xD7, 0x01, 0x00, 0x00, 
0x85, 0x00, 0x05, 0x00, 0x0C, 0x00, 0x00, 0x00, 0xD9, 0x01, 
0x00, 0x00, 0xD8, 0x01, 0x00, 0x00, 0x65, 0x00, 0x00, 0x00, 
0x88, 0x00, 0x05, 0x00, 0x0C, 0x00, 0x00, 0x00, 0xDA, 0x01, 
0x00, 0x00, 0xD9, 0x01, 0x00, 0x00, 0x90, 0x01, 0x00, 0x00, 
0x3E, 0x00, 0x03, 0x00, 0xD6, 0x01, 0x00, 0x00, 0xDA, 0x01, 
0x00, 0x00, 0x3D, 0x00, 0x04, 0x00, 0x06, 0x00, 0x00, 0x00, 
0xDC, 0x01, 0x00, 0x00, 0x22, 0x00, 0x00, 0x00, 0x3D, 0x00, 
0x04, 0x00, 0x11, 0x00, 0x00, 0x00, 0xDD, 0x01, 0x00, 0x00, 
0xCC, 0x01, 0x00, 0x00, 0x7C, 0x00, 0x04, 0x00, 0x06, 0x00, 
0x00, 0x00, 0xDE, 0x01, 0x00, 0x00, 0xDD, 0x01, 0x00, 0x00, 
0x84, 0x00, 0x05, 0x00, 0x06, 0x00, 0x00, 0x00, 0xDF, 0x01, 
0x00, 0x00, 0xDE, 0x01, 0x00, 0x00, 0x9C, 0x01, 0x00, 0x00, 
0x80, 0x00, 0x05, 0x00, 0x06, 0x00, 0x00, 0x00, 0xE0, 0x01, 
0x00, 0x00, 0xDC, 0x01, 0x00, 0x00, 0xDF, 0x01, 0x00, 0x00, 
0x3E, 0x00, 0x03, 0x00, 0xE1, 0x01, 0x00, 0x00, 0xE0, 0x01, 
0x00, 0x00, 0x39, 0x00, 0x05, 0x00, 0x0C, 0x00, 0x00, 0x00, 
0xE2, 0x01, 0x00, 0x00, 0x0F, 0x00, 0x00, 0x00, 0xE1, 0x01, 
0x00, 0x00, 0x85, 0x00, 0x05, 0x00, 0x0C, 0x00, 0x00, 0x00, 
0xE3, 0x01, 0x00, 0x00, 0x93, 0x01, 0x00, 0x00, 0xE2, 0x01, 
0x00, 0x00, 0x81, 0x00, 0x05, 0x00, 0x0C, 0x00, 0x00, 0x00, 
0xE4, 0x01, 0x00, 0x00, 0xFD, 0x00, 0x00, 0x00, 0xE3, 0x01, 
0x00, 0x00, 0x3E, 0x00, 0x03, 0x00, 0xDB, 0x01, 0x00, 0x00, 
0xE4, 0x01, 0x00, 0x00, 0x3D, 0x00, 0x04, 0x00, 0x0C, 0x00, 
0x00, 0x00, 0xE5, 0x01, 0x00, 0x00, 0xD6, 0x01, 0x00, 0x00, 
0x0C, 0x00, 0x06, 0x00, 0x0C, 0x00, 0x00, 0x00, 0xE6, 0x01, 
0x00, 0x00, 0x01, 0x00, 0x00, 0x00, 0x0E, 0x00, 0x00, 0x00, 
0xE5, 0x01, 0x00, 0x00, 0x3D, 0x00, 0x04, 0x00, 0x0C, 0x00, 
0x00, 0x00, 0xE7, 0x01, 0x00, 0x00, 0xD6, 0x01, 0x00, 0x00, 
0x0C, 0x00, 0x06, 0x00, 0x0C, 0x00, 0x00, 0x00, 0xE8, 0x01, 
0x00, 0x00, 0x01, 0x00, 0x00, 0x00, 0x0D, 0x00, 0x00, 0x00, 
0xE7, 0x01, 0x00, 0x00, 0x50, 0x00, 0x05, 0x00, 0x1D, 0x00, 
0x00, 0x00, 0xE9, 0x01, 0x00, 0x00, 0xE6, 0x01, 0x00, 0x00, 
0xE8, 0x01, 0x00, 0x00, 0x3D, 0x00, 0x04, 0x00, 0x0C, 0x00, 
0x00, 0x00, 0xEA, 0x01, 0x00, 0x00, 0xDB, 0x01, 0x00, 0x00, 
0x8E, 0x00, 0x05, 0x00, 0x1D, 0x00, 0x00, 0x00, 0xEB, 0x01, 
0x00, 0x00, 0xE9, 0x01, 0x00, 0x00, 0xEA, 0x01, 0x00, 0x00, 
0x3D, 0x00, 0x04, 0x00, 0x11, 0x00, 0x00, 0x00, 0xEC, 0x01, 
0x00, 0x00, 0xC4, 0x01, 0x00, 0x00, 0xAF, 0x00, 0x05, 0x00, 
0x4F, 0x00, 0x00, 0x00, 0xED, 0x01, 0x00, 0x00, 0xEC, 0x01, 
0x00, 0x00, 0x62, 0x00, 0x00, 0x00, 0xA9, 0x00, 0x06, 0x00, 
0x0C, 0x00, 0x00, 0x00, 0xEE, 0x01, 0x00, 0x00, 0xED, 0x01, 
0x00, 0x00, 0xB3, 0x01, 0x00, 0x00, 0xB4, 0x01, 0x00, 0x00, 
0x51, 0x00, 0x05, 0x00, 0x0C, 0x00, 0x00, 0x00, 0xEF, 0x01, 
0x00, 0x00, 0xEB, 0x01, 0x00, 0x00, 0x00, 0x00, 0x00, 0x00, 
0x51, 0x00, 0x05, 0x00, 0x0C, 0x00, 0x00, 0x00, 0xF0, 0x01, 
0x00, 0x00, 0xEB, 0x01, 0x00, 0x00, 0x01, 0x00, 0x00, 0x00, 
0x50, 0x00, 0x06, 0x00, 0x13, 0x00, 0x00, 0x00, 0xF1, 0x01, 
0x00, 0x00, 0xEF, 0x01, 0x00, 0x00, 0xF0, 0x01, 0x00, 0x00, 
0xEE, 0x01, 0x00, 0x00, 0x3E, 0x00, 0x03, 0x00, 0x23, 0x00, 
0x00, 0x00, 0xF1, 0x01, 0x00, 0x00, 0x3D, 0x00, 0x04, 0x00, 
0x0C, 0x00, 0x00, 0x00, 0xF2, 0x01, 0x00, 0x00, 0xD6, 0x01, 
0x00, 0x00, 0x0C, 0x00, 0x06, 0x00, 0x0C, 0x00, 0x00, 0x00, 
0xF3, 0x01, 0x00, 0x00, 0x01, 0x00, 0x00, 0x00, 0x0E, 0x00, 
0x00, 0x00, 0xF2, 0x01, 0x00, 0x00, 0x3D, 0x00, 0x04, 0x00, 
0x0C, 0x00, 0x00, 0x00, 0xF4, 0x01, 0x00, 0x00, 0xD6, 0x01, 
0x00, 0x00, 0x0C, 0x00, 0x06, 0x00, 0x0C, 0x00, 0x00, 0x00, 
0xF5, 0x01, 0x00, 0x00, 0x01, 0x00, 0x00, 0x00, 0x0D, 0x00, 
0x00, 0x00, 0xF4, 0x01, 0x00, 0x00, 0x50, 0x00, 0x06, 0x00, 
0x13, 0x00, 0x00, 0x00, 0xF6, 0x01, 0x00, 0x00, 0xF3, 0x01, 
0x00, 0x00, 0xF5, 0x01, 0x00, 0x00, 0x54, 0x00, 0x00, 0x00, 
0x3E, 0x00, 0x03, 0x00, 0x24, 0x00, 0x00, 0x00, 0xF6, 0x01, 
0x00, 0x00, 0xF9, 0x00, 0x02, 0x00, 0x87, 0x01, 0x00, 0x00, 
0xF8, 0x00, 0x02, 0x00, 0x87, 0x01, 0x00, 0x00, 0xF9, 0x00, 
0x02, 0x00, 0x7C, 0x01, 0x00, 0x00, 0xF8, 0x00, 0x02, 0x00, 
0xF7, 0x01, 0x00, 0x00, 0x3D, 0x00, 0x04, 0x00, 0x11, 0x00, 
0x00, 0x00, 0xF8, 0x01, 0x00, 0x00, 0x20, 0x00, 0x00, 0x00, 
0xAA, 0x00, 0x05, 0x00, 0x4F, 0x00, 0x00, 0x00, 0xF9, 0x01, 
0x00, 0x00, 0xF8, 0x01, 0x00, 0x00, 0x98, 0x00, 0x00, 0x00, 
0xF7, 0x00, 0x03, 0x00, 0xFB, 0x01, 0x00, 0x00, 0x00, 0x00, 
0x00, 0x00, 0xFA, 0x00, 0x04, 0x00, 0xF9, 0x01, 0x00, 0x00, 
0xFA, 0x01, 0x00, 0x00, 0x5A, 0x02, 0x00, 0x00, 0xF8, 0x00, 
0x02, 0x00, 0xFA, 0x01, 0x00, 0x00, 0x3D, 0x00, 0x04, 0x00, 
0x11, 0x00, 0x00, 0x00, 0xFD, 0x01, 0x00, 0x00, 0x21, 0x00, 
0x00, 0x00, 0x87, 0x00, 0x05, 0x00, 0x11, 0x00, 0x00, 0x00, 
0xFF, 0x01, 0x00, 0x00, 0xFD, 0x01, 0x00, 0x00, 0xFE, 0x01, 
0x00, 0x00, 0x3E, 0x00, 0x03, 0x00, 0xFC, 0x01, 0x00, 0x00, 
0xFF, 0x01, 0x00, 0x00, 0x3D, 0x00, 0x04, 0x00, 0x11, 0x00, 
0x00, 0x00, 0x01, 0x02, 0x00, 0x00, 0x21, 0x00, 0x00, 0x00, 
0x8B, 0x00, 0x05, 0x00, 0x11, 0x00, 0x00, 0x00, 0x02, 0x02, 
0x00, 0x00, 0x01, 0x02, 0x00, 0x00, 0xFE, 0x01, 0x00, 0x00, 
0x87, 0x00, 0x05, 0x00, 0x11, 0x00, 0x00, 0x00, 0x03, 0x02, 
0x00, 0x00, 0x02, 0x02, 0x00, 0x00, 0x80, 0x00, 0x00, 0x00, 
0x3E, 0x00, 0x03, 0x00, 0x00, 0x02, 0x00, 0x00, 0x03, 0x02, 
0x00, 0x00, 0x3E, 0x00, 0x03, 0x00, 0x04, 0x02, 0x00, 0x00, 
0x55, 0x01, 0x00, 0x00, 0x3D, 0x00, 0x04, 0x00, 0x11, 0x00, 
0x00, 0x00, 0x06, 0x02, 0x00, 0x00, 0x21, 0x00, 0x00, 0x00, 
0x8B, 0x00, 0x05, 0x00, 0x11, 0x00, 0x00, 0x00, 0x07, 0x02, 
0x00, 0x00, 0x06, 0x02, 0x00, 0x00, 0x80, 0x00, 0x00, 0x00, 
0x41, 0x00, 0x05, 0x00, 0x12, 0x00, 0x00, 0x00, 0x08, 0x02, 
0x00, 0x00, 0x04, 0x02, 0x00, 0x00, 0x07, 0x02, 0x00, 0x00, 
0x3D, 0x00, 0x04, 0x00, 0x11, 0x00, 0x00, 0x00, 0x09, 0x02, 
0x00, 0x00, 0x08, 0x02, 0x00, 0x00, 0x3E, 0x00, 0x03, 0x00, 
0x05, 0x02, 0x00, 0x00, 0x09, 0x02, 0x00, 0x00, 0x3D, 0x00, 
0x04, 0x00, 0x11, 0x00, 0x00, 0x00, 0x0B, 0x02, 0x00, 0x00, 
0x00, 0x02, 0x00, 0x00, 0x6F, 0x00, 0x04, 0x00, 0x0C, 0x00, 
0x00, 0x00, 0x0C, 0x02, 0x00, 0x00, 0x0B, 0x02, 0x00, 0x00, 
0x3D, 0x00, 0x04, 0x00, 0x11, 0x00, 0x00, 0x00, 0x0D, 0x02, 
0x00, 0x00, 0x05, 0x02, 0x00, 0x00, 0xAF, 0x00, 0x05, 0x00, 
0x4F, 0x00, 0x00, 0x00, 0x0E, 0x02, 0x00, 0x00, 0x0D, 0x02, 
0x00, 0x00, 0x62, 0x00, 0x00, 0x00, 0xA9, 0x00, 0x06, 0x00, 
0x0C, 0x00, 0x00, 0x00, 0x0F, 0x02, 0x00, 0x00, 0x0E, 0x02, 
0x00, 0x00, 0x55, 0x00, 0x00, 0x00, 0x54, 0x00, 0x00, 0x00, 
0x81, 0x00, 0x05, 0x00, 0x0C, 0x00, 0x00, 0x00, 0x10, 0x02, 
0x00, 0x00, 0x0C, 0x02, 0x00, 0x00, 0x0F, 0x02, 0x00, 0x00, 
0x88, 0x00, 0x05, 0x00, 0x0C, 0x00, 0x00, 0x00, 0x11, 0x02, 
0x00, 0x00, 0x10, 0x02, 0x00, 0x00, 0xC0, 0x00, 0x00, 0x00, 
0x3E, 0x00, 0x03, 0x00, 0x0A, 0x02, 0x00, 0x00, 0x11, 0x02, 
0x00, 0x00, 0x3D, 0x00, 0x04, 0x00, 0x11, 0x00, 0x00, 0x00, 
0x13, 0x02, 0x00, 0x00, 0x05, 0x02, 0x00, 0x00, 0xAA, 0x00, 
0x05, 0x00, 0x4F, 0x00, 0x00, 0x00, 0x14, 0x02, 0x00, 0x00, 
0x13, 0x02, 0x00, 0x00, 0x59, 0x00, 0x00, 0x00, 0x3D, 0x00, 
0x04, 0x00, 0x11, 0x00, 0x00, 0x00, 0x15, 0x02, 0x00, 0x00, 
0x05, 0x02, 0x00, 0x00, 0xAA, 0x00, 0x05, 0x00, 0x4F, 0x00, 
0x00, 0x00, 0x16, 0x02, 0x00, 0x00, 0x15, 0x02, 0x00, 0x00, 
0x62, 0x00, 0x00, 0x00, 0xA6, 0x00, 0x05, 0x00, 0x4F, 0x00, 
0x00, 0x00, 0x17, 0x02, 0x00, 0x00, 0x14, 0x02, 0x00, 0x00, 
0x16, 0x02, 0x00, 0x00, 0xA9, 0x00, 0x06, 0x00, 0x0C, 0x00, 
0x00, 0x00, 0x18, 0x02, 0x00, 0x00, 0x17, 0x02, 0x00, 0x00, 
0x55, 0x00, 0x00, 0x00, 0x5E, 0x00, 0x00, 0x00, 0x3E, 0x00, 
0x03, 0x00, 0x12, 0x02, 0x00, 0x00, 0x18, 0x02, 0x00, 0x00, 
0x3D, 0x00, 0x04, 0x00, 0x06, 0x00, 0x00, 0x00, 0x1B, 0x02, 
0x00, 0x00, 0x22, 0x00, 0x00, 0x00, 0x3E, 0x00, 0x03, 0x00, 
0x1A, 0x02, 0x00, 0x00, 0x1B, 0x02, 0x00, 0x00, 0x39, 0x00, 
0x05, 0x00, 0x0C, 0x00, 0x00, 0x00, 0x1C, 0x02, 0x00, 0x00, 
0x0F, 0x00, 0x00, 0x00, 0x1A, 0x02, 0x00, 0x00, 0x85, 0x00, 
0x05, 0x00, 0x0C, 0x00, 0x00, 0x00, 0x1D, 0x02, 0x00, 0x00, 
0x1C, 0x02, 0x00, 0x00, 0x65, 0x00, 0x00, 0x00, 0x3E, 0x00, 
0x03, 0x00, 0x19, 0x02, 0x00, 0x00, 0x1D, 0x02, 0x00, 0x00, 
0x3D, 0x00, 0x04, 0x00, 0x0C, 0x00, 0x00, 0x00, 0x1E, 0x02, 
0x00, 0x00, 0x0A, 0x02, 0x00, 0x00, 0x83, 0x00, 0x05, 0x00, 
0x0C, 0x00, 0x00, 0x00, 0x20, 0x02, 0x00, 0x00, 0x1E, 0x02, 
0x00, 0x00, 0x1F, 0x02, 0x00, 0x00, 0x85, 0x00, 0x05, 0x00, 
0x0C, 0x00, 0x00, 0x00, 0x21, 0x02, 0x00, 0x00, 0x20, 0x02, 
0x00, 0x00, 0x67, 0x00, 0x00, 0x00, 0x3D, 0x00, 0x04, 0x00, 
0x0C, 0x00, 0x00, 0x00, 0x22, 0x02, 0x00, 0x00, 0x0A, 0x02, 
0x00, 0x00, 0x85, 0x00, 0x05, 0x00, 0x0C, 0x00, 0x00, 0x00, 
0x23, 0x02, 0x00, 0x00, 0x22, 0x02, 0x00, 0x00, 0x65, 0x00, 
0x00, 0x00, 0x3D, 0x00, 0x04, 0x00, 0x0C, 0x00, 0x00, 0x00, 
0x24, 0x02, 0x00, 0x00, 0x19, 0x02, 0x00, 0x00, 0x81, 0x00, 
0x05, 0x00, 0x0C, 0x00, 0x00, 0x00, 0x25, 0x02, 0x00, 0x00, 
0x23, 0x02, 0x00, 0x00, 0x24, 0x02, 0x00, 0x00, 0x0C, 0x00, 
0x06, 0x00, 0x0C, 0x00, 0x00, 0x00, 0x26, 0x02, 0x00, 0x00, 
0x01, 0x00, 0x00, 0x00, 0x0D, 0x00, 0x00, 0x00, 0x25, 0x02, 
0x00, 0x00, 0x85, 0x00, 0x05, 0x00, 0x0C, 0x00, 0x00, 0x00, 
0x28, 0x02, 0x00, 0x00, 0x26, 0x02, 0x00, 0x00, 0x27, 0x02, 
0x00, 0x00, 0x3D, 0x00, 0x04, 0x00, 0x0C, 0x00, 0x00, 0x00, 
0x29, 0x02, 0x00, 0x00, 0x0A, 0x02, 0x00, 0x00, 0x85, 0x00, 
0x05, 0x00, 0x0C, 0x00, 0x00, 0x00, 0x2A, 0x02, 0x00, 0x00, 
0x29, 0x02, 0x00, 0x00, 0x65, 0x00, 0x00, 0x00, 0x85, 0x00, 
0x05, 0x00, 0x0C, 0x00, 0x00, 0x00, 0x2B, 0x02, 0x00, 0x00, 
0x2A, 0x02, 0x00, 0x00, 0xFD, 0x00, 0x00, 0x00, 0x3D, 0x00, 
0x04, 0x00, 0x0C, 0x00, 0x00, 0x00, 0x2C, 0x02, 0x00, 0x00, 
0x19, 0x02, 0x00, 0x00, 0x81, 0x00, 0x05, 0x00, 0x0C, 0x00, 
0x00, 0x00, 0x2D, 0x02, 0x00, 0x00, 0x2B, 0x02, 0x00, 0x00, 
0x2C, 0x02, 0x00, 0x00, 0x0C, 0x00, 0x06, 0x00, 0x0C, 0x00, 
0x00, 0x00, 0x2E, 0x02, 0x00, 0x00, 0x01, 0x00, 0x00, 0x00, 
0x0E, 0x00, 0x00, 0x00, 0x2D, 0x02, 0x00, 0x00, 0x85, 0x00, 
0x05, 0x00, 0x0C, 0x00, 0x00, 0x00, 0x30, 0x02, 0x00, 0x00, 
0x2E, 0x02, 0x00, 0x00, 0x2F, 0x02, 0x00, 0x00, 0x50, 0x00, 
0x06, 0x00, 0x13, 0x00, 0x00, 0x00, 0x31, 0x02, 0x00, 0x00, 
0x21, 0x02, 0x00, 0x00, 0x28, 0x02, 0x00, 0x00, 0x30, 0x02, 
0x00, 0x00, 0x3E, 0x00, 0x03, 0x00, 0x23, 0x00, 0x00, 0x00, 
0x31, 0x02, 0x00, 0x00, 0x3D, 0x00, 0x04, 0x00, 0x11, 0x00, 
0x00, 0x00, 0x32, 0x02, 0x00, 0x00, 0xFC, 0x01, 0x00, 0x00, 
0xAA, 0x00, 0x05, 0x00, 0x4F, 0x00, 0x00, 0x00, 0x33, 0x02, 
0x00, 0x00, 0x32, 0x02, 0x00, 0x00, 0x4E, 0x00, 0x00, 0x00, 
0xF7, 0x00, 0x03, 0x00, 0x35, 0x02, 0x00, 0x00, 0x00, 0x00, 
0x00, 0x00, 0xFA, 0x00, 0x04, 0x00, 0x33, 0x02, 0x00, 0x00, 
0x34, 0x02, 0x00, 0x00, 0x48, 0x02, 0x00, 0x00, 0xF8, 0x00, 
0x02, 0x00, 0x34, 0x02, 0x00, 0x00, 0x3D, 0x00, 0x04, 0x00, 
0x0C, 0x00, 0x00, 0x00, 0x36, 0x02, 0x00, 0x00, 0x12, 0x02, 
0x00, 0x00, 0x85, 0x00, 0x05, 0x00, 0x0C, 0x00, 0x00, 0x00, 
0x38, 0x02, 0x00, 0x00, 0x36, 0x02, 0x00, 0x00, 0x37, 0x02, 
0x00, 0x00, 0x41, 0x00, 0x05, 0x00, 0xB7, 0x00, 0x00, 0x00, 
0x3A, 0x02, 0x00, 0x00, 0x23, 0x00, 0x00, 0x00, 0x39, 0x02, 
0x00, 0x00, 0x3D, 0x00, 0x04, 0x00, 0x0C, 0x00, 0x00, 0x00, 
0x3B, 0x02, 0x00, 0x00, 0x3A, 0x02, 0x00, 0x00, 0x81, 0x00, 
0x05, 0x00, 0x0C, 0x00, 0x00, 0x00, 0x3C, 0x02, 0x00, 0x00, 
0x3B, 0x02, 0x00, 0x00, 0x38, 0x02, 0x00, 0x00, 0x41, 0x00, 
0x05, 0x00, 0xB7, 0x00, 0x00, 0x00, 0x3D, 0x02, 0x00, 0x00, 
0x23, 0x00, 0x00, 0x00, 0x39, 0x02, 0x00, 0x00, 0x3E, 0x00, 
0x03, 0x00, 0x3D, 0x02, 0x00, 0x00, 0x3C, 0x02, 0x00, 0x00, 
0x3D, 0x00, 0x04, 0x00, 0x0C, 0x00, 0x00, 0x00, 0x3E, 0x02, 
0x00, 0x00, 0x0A, 0x02, 0x00, 0x00, 0x85, 0x00, 0x05, 0x00, 
0x0C, 0x00, 0x00, 0x00, 0x3F, 0x02, 0x00, 0x00, 0x3E, 0x02, 
0x00, 0x00, 0x65, 0x00, 0x00, 0x00, 0x3D, 0x00, 0x04, 0x00, 
0x0C, 0x00, 0x00, 0x00, 0x40, 0x02, 0x00, 0x00, 0x19, 0x02, 
0x00, 0x00, 0x81, 0x00, 0x05, 0x00, 0x0C, 0x00, 0x00, 0x00, 
0x41, 0x02, 0x00, 0x00, 0x3F, 0x02, 0x00, 0x00, 0x40, 0x02, 
0x00, 0x00, 0x0C, 0x00, 0x06, 0x00, 0x0C, 0x00, 0x00, 0x00, 
0x42, 0x02, 0x00, 0x00, 0x01, 0x00, 0x00, 0x00, 0x0E, 0x00, 
0x00, 0x00, 0x41, 0x02, 0x00, 0x00, 0x7F, 0x00, 0x04, 0x00, 
0x0C, 0x00, 0x00, 0x00, 0x43, 0x02, 0x00, 0x00, 0x42, 0x02, 
0x00, 0x00, 0x85, 0x00, 0x05, 0x00, 0x0C, 0x00, 0x00, 0x00, 
0x45, 0x02, 0x00, 0x00, 0x43, 0x02, 0x00, 0x00, 0x44, 0x02, 
0x00, 0x00, 0x50, 0x00, 0x06, 0x00, 0x13, 0x00, 0x00, 0x00, 
0x46, 0x02, 0x00, 0x00, 0x45, 0x02, 0x00, 0x00, 0x55, 0x00, 
0x00, 0x00, 0x55, 0x00, 0x00, 0x00, 0x0C, 0x00, 0x06, 0x00, 
0x13, 0x00, 0x00, 0x00, 0x47, 0x02, 0x00, 0x00, 0x01, 0x00, 
0x00, 0x00, 0x45, 0x00, 0x00, 0x00, 0x46, 0x02, 0x00, 0x00, 
0x3E, 0x00, 0x03, 0x00, 0x24, 0x00, 0x00, 0x00, 0x47, 0x02, 
0x00, 0x00, 0xF9, 0x00, 0x02, 0x00, 0x35, 0x02, 0x00, 0x00, 
0xF8, 0x00, 0x02, 0x00, 0x48, 0x02, 0x00, 0x00, 0x3D, 0x00, 
0x04, 0x00, 0x0C, 0x00, 0x00, 0x00, 0x49, 0x02, 0x00, 0x00, 
0x12, 0x02, 0x00, 0x00, 0x85, 0x00, 0x05, 0x00, 0x0C, 0x00, 
0x00, 0x00, 0x4A, 0x02, 0x00, 0x00, 0x49, 0x02, 0x00, 0x00, 
0x37, 0x02, 0x00, 0x00, 0x41, 0x00, 0x05, 0x00, 0xB7, 0x00, 
0x00, 0x00, 0x4C, 0x02, 0x00, 0x00, 0x23, 0x00, 0x00, 0x00, 
0x4B, 0x02, 0x00, 0x00, 0x3D, 0x00, 0x04, 0x00, 0x0C, 0x00, 
0x00, 0x00, 0x4D, 0x02, 0x00, 0x00, 0x4C, 0x02, 0x00, 0x00, 
0x81, 0x00, 0x05, 0x00, 0x0C, 0x00, 0x00, 0x00, 0x4E, 0x02, 
0x00, 0x00, 0x4D, 0x02, 0x00, 0x00, 0x4A, 0x02, 0x00, 0x00, 
0x41, 0x00, 0x05, 0x00, 0xB7, 0x00, 0x00, 0x00, 0x4F, 0x02, 
0x00, 0x00, 0x23, 0x00, 0x00, 0x00, 0x4B, 0x02, 0x00, 0x00, 
0x3E, 0x00, 0x03, 0x00, 0x4F, 0x02, 0x00, 0x00, 0x4E, 0x02, 
0x00, 0x00, 0x3D, 0x00, 0x04, 0x00, 0x0C, 0x00, 0x00, 0x00, 
0x50, 0x02, 0x00, 0x00, 0x0A, 0x02, 0x00, 0x00, 0x85, 0x00, 
0x05, 0x00, 0x0C, 0x00, 0x00, 0x00, 0x51, 0x02, 0x00, 0x00, 
0x50, 0x02, 0x00, 0x00, 0x65, 0x00, 0x00, 0x00, 0x85, 0x00, 
0x05, 0x00, 0x0C, 0x00, 0x00, 0x00, 0x52, 0x02, 0x00, 0x00, 
0x51, 0x02, 0x00, 0x00, 0xFD, 0x00, 0x00, 0x00, 0x3D, 0x00, 
0x04, 0x00, 0x0C, 0x00, 0x00, 0x00, 0x53, 0x02, 0x00, 0x00, 
0x19, 0x02, 0x00, 0x00, 0x81, 0x00, 0x05, 0x00, 0x0C, 0x00, 
0x00, 0x00, 0x54, 0x02, 0x00, 0x00, 0x52, 0x02, 0x00, 0x00, 
0x53, 0x02, 0x00, 0x00, 0x0C, 0x00, 0x06, 0x00, 0x0C, 0x00, 
0x00, 0x00, 0x55, 0x02, 0x00, 0x00, 0x01, 0x00, 0x00, 0x00, 
0x0D, 0x00, 0x00, 0x00, 0x54, 0x02, 0x00, 0x00, 0x85, 0x00, 
0x05, 0x00, 0x0C, 0x00, 0x00, 0x00, 0x57, 0x02, 0x00, 0x00, 
0x55, 0x02, 0x00, 0x00, 0x56, 0x02, 0x00, 0x00, 0x50, 0x00, 
0x06, 0x00, 0x13, 0x00, 0x00, 0x00, 0x58, 0x02, 0x00, 0x00, 
0x57, 0x02, 0x00, 0x00, 0x5E, 0x00, 0x00, 0x00, 0x55, 0x00, 
0x00, 0x00, 0x0C, 0x00, 0x06, 0x00, 0x13, 0x00, 0x00, 0x00, 
0x59, 0x02, 0x00, 0x00, 0x01, 0x00, 0x00, 0x00, 0x45, 0x00, 
0x00, 0x00, 0x58, 0x02, 0x00, 0x00, 0x3E, 0x00, 0x03, 0x00, 
0x24, 0x00, 0x00, 0x00, 0x59, 0x02, 0x00, 0x00, 0xF9, 0x00, 
0x02, 0x00, 0x35, 0x02, 0x00, 0x00, 0xF8, 0x00, 0x02, 0x00, 
0x35, 0x02, 0x00, 0x00, 0xF9, 0x00, 0x02, 0x00, 0xFB, 0x01, 
0x00, 0x00, 0xF8, 0x00, 0x02, 0x00, 0x5A, 0x02, 0x00, 0x00, 
0x3D, 0x00, 0x04, 0x00, 0x11, 0x00, 0x00, 0x00, 0x5C, 0x02, 
0x00, 0x00, 0x21, 0x00, 0x00, 0x00, 0x87, 0x00, 0x05, 0x00, 
0x11, 0x00, 0x00, 0x00, 0x5D, 0x02, 0x00, 0x00, 0x5C, 0x02, 
0x00, 0x00, 0x80, 0x00, 0x00, 0x00, 0x3E, 0x00, 0x03, 0x00, 
0x5B, 0x02, 0x00, 0x00, 0x5D, 0x02, 0x00, 0x00, 0x3D, 0x00, 
0x04, 0x00, 0x11, 0x00, 0x00, 0x00, 0x5F, 0x02, 0x00, 0x00, 
0x5B, 0x02, 0x00, 0x00, 0x87, 0x00, 0x05, 0x00, 0x11, 0x00, 
0x00, 0x00, 0x61, 0x02, 0x00, 0x00, 0x5F, 0x02, 0x00, 0x00, 
0x60, 0x02, 0x00, 0x00, 0x3E, 0x00, 0x03, 0x00, 0x5E, 0x02, 
0x00, 0x00, 0x61, 0x02, 0x00, 0x00, 0x3D, 0x00, 0x04, 0x00, 
0x11, 0x00, 0x00, 0x00, 0x63, 0x02, 0x00, 0x00, 0x5B, 0x02, 
0x00, 0x00, 0x8B, 0x00, 0x05, 0x00, 0x11, 0x00, 0x00, 0x00, 
0x64, 0x02, 0x00, 0x00, 0x63, 0x02, 0x00, 0x00, 0x60, 0x02, 
0x00, 0x00, 0x3E, 0x00, 0x03, 0x00, 0x62, 0x02, 0x00, 0x00, 
0x64, 0x02, 0x00, 0x00, 0x3E, 0x00, 0x03, 0x00, 0x65, 0x02, 
0x00, 0x00, 0x55, 0x01, 0x00, 0x00, 0x3D, 0x00, 0x04, 0x00, 
0x11, 0x00, 0x00, 0x00, 0x67, 0x02, 0x00, 0x00, 0x21, 0x00, 
0x00, 0x00, 0x8B, 0x00, 0x05, 0x00, 0x11, 0x00, 0x00, 0x00, 
0x68, 0x02, 0x00, 0x00, 0x67, 0x02, 0x00, 0x00, 0x80, 0x00, 
0x00, 0x00, 0x41, 0x00, 0x05, 0x00, 0x12, 0x00, 0x00, 0x00, 
0x69, 0x02, 0x00, 0x00, 0x65, 0x02, 0x00, 0x00, 0x68, 0x02, 
0x00, 0x00, 0x3D, 0x00, 0x04, 0x00, 0x11, 0x00, 0x00, 0x00, 
0x6A, 0x02, 0x00, 0x00, 0x69, 0x02, 0x00, 0x00, 0x3E, 0x00, 
0x03, 0x00, 0x66, 0x02, 0x00, 0x00, 0x6A, 0x02, 0x00, 0x00, 
0x3D, 0x00, 0x04, 0x00, 0x11, 0x00, 0x00, 0x00, 0x6C, 0x02, 
0x00, 0x00, 0x62, 0x02, 0x00, 0x00, 0x6F, 0x00, 0x04, 0x00, 
0x0C, 0x00, 0x00, 0x00, 0x6D, 0x02, 0x00, 0x00, 0x6C, 0x02, 
0x00, 0x00, 0x3D, 0x00, 0x04, 0x00, 0x11, 0x00, 0x00, 0x00, 
0x6E, 0x02, 0x00, 0x00, 0x66, 0x02, 0x00, 0x00, 0xAA, 0x00, 
0x05, 0x00, 0x4F, 0x00, 0x00, 0x00, 0x6F, 0x02, 0x00, 0x00, 
0x6E, 0x02, 0x00, 0x00, 0x59, 0x00, 0x00, 0x00, 0x3D, 0x00, 
0x04, 0x00, 0x11, 0x00, 0x00, 0x00, 0x70, 0x02, 0x00, 0x00, 
0x66, 0x02, 0x00, 0x00, 0xAA, 0x00, 0x05, 0x00, 0x4F, 0x00, 
0x00, 0x00, 0x71, 0x02, 0x00, 0x00, 0x70, 0x02, 0x00, 0x00, 
0x62, 0x00, 0x00, 0x00, 0xA6, 0x00, 0x05, 0x00, 0x4F, 0x00, 
0x00, 0x00, 0x72, 0x02, 0x00, 0x00, 0x6F, 0x02, 0x00, 0x00, 
0x71, 0x02, 0x00, 0x00, 0xA9, 0x00, 0x06, 0x00, 0x0C, 0x00, 
0x00, 0x00, 0x73, 0x02, 0x00, 0x00, 0x72, 0x02, 0x00, 0x00, 
0x55, 0x00, 0x00, 0x00, 0x54, 0x00, 0x00, 0x00, 0x81, 0x00, 
0x05, 0x00, 0x0C, 0x00, 0x00, 0x00, 0x74, 0x02, 0x00, 0x00, 
0x6D, 0x02, 0x00, 0x00, 0x73, 0x02, 0x00, 0x00, 0x85, 0x00, 
0x05, 0x00, 0x0C, 0x00, 0x00, 0x00, 0x75, 0x02, 0x00, 0x00, 
0x74, 0x02, 0x00, 0x00, 0x65, 0x00, 0x00, 0x00, 0x88, 0x00, 
0x05, 0x00, 0x0C, 0x00, 0x00, 0x00, 0x76, 0x02, 0x00, 0x00, 
0x75, 0x02, 0x00, 0x00, 0xC0, 0x00, 0x00, 0x00, 0x3E, 0x00, 
0x03, 0x00, 0x6B, 0x02, 0x00, 0x00, 0x76, 0x02, 0x00, 0x00, 
0x3D, 0x00, 0x04, 0x00, 0x11, 0x00, 0x00, 0x00, 0x78, 0x02, 
0x00, 0x00, 0x5E, 0x02, 0x00, 0x00, 0x6F, 0x00, 0x04, 0x00, 
0x0C, 0x00, 0x00, 0x00, 0x79, 0x02, 0x00, 0x00, 0x78, 0x02, 
0x00, 0x00, 0x3D, 0x00, 0x04, 0x00, 0x11, 0x00, 0x00, 0x00, 
0x7A, 0x02, 0x00, 0x00, 0x66, 0x02, 0x00, 0x00, 0xAF, 0x00, 
0x05, 0x00, 0x4F, 0x00, 0x00, 0x00, 0x7B, 0x02, 0x00, 0x00, 
0x7A, 0x02, 0x00, 0x00, 0x62, 0x00, 0x00, 0x00, 0xA9, 0x00, 
0x06, 0x00, 0x0C, 0x00, 0x00, 0x00, 0x7C, 0x02, 0x00, 0x00, 
0x7B, 0x02, 0x00, 0x00, 0x55, 0x00, 0x00, 0x00, 0x54, 0x00, 
0x00, 0x00, 0x81, 0x00, 0x05, 0x00, 0x0C, 0x00, 0x00, 0x00, 
0x7D, 0x02, 0x00, 0x00, 0x79, 0x02, 0x00, 0x00, 0x7C, 0x02, 
0x00, 0x00, 0x3D, 0x00, 0x04, 0x00, 0x11, 0x00, 0x00, 0x00, 
0x7E, 0x02, 0x00, 0x00, 0x20, 0x00, 0x00, 0x00, 0xAA, 0x00, 
0x05, 0x00, 0x4F, 0x00, 0x00, 0x00, 0x80, 0x02, 0x00, 0x00, 
0x7E, 0x02, 0x00, 0x00, 0x7F, 0x02, 0x00, 0x00, 0xA9, 0x00, 
0x06, 0x00, 0x0C, 0x00, 0x00, 0x00, 0x82, 0x02, 0x00, 0x00, 
0x80, 0x02, 0x00, 0x00, 0x65, 0x00, 0x00, 0x00, 0x81, 0x02, 
0x00, 0x00, 0x85, 0x00, 0x05, 0x00, 0x0C, 0x00, 0x00, 0x00, 
0x83, 0x02, 0x00, 0x00, 0x7D, 0x02, 0x00, 0x00, 0x82, 0x02, 
0x00, 0x00, 0x88, 0x00, 0x05, 0x00, 0x0C, 0x00, 0x00, 0x00, 
0x84, 0x02, 0x00, 0x00, 0x83, 0x02, 0x00, 0x00, 0x67, 0x00, 
0x00, 0x00, 0x3E, 0x00, 0x03, 0x00, 0x77, 0x02, 0x00, 0x00, 
0x84, 0x02, 0x00, 0x00, 0x3D, 0x00, 0x04, 0x00, 0x11, 0x00, 
0x00, 0x00, 0x85, 0x02, 0x00, 0x00, 0x20, 0x00, 0x00, 0x00, 
0xAA, 0x00, 0x05, 0x00, 0x4F, 0x00, 0x00, 0x00, 0x86, 0x02, 
0x00, 0x00, 0x85, 0x02, 0x00, 0x00, 0x7F, 0x02, 0x00, 0x00, 
0xF7, 0x00, 0x03, 0x00, 0x88, 0x02, 0x00, 0x00, 0x00, 0x00, 
0x00, 0x00, 0xFA, 0x00, 0x04, 0x00, 0x86, 0x02, 0x00, 0x00, 
0x87, 0x02, 0x00, 0x00, 0xA0, 0x02, 0x00, 0x00, 0xF8, 0x00, 
0x02, 0x00, 0x87, 0x02, 0x00, 0x00, 0x3D, 0x00, 0x04, 0x00, 
0x0C, 0x00, 0x00, 0x00, 0x89, 0x02, 0x00, 0x00, 0x6B, 0x02, 
0x00, 0x00, 0x0C, 0x00, 0x06, 0x00, 0x0C, 0x00, 0x00, 0x00, 
0x8A, 0x02, 0x00, 0x00, 0x01, 0x00, 0x00, 0x00, 0x0E, 0x00, 
0x00, 0x00, 0x89, 0x02, 0x00, 0x00, 0x3D, 0x00, 0x04, 0x00, 
0x0C, 0x00, 0x00, 0x00, 0x8B, 0x02, 0x00, 0x00, 0x77, 0x02, 
0x00, 0x00, 0x0C, 0x00, 0x06, 0x00, 0x0C, 0x00, 0x00, 0x00, 
0x8C, 0x02, 0x00, 0x00, 0x01, 0x00, 0x00, 0x00, 0x0E, 0x00, 
0x00, 0x00, 0x8B, 0x02, 0x00, 0x00, 0x85, 0x00, 0x05, 0x00, 
0x0C, 0x00, 0x00, 0x00, 0x8D, 0x02, 0x00, 0x00, 0x8A, 0x02, 
0x00, 0x00, 0x8C, 0x02, 0x00, 0x00, 0x3D, 0x00, 0x04, 0x00, 
0x0C, 0x00, 0x00, 0x00, 0x8E, 0x02, 0x00, 0x00, 0x6B, 0x02, 
0x00, 0x00, 0x0C, 0x00, 0x06, 0x00, 0x0C, 0x00, 0x00, 0x00, 
0x8F, 0x02, 0x00, 0x00, 0x01, 0x00, 0x00, 0x00, 0x0D, 0x00, 
0x00, 0x00, 0x8E, 0x02, 0x00, 0x00, 0x3D, 0x00, 0x04, 0x00, 
0x0C, 0x00, 0x00, 0x00, 0x90, 0x02, 0x00, 0x00, 0x77, 0x02, 
0x00, 0x00, 0x0C, 0x00, 0x06, 0x00, 0x0C, 0x00, 0x00, 0x00, 
0x91, 0x02, 0x00, 0x00, 0x01, 0x00, 0x00, 0x00, 0x0E, 0x00, 
0x00, 0x00, 0x90, 0x02, 0x00, 0x00, 0x85, 0x00, 0x05, 0x00, 
0x0C, 0x00, 0x00, 0x00, 0x92, 0x02, 0x00, 0x00, 0x8F, 0x02, 
0x00, 0x00, 0x91, 0x02, 0x00, 0x00, 0x3D, 0x00, 0x04, 0x00, 
0x0C, 0x00, 0x00, 0x00, 0x93, 0x02, 0x00, 0x00, 0x77, 0x02, 
0x00, 0x00, 0x0C, 0x00, 0x06, 0x00, 0x0C, 0x00, 0x00, 0x00, 
0x94, 0x02, 0x00, 0x00, 0x01, 0x00, 0x00, 0x00, 0x0D, 0x00, 
0x00, 0x00, 0x93, 0x02, 0x00, 0x00, 0x50, 0x00, 0x06, 0x00, 
0x13, 0x00, 0x00, 0x00, 0x95, 0x02, 0x00, 0x00, 0x8D, 0x02, 
0x00, 0x00, 0x92, 0x02, 0x00, 0x00, 0x94, 0x02, 0x00, 0x00, 
0x3E, 0x00, 0x03, 0x00, 0x24, 0x00, 0x00, 0x00, 0x95, 0x02, 
0x00, 0x00, 0x3D, 0x00, 0x04, 0x00, 0x0C, 0x00, 0x00, 0x00, 
0x96, 0x02, 0x00, 0x00, 0x6B, 0x02, 0x00, 0x00, 0x0C, 0x00, 
0x06, 0x00, 0x0C, 0x00, 0x00, 0x00, 0x97, 0x02, 0x00, 0x00, 
0x01, 0x00, 0x00, 0x00, 0x0E, 0x00, 0x00, 0x00, 0x96, 0x02, 
0x00, 0x00, 0x3D, 0x00, 0x04, 0x00, 0x0C, 0x00, 0x00, 0x00, 
0x98, 0x02, 0x00, 0x00, 0x6B, 0x02, 0x00, 0x00, 0x0C, 0x00, 
0x06, 0x00, 0x0C, 0x00, 0x00, 0x00, 0x99, 0x02, 0x00, 0x00, 
0x01, 0x00, 0x00, 0x00, 0x0D, 0x00, 0x00, 0x00, 0x98, 0x02, 
0x00, 0x00, 0x50, 0x00, 0x06, 0x00, 0x13, 0x00, 0x00, 0x00, 
0x9A, 0x02, 0x00, 0x00, 0x97, 0x02, 0x00, 0x00, 0x99, 0x02, 
0x00, 0x00, 0x54, 0x00, 0x00, 0x00, 0x8E, 0x00, 0x05, 0x00, 
0x13, 0x00, 0x00, 0x00, 0x9C, 0x02, 0x00, 0x00, 0x9A, 0x02, 
0x00, 0x00, 0x9B, 0x02, 0x00, 0x00, 0x3D, 0x00, 0x04, 0x00, 
0x13, 0x00, 0x00, 0x00, 0x9D, 0x02, 0x00, 0x00, 0x24, 0x00, 
0x00, 0x00, 0x8E, 0x00, 0x05, 0x00, 0x13, 0x00, 0x00, 0x00, 
0x9E, 0x02, 0x00, 0x00, 0x9D, 0x02, 0x00, 0x00, 0x1E, 0x01, 
0x00, 0x00, 0x81, 0x00, 0x05, 0x00, 0x13, 0x00, 0x00, 0x00, 
0x9F, 0x02, 0x00, 0x00, 0x9C, 0x02, 0x00, 0x00, 0x9E, 0x02, 
0x00, 0x00, 0x3E, 0x00, 0x03, 0x00, 0x23, 0x00, 0x00, 0x00, 
0x9F, 0x02, 0x00, 0x00, 0xF9, 0x00, 0x02, 0x00, 0x88, 0x02, 
0x00, 0x00, 0xF8, 0x00, 0x02, 0x00, 0xA0, 0x02, 0x00, 0x00, 
0x3D, 0x00, 0x04, 0x00, 0x0C, 0x00, 0x00, 0x00, 0xA1, 0x02, 
0x00, 0x00, 0x6B, 0x02, 0x00, 0x00, 0x0C, 0x00, 0x06, 0x00, 
0x0C, 0x00, 0x00, 0x00, 0xA2, 0x02, 0x00, 0x00, 0x01, 0x00, 
0x00, 0x00, 0x0E, 0x00, 0x00, 0x00, 0xA1, 0x02, 0x00, 0x00, 
0x3D, 0x00, 0x04, 0x00, 0x0C, 0x00, 0x00, 0x00, 0xA3, 0x02, 
0x00, 0x00, 0x77, 0x02, 0x00, 0x00, 0x0C, 0x00, 0x06, 0x00, 
0x0C, 0x00, 0x00, 0x00, 0xA4, 0x02, 0x00, 0x00, 0x01, 0x00, 
0x00, 0x00, 0x0D, 0x00, 0x00, 0x00, 0xA3, 0x02, 0x00, 0x00, 
0x85, 0x00, 0x05, 0x00, 0x0C, 0x00, 0x00, 0x00, 0xA5, 0x02, 
0x00, 0x00, 0xA2, 0x02, 0x00, 0x00, 0xA4, 0x02, 0x00, 0x00, 
0x3D, 0x00, 0x04, 0x00, 0x0C, 0x00, 0x00, 0x00, 0xA6, 0x02, 
0x00, 0x00, 0x6B, 0x02, 0x00, 0x00, 0x0C, 0x00, 0x06, 0x00, 
0x0C, 0x00, 0x00, 0x00, 0xA7, 0x02, 0x00, 0x00, 0x01, 0x00, 
0x00, 0x00, 0x0D, 0x00, 0x00, 0x00, 0xA6, 0x02, 0x00, 0x00, 
0x3D, 0x00, 0x04, 0x00, 0x0C, 0x00, 0x00, 0x00, 0xA8, 0x02, 
0x00, 0x00, 0x77, 0x02, 0x00, 0x00, 0x0C, 0x00, 0x06, 0x00, 
0x0C, 0x00, 0x00, 0x00, 0xA9, 0x02, 0x00, 0x00, 0x01, 0x00, 
0x00, 0x00, 0x0D, 0x00, 0x00, 0x00, 0xA8, 0x02, 0x00, 0x00, 
0x85, 0x00, 0x05, 0x00, 0x0C, 0x00, 0x00, 0x00, 0xAA, 0x02, 
0x00, 0x00, 0xA7, 0x02, 0x00, 0x00, 0xA9, 0x02, 0x00, 0x00, 
0x3D, 0x00, 0x04, 0x00, 0x0C, 0x00, 0x00, 0x00, 0xAB, 0x02, 
0x00, 0x00, 0x77, 0x02, 0x00, 0x00, 0x0C, 0x00, 0x06, 0x00, 
0x0C, 0x00, 0x00, 0x00, 0xAC, 0x02, 0x00, 0x00, 0x01, 0x00, 
0x00, 0x00, 0x0E, 0x00, 0x00, 0x00, 0xAB, 0x02, 0x00, 0x00, 
0x50, 0x00, 0x06, 0x00, 0x13, 0x00, 0x00, 0x00, 0xAD, 0x02, 
0x00, 0x00, 0xA5, 0x02, 0x00, 0x00, 0xAA, 0x02, 0x00, 0x00, 
0xAC, 0x02, 0x00, 0x00, 0x3E, 0x00, 0x03, 0x00, 0x24, 0x00, 
0x00, 0x00, 0xAD, 0x02, 0x00, 0x00, 0x3D, 0x00, 0x04, 0x00, 
0x13, 0x00, 0x00, 0x00, 0xAE, 0x02, 0x00, 0x00, 0x24, 0x00, 
0x00, 0x00, 0x3E, 0x00, 0x03, 0x00, 0x23, 0x00, 0x00, 0x00, 
0xAE, 0x02, 0x00, 0x00, 0x3D, 0x00, 0x04, 0x00, 0x11, 0x00, 
0x00, 0x00, 0xAF, 0x02, 0x00, 0x00, 0x20, 0x00, 0x00, 0x00, 
0xAA, 0x00, 0x05, 0x00, 0x4F, 0x00, 0x00, 0x00, 0xB0, 0x02, 
0x00, 0x00, 0xAF, 0x02, 0x00, 0x00, 0x60, 0x02, 0x00, 0x00, 
0xF7, 0x00, 0x03, 0x00, 0xB2, 0x02, 0x00, 0x00, 0x00, 0x00, 
0x00, 0x00, 0xFA, 0x00, 0x04, 0x00, 0xB0, 0x02, 0x00, 0x00, 
0xB1, 0x02, 0x00, 0x00, 0xB2, 0x02, 0x00, 0x00, 0xF8, 0x00, 
0x02, 0x00, 0xB1, 0x02, 0x00, 0x00, 0x3D, 0x00, 0x04, 0x00, 
0x0C, 0x00, 0x00, 0x00, 0xB5, 0x02, 0x00, 0x00, 0x6B, 0x02, 
0x00, 0x00, 0x85, 0x00, 0x05, 0x00, 0x0C, 0x00, 0x00, 0x00, 
0xB7, 0x02, 0x00, 0x00, 0xB5, 0x02, 0x00, 0x00, 0xB6, 0x02, 
0x00, 0x00, 0x3D, 0x00, 0x04, 0x00, 0x06, 0x00, 0x00, 0x00, 
0xB9, 0x02, 0x00, 0x00, 0x22, 0x00, 0x00, 0x00, 0x3E, 0x00, 
0x03, 0x00, 0xB8, 0x02, 0x00, 0x00, 0xB9, 0x02, 0x00, 0x00, 
0x39, 0x00, 0x05, 0x00, 0x0C, 0x00, 0x00, 0x00, 0xBA, 0x02, 
0x00, 0x00, 0x0F, 0x00, 0x00, 0x00, 0xB8, 0x02, 0x00, 0x00, 
0x85, 0x00, 0x05, 0x00, 0x0C, 0x00, 0x00, 0x00, 0xBB, 0x02, 
0x00, 0x00, 0xBA, 0x02, 0x00, 0x00, 0x65, 0x00, 0x00, 0x00, 
0x81, 0x00, 0x05, 0x00, 0x0C, 0x00, 0x00, 0x00, 0xBC, 0x02, 
0x00, 0x00, 0xB7, 0x02, 0x00, 0x00, 0xBB, 0x02, 0x00, 0x00, 
0x0C, 0x00, 0x06, 0x00, 0x0C, 0x00, 0x00, 0x00, 0xBD, 0x02, 
0x00, 0x00, 0x01, 0x00, 0x00, 0x00, 0x0D, 0x00, 0x00, 0x00, 
0xBC, 0x02, 0x00, 0x00, 0x85, 0x00, 0x05, 0x00, 0x0C, 0x00, 
0x00, 0x00, 0xBE, 0x02, 0x00, 0x00, 0xB4, 0x02, 0x00, 0x00, 
0xBD, 0x02, 0x00, 0x00, 0x3D, 0x00, 0x04, 0x00, 0x0C, 0x00, 
0x00, 0x00, 0xBF, 0x02, 0x00, 0x00, 0x77, 0x02, 0x00, 0x00, 
0x0C, 0x00, 0x06, 0x00, 0x0C, 0x00, 0x00, 0x00, 0xC0, 0x02, 
0x00, 0x00, 0x01, 0x00, 0x00, 0x00, 0x0D, 0x00, 0x00, 0x00, 
0xBF, 0x02, 0x00, 0x00, 0x85, 0x00, 0x05, 0x00, 0x0C, 0x00, 
0x00, 0x00, 0xC1, 0x02, 0x00, 0x00, 0xBE, 0x02, 0x00, 0x00, 
0xC0, 0x02, 0x00, 0x00, 0x3D, 0x00, 0x04, 0x00, 0x0C, 0x00, 
0x00, 0x00, 0xC2, 0x02, 0x00, 0x00, 0x77, 0x02, 0x00, 0x00, 
0x0C, 0x00, 0x06, 0x00, 0x0C, 0x00, 0x00, 0x00, 0xC3, 0x02, 
0x00, 0x00, 0x01, 0x00, 0x00, 0x00, 0x0D, 0x00, 0x00, 0x00, 
0xC2, 0x02, 0x00, 0x00, 0x85, 0x00, 0x05, 0x00, 0x0C, 0x00, 
0x00, 0x00, 0xC4, 0x02, 0x00, 0x00, 0xC1, 0x02, 0x00, 0x00, 
0xC3, 0x02, 0x00, 0x00, 0x81, 0x00, 0x05, 0x00, 0x0C, 0x00, 
0x00, 0x00, 0xC5, 0x02, 0x00, 0x00, 0x55, 0x00, 0x00, 0x00, 
0xC4, 0x02, 0x00, 0x00, 0x3E, 0x00, 0x03, 0x00, 0xB3, 0x02, 
0x00, 0x00, 0xC5, 0x02, 0x00, 0x00, 0x3D, 0x00, 0x04, 0x00, 
0x0C, 0x00, 0x00, 0x00, 0xC6, 0x02, 0x00, 0x00, 0xB3, 0x02, 
0x00, 0x00, 0x3D, 0x00, 0x04, 0x00, 0x13, 0x00, 0x00, 0x00, 
0xC7, 0x02, 0x00, 0x00, 0x23, 0x00, 0x00, 0x00, 0x8E, 0x00, 
0x05, 0x00, 0x13, 0x00, 0x00, 0x00, 0xC8, 0x02, 0x00, 0x00, 
0xC7, 0x02, 0x00, 0x00, 0xC6, 0x02, 0x00, 0x00, 0x3E, 0x00, 
0x03, 0x00, 0x23, 0x00, 0x00, 0x00, 0xC8, 0x02, 0x00, 0x00, 
0x3D, 0x00, 0x04, 0x00, 0x13, 0x00, 0x00, 0x00, 0xCC, 0x02, 
0x00, 0x00, 0x23, 0x00, 0x00, 0x00, 0x85, 0x00, 0x05, 0x00, 
0x13, 0x00, 0x00, 0x00, 0xCD, 0x02, 0x00, 0x00, 0xCC, 0x02, 
0x00, 0x00, 0xCB, 0x02, 0x00, 0x00, 0x3E, 0x00, 0x03, 0x00, 
0x23, 0x00, 0x00, 0x00, 0xCD, 0x02, 0x00, 0x00, 0xF9, 0x00, 
0x02, 0x00, 0xB2, 0x02, 0x00, 0x00, 0xF8, 0x00, 0x02, 0x00, 
0xB2, 0x02, 0x00, 0x00, 0xF9, 0x00, 0x02, 0x00, 0x88, 0x02, 
0x00, 0x00, 0xF8, 0x00, 0x02, 0x00, 0x88, 0x02, 0x00, 0x00, 
0xF9, 0x00, 0x02, 0x00, 0xFB, 0x01, 0x00, 0x00, 0xF8, 0x00, 
0x02, 0x00, 0xFB, 0x01, 0x00, 0x00, 0xF9, 0x00, 0x02, 0x00, 
0x7C, 0x01, 0x00, 0x00, 0xF8, 0x00, 0x02, 0x00, 0x7C, 0x01, 
0x00, 0x00, 0xF9, 0x00, 0x02, 0x00, 0x42, 0x01, 0x00, 0x00, 
0xF8, 0x00, 0x02, 0x00, 0x42, 0x01, 0x00, 0x00, 0xF9, 0x00, 
0x02, 0x00, 0xD9, 0x00, 0x00, 0x00, 0xF8, 0x00, 0x02, 0x00, 
0xD9, 0x00, 0x00, 0x00, 0xF9, 0x00, 0x02, 0x00, 0xB6, 0x00, 
0x00, 0x00, 0xF8, 0x00, 0x02, 0x00, 0xB6, 0x00, 0x00, 0x00, 
0xFD, 0x00, 0x01, 0x00, 0x38, 0x00, 0x01, 0x00, 0x36, 0x00, 
0x05, 0x00, 0x28, 0x00, 0x00, 0x00, 0x2B, 0x00, 0x00, 0x00, 
0x00, 0x00, 0x00, 0x00, 0x29, 0x00, 0x00, 0x00, 0x37, 0x00, 
0x03, 0x00, 0x07, 0x00, 0x00, 0x00, 0x2A, 0x00, 0x00, 0x00, 
0xF8, 0x00, 0x02, 0x00, 0x2C, 0x00, 0x00, 0x00, 0x3B, 0x00, 
0x04, 0x00, 0x1C, 0x00, 0x00, 0x00, 0xCE, 0x02, 0x00, 0x00, 
0x07, 0x00, 0x00, 0x00, 0x3B, 0x00, 0x04, 0x00, 0x07, 0x00, 
0x00, 0x00, 0xD1, 0x02, 0x00, 0x00, 0x07, 0x00, 0x00, 0x00, 
0x3B, 0x00, 0x04, 0x00, 0x07, 0x00, 0x00, 0x00, 0xD6, 0x02, 
0x00, 0x00, 0x07, 0x00, 0x00, 0x00, 0x3B, 0x00, 0x04, 0x00, 
0x07, 0x00, 0x00, 0x00, 0xDB, 0x02, 0x00, 0x00, 0x07, 0x00, 
0x00, 0x00, 0x3B, 0x00, 0x04, 0x00, 0xB7, 0x00, 0x00, 0x00, 
0xE1, 0x02, 0x00, 0x00, 0x07, 0x00, 0x00, 0x00, 0x3B, 0x00, 
0x04, 0x00, 0x07, 0x00, 0x00, 0x00, 0xE5, 0x02, 0x00, 0x00, 
0x07, 0x00, 0x00, 0x00, 0x3B, 0x00, 0x04, 0x00, 0xB7, 0x00, 
0x00, 0x00, 0xE8, 0x02, 0x00, 0x00, 0x07, 0x00, 0x00, 0x00, 
0x3B, 0x00, 0x04, 0x00, 0xB7, 0x00, 0x00, 0x00, 0xEB, 0x02, 
0x00, 0x00, 0x07, 0x00, 0x00, 0x00, 0x3B, 0x00, 0x04, 0x00, 
0xB7, 0x00, 0x00, 0x00, 0xEE, 0x02, 0x00, 0x00, 0x07, 0x00, 
0x00, 0x00, 0x3D, 0x00, 0x04, 0x00, 0x06, 0x00, 0x00, 0x00, 
0xCF, 0x02, 0x00, 0x00, 0x2A, 0x00, 0x00, 0x00, 0x80, 0x00, 
0x05, 0x00, 0x06, 0x00, 0x00, 0x00, 0xD0, 0x02, 0x00, 0x00, 
0xCF, 0x02, 0x00, 0x00, 0xDA, 0x00, 0x00, 0x00, 0x3E, 0x00, 
0x03, 0x00, 0xD1, 0x02, 0x00, 0x00, 0xD0, 0x02, 0x00, 0x00, 
0x39, 0x00, 0x05, 0x00, 0x0C, 0x00, 0x00, 0x00, 0xD2, 0x02, 
0x00, 0x00, 0x0F, 0x00, 0x00, 0x00, 0xD1, 0x02, 0x00, 0x00, 
0x3D, 0x00, 0x04, 0x00, 0x06, 0x00, 0x00, 0x00, 0xD3, 0x02, 
0x00, 0x00, 0x2A, 0x00, 0x00, 0x00, 0x80, 0x00, 0x05, 0x00, 
0x06, 0x00, 0x00, 0x00, 0xD5, 0x02, 0x00, 0x00, 0xD3, 0x02, 
0x00, 0x00, 0xD4, 0x02, 0x00, 0x00, 0x3E, 0x00, 0x03, 0x00, 
0xD6, 0x02, 0x00, 0x00, 0xD5, 0x02, 0x00, 0x00, 0x39, 0x00, 
0x05, 0x00, 0x0C, 0x00, 0x00, 0x00, 0xD7, 0x02, 0x00, 0x00, 
0x0F, 0x00, 0x00, 0x00, 0xD6, 0x02, 0x00, 0x00, 0x3D, 0x00, 
0x04, 0x00, 0x06, 0x00, 0x00, 0x00, 0xD8, 0x02, 0x00, 0x00, 
0x2A, 0x00, 0x00, 0x00, 0x80, 0x00, 0x05, 0x00, 0x06, 0x00, 
0x00, 0x00, 0xDA, 0x02, 0x00, 0x00, 0xD8, 0x02, 0x00, 0x00, 
0xD9, 0x02, 0x00, 0x00, 0x3E, 0x00, 0x03, 0x00, 0xDB, 0x02, 
0x00, 0x00, 0xDA, 0x02, 0x00, 0x00, 0x39, 0x00, 0x05, 0x00, 
0x0C, 0x00, 0x00, 0x00, 0xDC, 0x02, 0x00, 0x00, 0x0F, 0x00, 
0x00, 0x00, 0xDB, 0x02, 0x00, 0x00, 0x50, 0x00, 0x06, 0x00, 
0x13, 0x00, 0x00, 0x00, 0xDD, 0x02, 0x00, 0x00, 0xD2, 0x02, 
0x00, 0x00, 0xD7, 0x02, 0x00, 0x00, 0xDC, 0x02, 0x00, 0x00, 
0x50, 0x00, 0x06, 0x00, 0x13, 0x00, 0x00, 0x00, 0xDE, 0x02, 
0x00, 0x00, 0x1F, 0x02, 0x00, 0x00, 0x1F, 0x02, 0x00, 0x00, 
0x1F, 0x02, 0x00, 0x00, 0x83, 0x00, 0x05, 0x00, 0x13, 0x00, 
0x00, 0x00, 0xDF, 0x02, 0x00, 0x00, 0xDD, 0x02, 0x00, 0x00, 
0xDE, 0x02, 0x00, 0x00, 0x0C, 0x00, 0x06, 0x00, 0x13, 0x00, 
0x00, 0x00, 0xE0, 0x02, 0x00, 0x00, 0x01, 0x00, 0x00, 0x00, 
0x45, 0x00, 0x00, 0x00, 0xDF, 0x02, 0x00, 0x00, 0x3E, 0x00, 
0x03, 0x00, 0xCE, 0x02, 0x00, 0x00, 0xE0, 0x02, 0x00, 0x00, 
0x3D, 0x00, 0x04, 0x00, 0x06, 0x00, 0x00, 0x00, 0xE2, 0x02, 
0x00, 0x00, 0x2A, 0x00, 0x00, 0x00, 0x80, 0x00, 0x05, 0x00, 
0x06, 0x00, 0x00, 0x00, 0xE4, 0x02, 0x00, 0x00, 0xE2, 0x02, 
0x00, 0x00, 0xE3, 0x02, 0x00, 0x00, 0x3E, 0x00, 0x03, 0x00, 
0xE5, 0x02, 0x00, 0x00, 0xE4, 0x02, 0x00, 0x00, 0x39, 0x00, 
0x05, 0x00, 0x0C, 0x00, 0x00, 0x00, 0xE6, 0x02, 0x00, 0x00, 
0x0F, 0x00, 0x00, 0x00, 0xE5, 0x02, 0x00, 0x00, 0x85, 0x00, 
0x05, 0x00, 0x0C, 0x00, 0x00, 0x00, 0xE7, 0x02, 0x00, 0x00, 
0xE6, 0x02, 0x00, 0x00, 0x65, 0x00, 0x00, 0x00, 0x3E, 0x00, 
0x03, 0x00, 0xE1, 0x02, 0x00, 0x00, 0xE7, 0x02, 0x00, 0x00, 
0x3D, 0x00, 0x04, 0x00, 0x0C, 0x00, 0x00, 0x00, 0xE9, 0x02, 
0x00, 0x00, 0xE1, 0x02, 0x00, 0x00, 0x0C, 0x00, 0x06, 0x00, 
0x0C, 0x00, 0x00, 0x00, 0xEA, 0x02, 0x00, 0x00, 0x01, 0x00, 
0x00, 0x00, 0x0E, 0x00, 0x00, 0x00, 0xE9, 0x02, 0x00, 0x00, 
0x3E, 0x00, 0x03, 0x00, 0xE8, 0x02, 0x00, 0x00, 0xEA, 0x02, 
0x00, 0x00, 0x3D, 0x00, 0x04, 0x00, 0x0C, 0x00, 0x00, 0x00, 
0xEC, 0x02, 0x00, 0x00, 0xE1, 0x02, 0x00, 0x00, 0x0C, 0x00, 
0x06, 0x00, 0x0C, 0x00, 0x00, 0x00, 0xED, 0x02, 0x00, 0x00, 
0x01, 0x00, 0x00, 0x00, 0x0D, 0x00, 0x00, 0x00, 0xEC, 0x02, 
0x00, 0x00, 0x3E, 0x00, 0x03, 0x00, 0xEB, 0x02, 0x00, 0x00, 
0xED, 0x02, 0x00, 0x00, 0x3D, 0x00, 0x04, 0x00, 0x0C, 0x00, 
0x00, 0x00, 0xEF, 0x02, 0x00, 0x00, 0xE8, 0x02, 0x00, 0x00, 
0x83, 0x00, 0x05, 0x00, 0x0C, 0x00, 0x00, 0x00, 0xF0, 0x02, 
0x00, 0x00, 0x55, 0x00, 0x00, 0x00, 0xEF, 0x02, 0x00, 0x00, 
0x3E, 0x00, 0x03, 0x00, 0xEE, 0x02, 0x00, 0x00, 0xF0, 0x02, 
0x00, 0x00, 0x3D, 0x00, 0x04, 0x00, 0x0C, 0x00, 0x00, 0x00, 
0xF1, 0x02, 0x00, 0x00, 0xEE, 0x02, 0x00, 0x00, 0x41, 0x00, 
0x05, 0x00, 0xB7, 0x00, 0x00, 0x00, 0xF3, 0x02, 0x00, 0x00, 
0xCE, 0x02, 0x00, 0x00, 0xF2, 0x02, 0x00, 0x00, 0x3D, 0x00, 
0x04, 0x00, 0x0C, 0x00, 0x00, 0x00, 0xF4, 0x02, 0x00, 0x00, 
0xF3, 0x02, 0x00, 0x00, 0x85, 0x00, 0x05, 0x00, 0x0C, 0x00, 
0x00, 0x00, 0xF5, 0x02, 0x00, 0x00, 0xF1, 0x02, 0x00, 0x00, 
0xF4, 0x02, 0x00, 0x00, 0x3D, 0x00, 0x04, 0x00, 0x13, 0x00, 
0x00, 0x00, 0xF6, 0x02, 0x00, 0x00, 0xCE, 0x02, 0x00, 0x00, 
0x8E, 0x00, 0x05, 0x00, 0x13, 0x00, 0x00, 0x00, 0xF7, 0x02, 
0x00, 0x00, 0xF6, 0x02, 0x00, 0x00, 0xF5, 0x02, 0x00, 0x00, 
0x3D, 0x00, 0x04, 0x00, 0x0C, 0x00, 0x00, 0x00, 0xF8, 0x02, 
0x00, 0x00, 0xE8, 0x02, 0x00, 0x00, 0x8E, 0x00, 0x05, 0x00, 
0x13, 0x00, 0x00, 0x00, 0xFA, 0x02, 0x00, 0x00, 0xF9, 0x02, 
0x00, 0x00, 0xF8, 0x02, 0x00, 0x00, 0x81, 0x00, 0x05, 0x00, 
0x13, 0x00, 0x00, 0x00, 0xFB, 0x02, 0x00, 0x00, 0xF7, 0x02, 
0x00, 0x00, 0xFA, 0x02, 0x00, 0x00, 0x3D, 0x00, 0x04, 0x00, 
0x0C, 0x00, 0x00, 0x00, 0xFC, 0x02, 0x00, 0x00, 0xEB, 0x02, 
0x00, 0x00, 0x41, 0x00, 0x05, 0x00, 0xB7, 0x00, 0x00, 0x00, 
0xFD, 0x02, 0x00, 0x00, 0xCE, 0x02, 0x00, 0x00, 0x4B, 0x02, 
0x00, 0x00, 0x3D, 0x00, 0x04, 0x00, 0x0C, 0x00, 0x00, 0x00, 
0xFE, 0x02, 0x00, 0x00, 0xFD, 0x02, 0x00, 0x00, 0x41, 0x00, 
0x05, 0x00, 0xB7, 0x00, 0x00, 0x00, 0xFF, 0x02, 0x00, 0x00, 
0xCE, 0x02, 0x00, 0x00, 0x39, 0x02, 0x00, 0x00, 0x3D, 0x00, 
0x04, 0x00, 0x0C, 0x00, 0x00, 0x00, 0x00, 0x03, 0x00, 0x00, 
0xFF, 0x02, 0x00, 0x00, 0x7F, 0x00, 0x04, 0x00, 0x0C, 0x00, 
0x00, 0x00, 0x01, 0x03, 0x00, 0x00, 0x00, 0x03, 0x00, 0x00, 
0x50, 0x00, 0x06, 0x00, 0x13, 0x00, 0x00, 0x00, 0x02, 0x03, 
0x00, 0x00, 0x54, 0x00, 0x00, 0x00, 0xFE, 0x02, 0x00, 0x00, 
0x01, 0x03, 0x00, 0x00, 0x8E, 0x00, 0x05, 0x00, 0x13, 0x00, 
0x00, 0x00, 0x03, 0x03, 0x00, 0x00, 0x02, 0x03, 0x00, 0x00, 
0xFC, 0x02, 0x00, 0x00, 0x81, 0x00, 0x05, 0x00, 0x13, 0x00, 
0x00, 0x00, 0x04, 0x03, 0x00, 0x00, 0xFB, 0x02, 0x00, 0x00, 
0x03, 0x03, 0x00, 0x00, 0x3D, 0x00, 0x04, 0x00, 0x0C, 0x00, 
0x00, 0x00, 0x05, 0x03, 0x00, 0x00, 0xEE, 0x02, 0x00, 0x00, 
0x41, 0x00, 0x05, 0x00, 0xB7, 0x00, 0x00, 0x00, 0x06, 0x03, 
0x00, 0x00, 0xCE, 0x02, 0x00, 0x00, 0x39, 0x02, 0x00, 0x00, 
0x3D, 0x00, 0x04, 0x00, 0x0C, 0x00, 0x00, 0x00, 0x07, 0x03, 
0x00, 0x00, 0x06, 0x03, 0x00, 0x00, 0x85, 0x00, 0x05, 0x00, 
0x0C, 0x00, 0x00, 0x00, 0x08, 0x03, 0x00, 0x00, 0x05, 0x03, 
0x00, 0x00, 0x07, 0x03, 0x00, 0x00, 0x3D, 0x00, 0x04, 0x00, 
0x13, 0x00, 0x00, 0x00, 0x09, 0x03, 0x00, 0x00, 0xCE, 0x02, 
0x00, 0x00, 0x8E, 0x00, 0x05, 0x00, 0x13, 0x00, 0x00, 0x00, 
0x0A, 0x03, 0x00, 0x00, 0x09, 0x03, 0x00, 0x00, 0x08, 0x03, 
0x00, 0x00, 0x3D, 0x00, 0x04, 0x00, 0x0C, 0x00, 0x00, 0x00, 
0x0B, 0x03, 0x00, 0x00, 0xE8, 0x02, 0x00, 0x00, 0x8E, 0x00, 
0x05, 0x00, 0x13, 0x00, 0x00, 0x00, 0x0D, 0x03, 0x00, 0x00, 
0x0C, 0x03, 0x00, 0x00, 0x0B, 0x03, 0x00, 0x00, 0x81, 0x00, 
0x05, 0x00, 0x13, 0x00, 0x00, 0x00, 0x0E, 0x03, 0x00, 0x00, 
0x0A, 0x03, 0x00, 0x00, 0x0D, 0x03, 0x00, 0x00, 0x3D, 0x00, 
0x04, 0x00, 0x0C, 0x00, 0x00, 0x00, 0x0F, 0x03, 0x00, 0x00, 
0xEB, 0x02, 0x00, 0x00, 0x41, 0x00, 0x05, 0x00, 0xB7, 0x00, 
0x00, 0x00, 0x10, 0x03, 0x00, 0x00, 0xCE, 0x02, 0x00, 0x00, 
0x4B, 0x02, 0x00, 0x00, 0x3D, 0x00, 0x04, 0x00, 0x0C, 0x00, 
0x00, 0x00, 0x11, 0x03, 0x00, 0x00, 0x10, 0x03, 0x00, 0x00, 
0x7F, 0x00, 0x04, 0x00, 0x0C, 0x00, 0x00, 0x00, 0x12, 0x03, 
0x00, 0x00, 0x11, 0x03, 0x00, 0x00, 0x41, 0x00, 0x05, 0x00, 
0xB7, 0x00, 0x00, 0x00, 0x13, 0x03, 0x00, 0x00, 0xCE, 0x02, 
0x00, 0x00, 0xF2, 0x02, 0x00, 0x00, 0x3D, 0x00, 0x04, 0x00, 
0x0C, 0x00, 0x00, 0x00, 0x14, 0x03, 0x00, 0x00, 0x13, 0x03, 
0x00, 0x00, 0x50, 0x00, 0x06, 0x00, 0x13, 0x00, 0x00, 0x00, 
0x15, 0x03, 0x00, 0x00, 0x12, 0x03, 0x00, 0x00, 0x54, 0x00, 
0x00, 0x00, 0x14, 0x03, 0x00, 0x00, 0x8E, 0x00, 0x05, 0x00, 
0x13, 0x00, 0x00, 0x00, 0x16, 0x03, 0x00, 0x00, 0x15, 0x03, 
0x00, 0x00, 0x0F, 0x03, 0x00, 0x00, 0x81, 0x00, 0x05, 0x00, 
0x13, 0x00, 0x00, 0x00, 0x17, 0x03, 0x00, 0x00, 0x0E, 0x03, 
0x00, 0x00, 0x16, 0x03, 0x00, 0x00, 0x3D, 0x00, 0x04, 0x00, 
0x0C, 0x00, 0x00, 0x00, 0x18, 0x03, 0x00, 0x00, 0xEE, 0x02, 
0x00, 0x00, 0x41, 0x00, 0x05, 0x00, 0xB7, 0x00, 0x00, 0x00, 
0x19, 0x03, 0x00, 0x00, 0xCE, 0x02, 0x00, 0x00, 0x4B, 0x02, 
0x00, 0x00, 0x3D, 0x00, 0x04, 0x00, 0x0C, 0x00, 0x00, 0x00, 
0x1A, 0x03, 0x00, 0x00, 0x19, 0x03, 0x00, 0x00, 0x85, 0x00, 
0x05, 0x00, 0x0C, 0x00, 0x00, 0x00, 0x1B, 0x03, 0x00, 0x00, 
0x18, 0x03, 0x00, 0x00, 0x1A, 0x03, 0x00, 0x00, 0x3D, 0x00, 
0x04, 0x00, 0x13, 0x00, 0x00, 0x00, 0x1C, 0x03, 0x00, 0x00, 
0xCE, 0x02, 0x00, 0x00, 0x8E, 0x00, 0x05, 0x00, 0x13, 0x00, 
0x00, 0x00, 0x1D, 0x03, 0x00, 0x00, 0x1C, 0x03, 0x00, 0x00, 
0x1B, 0x03, 0x00, 0x00, 0x3D, 0x00, 0x04, 0x00, 0x0C, 0x00, 
0x00, 0x00, 0x1E, 0x03, 0x00, 0x00, 0xE8, 0x02, 0x00, 0x00, 
0x8E, 0x00, 0x05, 0x00, 0x13, 0x00, 0x00, 0x00, 0x1F, 0x03, 
0x00, 0x00, 0x56, 0x00, 0x00, 0x00, 0x1E, 0x03, 0x00, 0x00, 
0x81, 0x00, 0x05, 0x00, 0x13, 0x00, 0x00, 0x00, 0x20, 0x03, 
0x00, 0x00, 0x1D, 0x03, 0x00, 0x00, 0x1F, 0x03, 0x00, 0x00, 
0x3D, 0x00, 0x04, 0x00, 0x0C, 0x00, 0x00, 0x00, 0x21, 0x03, 
0x00, 0x00, 0xEB, 0x02, 0x00, 0x00, 0x41, 0x00, 0x05, 0x00, 
0xB7, 0x00, 0x00, 0x00, 0x22, 0x03, 0x00, 0x00, 0xCE, 0x02, 
0x00, 0x00, 0x39, 0x02, 0x00, 0x00, 0x3D, 0x00, 0x04, 0x00, 
0x0C, 0x00, 0x00, 0x00, 0x23, 0x03, 0x00, 0x00, 0x22, 0x03, 
0x00, 0x00, 0x41, 0x00, 0x05, 0x00, 0xB7, 0x00, 0x00, 0x00, 
0x24, 0x03, 0x00, 0x00, 0xCE, 0x02, 0x00, 0x00, 0xF2, 0x02, 
0x00, 0x00, 0x3D, 0x00, 0x04, 0x00, 0x0C, 0x00, 0x00, 0x00, 
0x25, 0x03, 0x00, 0x00, 0x24, 0x03, 0x00, 0x00, 0x7F, 0x00, 
0x04, 0x00, 0x0C, 0x00, 0x00, 0x00, 0x26, 0x03, 0x00, 0x00, 
0x25, 0x03, 0x00, 0x00, 0x50, 0x00, 0x06, 0x00, 0x13, 0x00, 
0x00, 0x00, 0x27, 0x03, 0x00, 0x00, 0x23, 0x03, 0x00, 0x00, 
0x26, 0x03, 0x00, 0x00, 0x54, 0x00, 0x00, 0x00, 0x8E, 0x00, 
0x05, 0x00, 0x13, 0x00, 0x00, 0x00, 0x28, 0x03, 0x00, 0x00, 
0x27, 0x03, 0x00, 0x00, 0x21, 0x03, 0x00, 0x00, 0x81, 0x00, 
0x05, 0x00, 0x13, 0x00, 0x00, 0x00, 0x29, 0x03, 0x00, 0x00, 
0x20, 0x03, 0x00, 0x00, 0x28, 0x03, 0x00, 0x00, 0x51, 0x00, 
0x05, 0x00, 0x0C, 0x00, 0x00, 0x00, 0x2A, 0x03, 0x00, 0x00, 
0x04, 0x03, 0x00, 0x00, 0x00, 0x00, 0x00, 0x00, 0x51, 0x00, 
0x05, 0x00, 0x0C, 0x00, 0x00, 0x00, 0x2B, 0x03, 0x00, 0x00, 
0x04, 0x03, 0x00, 0x00, 0x01, 0x00, 0x00, 0x00, 0x51, 0x00, 
0x05, 0x00, 0x0C, 0x00, 0x00, 0x00, 0x2C, 0x03, 0x00, 0x00, 
0x04, 0x03, 0x00, 0x00, 0x02, 0x00, 0x00, 0x00, 0x51, 0x00, 
0x05, 0x00, 0x0C, 0x00, 0x00, 0x00, 0x2D, 0x03, 0x00, 0x00, 
0x17, 0x03, 0x00, 0x00, 0x00, 0x00, 0x00, 0x00, 0x51, 0x00, 
0x05, 0x00, 0x0C, 0x00, 0x00, 0x00, 0x2E, 0x03, 0x00, 0x00, 
0x17, 0x03, 0x00, 0x00, 0x01, 0x00, 0x00, 0x00, 0x51, 0x00, 
0x05, 0x00, 0x0C, 0x00, 0x00, 0x00, 0x2F, 0x03, 0x00, 0x00, 
0x17, 0x03, 0x00, 0x00, 0x02, 0x00, 0x00, 0x00, 0x51, 0x00, 
0x05, 0x00, 0x0C, 0x00, 0x00, 0x00, 0x30, 0x03, 0x00, 0x00, 
0x29, 0x03, 0x00, 0x00, 0x00, 0x00, 0x00, 0x00, 0x51, 0x00, 
0x05, 0x00, 0x0C, 0x00, 0x00, 0x00, 0x31, 0x03, 0x00, 0x00, 
0x29, 0x03, 0x00, 0x00, 0x01, 0x00, 0x00, 0x00, 0x51, 0x00, 
0x05, 0x00, 0x0C, 0x00, 0x00, 0x00, 0x32, 0x03, 0x00, 0x00, 
0x29, 0x03, 0x00, 0x00, 0x02, 0x00, 0x00, 0x00, 0x50, 0x00, 
0x06, 0x00, 0x13, 0x00, 0x00, 0x00, 0x33, 0x03, 0x00, 0x00, 
0x2A, 0x03, 0x00, 0x00, 0x2B, 0x03, 0x00, 0x00, 0x2C, 0x03, 
0x00, 0x00, 0x50, 0x00, 0x06, 0x00, 0x13, 0x00, 0x00, 0x00, 
0x34, 0x03, 0x00, 0x00, 0x2D, 0x03, 0x00, 0x00, 0x2E, 0x03, 
0x00, 0x00, 0x2F, 0x03, 0x00, 0x00, 0x50, 0x00, 0x06, 0x00, 
0x13, 0x00, 0x00, 0x00, 0x35, 0x03, 0x00, 0x00, 0x30, 0x03, 
0x00, 0x00, 0x31, 0x03, 0x00, 0x00, 0x32, 0x03, 0x00, 0x00, 
0x50, 0x00, 0x06, 0x00, 0x28, 0x00, 0x00, 0x00, 0x36, 0x03, 
0x00, 0x00, 0x33, 0x03, 0x00, 0x00, 0x34, 0x03, 0x00, 0x00, 
0x35, 0x03, 0x00, 0x00, 0xFE, 0x00, 0x02, 0x00, 0x36, 0x03, 
0x00, 0x00, 0x38, 0x00, 0x01, 0x00, };
const int aftershock_structure_vert_spv_size = 49996;
